"Electricity consumption, total (kWh)";"1960";"1961";"1962";"1963";"1964";"1965";"1966";"1967";"1968";"1969";"1970";"1971";"1972";"1973";"1974";"1975";"1976";"1977";"1978";"1979";"1980";"1981";"1982";"1983";"1984";"1985";"1986";"1987";"1988";"1989";"1990";"1991";"1992";"1993";"1994";"1995";"1996";"1997";"1998";"1999";"2000";"2001";"2002";"2003";"2004";"2005";"2006";"2007";"2008";"2009";"2010";"2011"
"Abkhazia";;;;;;;;;;;;;;;;;;;;;;;;;;;;;;;;;;;;;;;;;;;;;;;;;;;;
"Afghanistan";;;;;;;;;;;;;;;;;;;;;;;;;;;;;;;;;;;;;;;;;;;;;;;;;;;;
"Akrotiri and Dhekelia";;;;;;;;;;;;;;;;;;;;;;;;;;;;;;;;;;;;;;;;;;;;;;;;;;;;
"Albania";;;;;;;;;;;;1164000000;1275000000;1363000000;1389000000;1778000000;2234000000;2684000000;2819000000;2790000000;3054000000;3064000000;3054000000;3045000000;2957000000;2361000000;4294000000;3583000000;3161000000;3297000000;1717000000;1301000000;1436000000;1684000000;1876000000;2057000000;2809000000;2143000000;2258000000;4366000000;4438000000;4097000000;4763000000;4466000000;5441000000;5186000000;3646000000;3603000000;4768000000;5379000000;5673000000;
"Algeria";;;;;;;;;;;;1991000000;2184000000;2494000000;2756000000;3250000000;3760000000;4099000000;5050000000;5866000000;6349000000;7205000000;8305000000;8810000000;9604000000;10464000000;11211000000;10827000000;11779000000;13109000000;13693000000;14058000000;15130000000;15144000000;15545000000;16102000000;16697000000;17123000000;18674000000;19991000000;21211000000;22302000000;23280000000;25373000000;26288000000;29524000000;29013000000;30555000000;32900000000;30304000000;36402000000;
"American Samoa";;;;;;;;;;;;;;;;;;;;;;;;;;;;;;;;;;;;;;;;;;;;;;;;;;;;
"Andorra";;;;;;;;;;;;;;;;;;;;;;;;;;;;;;;;;;;;;;;;;;;;;;;;;;;;
"Angola";;;;;;;;;;;;556000000;628000000;738000000;922000000;979000000;439000000;439000000;439000000;472000000;506000000;506000000;540000000;587000000;502000000;604000000;604000000;607000000;611000000;614000000;630000000;667000000;677000000;680000000;684000000;687000000;736000000;1031000000;1126000000;1141000000;1234000000;1400000000;1507000000;1737000000;1642000000;2124000000;2916000000;2786000000;3740000000;4261000000;4730000000;
"Anguilla";;;;;;;;;;;;;;;;;;;;;;;;;;;;;;;;;;;;;;;;;;;;;;;;;;;;
"Antigua and Barbuda";;;;;;;;;;;;;;;;;;;;;;;;;;;;;;;;;;;;;;;;;;;;;;;;;;;;
"Argentina";;;;;;;;;;;;21214000000;22812000000;24111000000;25290000000;26176000000;27118000000;28841000000;29589000000;33437000000;34693000000;33938000000;34803000000;36846000000;38682000000;38945000000;40841000000;44090000000;45993000000;42447000000;42534000000;44577000000;47289000000;50850000000;52546000000;57428000000;60910000000;65893000000;70947000000;74167000000;77016000000;79046000000;75910000000;83042000000;88272000000;93671000000;85363000000;93656000000;111235000000;110523000000;117375000000;
"Armenia";;;;;;;;;;;;;;;;;;;;;;;;;;;;;;;9633000000;9428000000;6757000000;4019000000;3433000000;3379000000;3865000000;4728000000;4068000000;4039000000;3983000000;3872000000;3751000000;3985000000;4322000000;4536000000;4851000000;5200000000;4854000000;4783000000;4967000000;
"Aruba";;;;;;;;;;;;;;;;;;;;;;;;;;;;;;;;;;;;;;;;;;;;;;;;;;;;
"Australia";18778721348,1819;20432505463,3216;21529655691,6775;24115596564,5662;26885596044,6852;29821871676,1503;32123590874,603;35313646498,0931;37769247230,5771;41477939775,6666;45949112041,2569;48725759770,0394;51371448235,9414;56991931939,4619;62686201869,8535;66415201538,6166;68955526209,3636;74713544259,0896;77883802155,9409;82365405264,1588;87012989628,7776;91694766537,8174;96570212848,399;97610482555,1435;104298300432,707;110805027889,834;117431538211,057;122897224804,198;129458422966,09;137005392481,444;145782796013,736;147609192258,794;149882721278,765;154259699447,671;157935832923,327;162963482023,904;166860668348,752;172118750206,783;183291609049,436;190169738206,7;195359711097,165;206156271930,768;211981009451,897;212890827934,095;218489752636,307;213370189562,045;218009582469,236;229178304237,466;228595751273,856;228954599566,321;226636263962,188;
"Austria";12780099014,1381;13327137686,9647;14297099223,211;15236284327,444;16123325872,3489;16755374401,9473;17367933756,6747;18010229160,4254;19289735398,6021;20917314259,3355;22540443481,1652;24091160688,0731;25623631952,0119;27337553320,5073;28525324709,1277;28301487549,5834;30839181523,0272;31345952912,8234;32800968798,5343;34318362999,3013;35362025369,3224;35438614443,8088;35683607778,5729;36425645816,996;38290886390,0683;39920673911,3164;40287917411,2268;41993563374,9488;43477067547,7373;45005108450,9133;46878160096,7719;48997854269,5184;48439067836,85;48113891117,2578;48990045038,3928;50346718049,8719;52596560651,6483;52775251012,8901;53493493091,7691;55670802191,7029;56643499248,9608;58948038386,5646;60038185277,4025;62593589365,4351;63913087777,2864;65676840127,815;68037558287,9944;67976581867,7697;68331974561,3671;66586718873,9163;70138363283,5747;
"Azerbaijan";;;;;;;;;;;;;;;;;;;;;;;;;;;;;;;18636164548,1212;18862622430,2022;16515791919,534;15537819212,8085;15674648625,7733;14819296326,0898;14966017749,5813;14295278286,3522;16212346528,4974;16253353339,1375;16549760682,4789;17254063817,9308;17406671493,0953;19726895423,0578;20668074198,2785;20674986338,65;21872882016,4888;18682704613,5201;18251745030,4676;14692424403,3609;14731979520,3003;
"Bahamas";;;;;;;;;;;;;;;;;;;;;;;;;;;;;;;;;;;;;;;;;;;;;;;;;;;;
"Bahrain";;;;;;;;;;;;430000000;450000000;500000000;575000000;700000000;900000000;1110000000;1212000000;1474000000;1660000000;1814000000;2009000000;2216000000;2093000000;2429000000;2887000000;2708000000;2954000000;3093000000;3240000000;3163000000;3700000000;4044000000;4386000000;4550000000;4800000000;4955000000;5313000000;5563000000;5740000000;6203000000;6735000000;7465000000;8051000000;8456000000;9317000000;10763000000;10194000000;10777000000;12384000000;
"Bangladesh";;;;;;;;;;;;710000000;710000000;1042000000;1178000000;1211000000;1261000000;1367000000;1651000000;1661000000;1522000000;1867000000;2168000000;2537000000;2867000000;3041000000;3535000000;3769000000;4174000000;5094000000;5136000000;5324000000;6523000000;7414000000;8013000000;9010000000;9640000000;10063000000;10895999912,6947;12164000000;13354000000;14978999886,4751;16293000000;17441000000;22645999836,6483;24540000000;28101000197,4029;29684000000;33268000000;36997000000;41466000000;
"Barbados";;;;;;;;;;;;;;;;;;;;;;;;;;;;;;;;;;;;;;;;;;;;;;;;;;;;
"Belarus";;;;;;;;;;;;;;;;;;;;;;;;;;;;;;;44946729698,6947;45519653533,2548;40296730574,1973;35542074115,8316;31582900680,5515;28664842443,6924;28750739168,8976;30134043355,9356;30637666971,7946;30351763568,7095;30059833545,2274;29997523935,1832;29718487690,8816;30141595903,0858;31033763274,1271;31521845996,4211;32477234789,6224;32536721332,921;33445866492,3974;31785575024,7186;34196705336,2487;
"Belgium";14427080019,3238;14992524809,5917;16254545330,5639;17549610308,759;19361082003,7037;20417493755,4333;21379118551,6247;22443029745,0441;24807521756,8675;27145415972,9099;29178111163,6428;31078870577,3769;35027346305,7538;38355659292,6095;40359373907,4225;38049373381,4932;41660273479,723;43276011431,6284;45477912531,6301;48295001114,4978;48191542539,4772;48354817509,5563;48264876272,574;49616496077,7311;51984797569,1836;54146933974,9783;55345561385,9628;58014739960,2684;59938597052,9802;61574568636,7777;63477857449,2853;66396576875,6136;68537253341,7593;69031493749,3524;72175247008,8041;74386812530,1932;76016044242,9911;77889422512,0798;80148624529,2565;80619976556,7986;83925756031,3132;84418431199,5155;85230355332,5652;86668720954,5213;88823886720,0383;88624888108,5166;90961395924,6899;90786038899,0843;90346331522,4978;84253704869,7202;89847063576,2361;
"Belize";;;;;;;;;;;;;;;;;;;;;;;;;;;;;;;;;;;;;;;;;;;;;;;;;;;;
"Benin";;;;;;;;;;;;32000000;36000000;58000000;54000000;59000000;65000000;73000000;;;;;;;135000000;;;;;;;;;;225000000;;271000000;301000000;290000000;346000000;399000000;;;;;;617000000;674000000;751000000;;;
"Bermuda";;;;;;;;;;;;;;;;;;;;;;;;;;;;;;;;;;;;;;;;;;;;;;;;;;;;
"Bhutan";;;;;;;;;;;;;;;;;;;;;;;;;;;;;;;;;;;;;;;;;;;;;;;;;;;;
"Bolivia";;;;;;;;;;;;760000000;815000000;832000000;889000000;948000000;1021000000;1131000000;1216000000;1296000000;1414000000;1516000000;1541000000;1508000000;1529000000;1514000000;1483000000;1505000000;1617000000;1733000000;1827000000;1967000000;2077000000;2286000000;2485000000;2680000000;2877000000;3082000000;3280000000;3453000000;3501000000;3558000000;3741000000;3874000000;4034000000;4367000000;4727000000;5114000000;5187000000;5458000000;6121000000;
"Bosnia and Herzegovina";;;;;;;;;;;;;;;;;;;;;;;;;;;;;;;13112000000;9202000000;4705000000;2887000000;3519000000;3673000000;4240000000;5173000000;6627000000;6867000000;7616000000;7768000000;7865000000;8403000000;8740000000;8998000000;8979000000;8965000000;11212000000;10803000000;11693000000;
"Botswana";;;;;;;;;;;;;;;;;;;;;;546000000;604000000;623000000;661000000;710000000;837000000;978000000;863000000;908000000;990000000;1131000000;1262000000;1290000000;1381000000;1375000000;1448000000;1585000000;1728000000;1728000000;1592000000;2023000000;2252000000;2408000000;2526000000;2666000000;2737000000;2872000000;2956000000;2989000000;3184000000;
"Brazil";;;;;;;;;;;;44832000000;49834000000;56717000000;63344000000;69852000000;79278000000;88839000783,1219;99039000000;111007000000;122705000000;126232000000;133575000000;143913001103,128;160000000000;173564000000;187069000000;192755000000;203898000000;212166000000;217658000000;225383998518,642;230472998509,058;241170001536,253;249793000000;264805000000;277719000000;294691000000;307030001812,352;315753000000;331639001901,323;309728001751,091;324364998190,828;342212998115,91;359946000000;375194997982,681;389950997925,331;412128002171,402;428251000000;426029997795,408;464700002383,731;
"British Virgin Islands";;;;;;;;;;;;;;;;;;;;;;;;;;;;;;;;;;;;;;;;;;;;;;;;;;;;
"Brunei";;;;;;;;;;;;238000000;238000000;235000000;239000000;239000000;239000000;239000000;239000000;239000000;328000000;453000000;543000000;653000000;718000000;733000000;743000000;996000000;1047000000;1081000000;1119000000;1191000000;1320000000;1484000000;1615000000;1897000000;2080000000;2378000000;2475000000;2406000000;2514000000;2272000000;2361000000;2799000000;3142000000;3149000000;3122000000;3230000000;3259000000;3394000000;3494000000;
"Bulgaria";;;;;;;;;;;;19581869472,535;21357393521,4897;23176543103,6913;24674685393,2222;26472890717,0972;28431886633,4673;30198216543,7724;32143380571,2301;33330493127,7575;35213003973,6908;36667993557,0525;39206666636,0152;40955347850,6864;42732252105,8951;41919391822,843;41615104948,7669;43272967028,1838;44057384857,5163;44056287703,2844;41966852156,4266;38129634780,1246;32317091588,4051;32557693359,5348;32324405966,6083;35190789340,1278;35991264938,6703;32547166842,2347;31971543309,4669;29149181887,7591;29411477042,5886;30628523658,8938;30295883671,1289;31150797130,3846;30681586848,0295;31897764520,8594;33152042384,6152;34043197517,5736;34876647704,5988;33192164439,3485;33548133787,2757;
"Burkina Faso";;;;;;;;;;;;;;;;;;;;;;;;;;;;;;;;;;;;;;;;;;;;;;;;;;;;
"Burundi";;;;;;;;;;;;;;;;;;;;;;;;;;;;;;;;;;;;;;;;;;;;;;;;;;;;
"Cambodia";;;;;;;;;;;;;;;;;;;;;;;;;;;;;;;;;;;;144000000;220000000;274000000;309000000;359000000;398000000;453000000;636000000;662000000;728000000;886000000;1088000000;1376000000;1591000000;1803000000;2065000000;
"Cameroon";;;;;;;;;;;;1019000000;1068000000;1079000000;1229000000;1303000000;1272000000;1223000000;1265000000;1297000000;1346000000;1763000000;2027000000;2020000000;1997000000;2253000000;2167000000;2228000000;2323000000;2403000000;2345000000;2334000000;2360000000;2457000000;2213000000;2177000000;2314000000;2516000000;2539000000;2681000000;2719000000;2631000000;2536000000;2808000000;3320000000;3306000000;4477000000;4753000000;5143000000;5243000000;5319000000;
"Canada";100839000000;102483916901,045;107894200105,942;113147875174,014;124910716021,527;135973034549,497;147756766122,556;156432700355,134;168090438026,803;182114453015,028;194630845950,572;205066220180,401;221291008243,191;232884731327,552;247540873663,219;241534563696,497;258603522391,785;278714318381,241;293266672665,793;300323566200,519;312918729628,187;326883419728,876;323639276411,198;338822891188,718;364960663260,447;382473689370,904;400671266144,329;417884445236,158;439891169555,605;448289158414,259;446240812846,677;451758156706,321;456459313251,189;466046320990,499;473591507759,105;483580348238,877;490256794911,886;495769325800,608;493429535886,062;505142812736,17;521056269160,083;520470825526,368;530525601965,723;543387662943,995;550561186011,408;559123895136,389;546878965212,382;555560922176,502;548219674512,077;509122941226,676;514929102224,594;
"Cape Verde";;;;;;;;;;;;;;;;;;;;;;;;;;;;;;;;;;;;;;;;;;;;;;;;;;;;
"Cayman Islands";;;;;;;;;;;;;;;;;;;;;;;;;;;;;;;;;;;;;;;;;;;;;;;;;;;;
"Central African Republic";;;;;;;;;;;;;;;;;;;;;;;;;;;;;;;;;;;;;;;;;;;;;;;;;;;;
"Chad";;;;;;;;;;;;;;;;;;;;;;;;;;;;;;;;;;;;;;;;;;;;;;;;;;;;
"Channel Islands";;;;;;;;;;;;;;;;;;;;;;;;;;;;;;;;;;;;;;;;;;;;;;;;;;;;
"Chile";;;;;;;;;;;;7569000000;7960000000;7780000000;8349000000;7745000000;8269000000;8671000000;9249000000;9864000000;10309000000;10645000000;10421000000;10794000000;11678000000;12112000000;12796000000;13331000000;14409000000;15785000000;16429000000;17732000000;19991000000;21123000000;22506000000;25100000000;28103000000;30598000000;32606000000;36284000000;38345000000;40787000000;42785000000;45929000000;49077000000;50096000000;52701000000;55202000000;55777000000;55666000000;56425000000;
"China";;;;;;;;;;;;126470356563,129;139355465876,297;152642283070,311;154617411429,04;179693096165,875;186669974021,902;205564691377,017;236097887789,551;259400954872,993;276885122883,142;284865304538,312;302361878622,587;324974445375,409;350001985001,519;383339693707,775;420230258558,039;465756968078,706;512751891563,683;549901961929,111;584694860381,559;637160692035,917;710540353644,153;787550376252,58;873517954616,348;934992012008,906;1006638685903,5;1055448208818;1087301790970,51;1150999291686,22;1260660611861,65;1376355005324,3;1537258326913,61;1785146383091,82;2063678185621,14;2332556732491,75;2684311219671,61;3079379743512,62;3264285572302,75;3514182722345,11;3948255236313,41;
"Christmas Island";;;;;;;;;;;;;;;;;;;;;;;;;;;;;;;;;;;;;;;;;;;;;;;;;;;;
"Cocos Island";;;;;;;;;;;;;;;;;;;;;;;;;;;;;;;;;;;;;;;;;;;;;;;;;;;;
"Colombia";;;;;;;;;;;;9086000000;8987000000;9932000000;11089000000;10975000000;11587000000;12943000000;14621000000;15980000000;17143000000;17440000000;18529000000;19068000000;21129000000;22619000000;24743000000;24492000000;25605000000;27637000000;28852000000;29410000000;26805000000;30628000000;32551000000;33525000000;33780000000;34621000000;34308000000;32281000000;33511000000;34858000000;35695000000;36357000000;38381000000;38776000000;41536000000;43260000000;43759000000;47726000000;46867000000;
"Comoros";;;;;;;;;;;;;;;;;;;;;;;;;;;;;;;;;;;;;;;;;;;;;;;;;;;;
"Congo, Dem. Rep.";;;;;;;;;;;;3337000000;3354000000;3630000000;3772000000;3830000000;3813000000;3840000000;3703000000;3668000000;3978000000;3668000000;3613000000;3921000000;4116000000;4427000000;4623000000;4598000000;4733000000;5672000000;4530000000;4506000000;4302000000;3982000000;4078000000;4527000000;4483000000;4181000000;4189000000;4388000000;4549000000;4627000000;4475000000;4639000000;4680000000;4901000000;5758000000;6152000000;6114000000;6668000000;6277000000;
"Congo, Rep.";;;;;;;;;;;;77000000;81000000;91000000;95000000;102000000;109000000;115000000;121000000;131000000;148000000;128000000;197000000;193000000;298000000;232000000;372000000;390000000;375000000;390000000;410000000;448000000;442000000;411000000;380000000;410000000;430000000;370000000;327000000;211000000;299000000;337000000;382000000;391000000;370000000;425000000;471000000;486000000;543000000;600000000;588000000;
"Cook Is";;;;;;;;;;;;;;;;;;;;;;;;;;;;;;;;;;;;;;;;;;;;;;;;;;;;
"Costa Rica";;;;;;;;;;;;1148000000;1267000000;1347000000;1468000000;1531000000;1647000000;1760000000;1925000000;1997000000;2226000000;2365000000;2356000000;2382000000;2637000000;2757000000;3027000000;3303000000;3383000000;3272000000;3344000000;3592000000;4619000000;4495000000;4384000000;4526000000;4540000000;5057000000;4996000000;5578000000;5971000000;5994000000;6392000000;6844000000;7096000000;7376000000;7921000000;8305000000;8432000000;8342000000;8643000000;
"Cote d'Ivoire";;;;;;;;;;;;517000000;581000000;669000000;717000000;808000000;937000000;1044000000;1188000000;1528000000;1469000000;1586000000;1635000000;1627000000;1257000000;1499000000;1563000000;1825000000;1941000000;1849000000;1913000000;1835000000;1961000000;1914000000;2012000000;2504000000;2370000000;2603000000;2915000000;2819000000;2863000000;3071000000;3044000000;3069000000;3121000000;3154000000;3408000000;3587000000;3836000000;4056000000;4137000000;
"Croatia";;;;;;;;;;;;;;;;;;;;;;;;;;;;;;;13510019079,4979;12356446835,4767;10457339267,1141;10143824703,4483;10267983792,9032;10694002290,4262;11356808580,3293;11974216106,7367;12149713460,5643;12409846907,3342;12797912534,1166;12913929342,3423;13764171597,2973;14022189277,027;14747875013,7418;15439951337,2355;16120425250,6757;16542605297,5654;17136445926,7028;16371685097,3132;16792056097,7818;
"Cuba";;;;;;;;;;;;4486000000;4648000000;5023000000;5326000000;5882000000;6406000000;6952000000;7658000000;8444000000;8274000000;9533000000;10008000000;10493000000;11199000000;10126000000;10933000000;11226000000;11930000000;12450000000;12847000000;11195000000;9711000000;9065000000;9738000000;10010000000;10660000000;11432000000;11540000000;11977000000;12661000000;12927000000;13273000000;13401000000;13223000000;13008000000;13820000000;14651000000;14869000000;14979000000;14629000000;
"Cyprus";;;;;;;;;;;;615000000;712000000;774000000;670000000;669000000;749000000;810000000;865000000;924000000;970000000;990000000;1063000000;1149000000;1175000000;1243000000;1334000000;1411000000;1540000000;1724000000;1863000000;1943000000;2272000000;2460000000;2560000000;2382000000;2460000000;2555000000;2815000000;2943000000;3182000000;3318000000;3618000000;3893000000;3988000000;4213000000;4431000000;4656000000;4925000000;5044000000;5160000000;
"Czech Republic";;;;;;;;;;;;33624804588,3636;35438433325,4422;36913579635,942;38381473843,7631;40285298589,0709;41940840340,8316;43401582213,3741;45763423615,2593;44898424186,2954;47050733335,0608;47728695472,3278;48156294999,0625;49578092983,8618;51095066706,5626;52963491236,1453;54173413199,5942;56106449102,0765;56699118937,5348;57445673525,7408;57699420311,9897;54177388874,5858;52369270897,7304;51934018166,9539;53542808474,9274;56453694171,0443;59070063956,8188;58275887490,949;57610195053,7444;56368757142,746;58325407319,7861;60134546965,1661;60130369197,8708;61878252493,5434;63442753102,5793;64820662973,821;66777706729,7009;66995956444,4522;67083322231,0754;63828931716,9023;66326393921,0965;
"Czechoslovakia";;;;;;;;;;;;;;;;;;;;;;;;;;;;;;;;;;;;;;;;;;;;;;;;;;;;
"Denmark";4990181965,55466;5500314030,63564;6302583050,59656;7017907742,00696;7671505219,1072;8655150948,3481;9515130242,9388;10280487000,5381;11377894707,8481;12832332980,0935;14259846659,107;15171630998,6891;16693315531,9461;17190775222,1736;16355754974,1868;17278246299,8003;19268351877,4213;20378853788,5736;22038813394,2551;23243238374,9143;23561995400,766;23521646061,0141;23968861371,5632;24262281115,078;25473206454,5499;27364053511,2505;28734254755,461;29649071007,2744;30005544928,9952;30031558280,6667;30562564758,6949;32050600828,2796;32254178293,1796;32741293436,3381;34083523273,3021;33622942177,4446;34930748908,1476;34869981172,721;34470275548,5775;34629467092,6129;34613254513,8077;34762294517,2439;35089560929,0744;35550810881,5499;35725930136,6652;36088079908,0051;37144662535,1831;36470293257,9295;35924120138,6117;34363064848,2418;35115558008,6317;
"Djibouti";;;;;;;;;;;;;;;;;;;;;;;;;;;;;;;;;;;;;;;;;;;;;;;;;;;;
"Dominica";;;;;;;;;;;;;;;;;;;;;;;;;;;;;;;;;;;;;;;;;;;;;;;;;;;;
"Dominican Republic";;;;;;;;;;;;1068000000;1687000000;1955000000;1829000000;2072000000;2013000000;2280000000;2269000000;2675000000;2561000000;2630000000;1991000000;2270000000;2815000000;3082000000;3199000000;3222000000;2617000000;2348000000;2791000000;2918000000;4035000000;3870000000;4081000000;3923000000;5086000000;5200000000;5598000000;5573000000;6258000000;9070000000;11131000000;11940000000;10439000000;11821000000;12214000000;13094000000;13461000000;13306000000;14317000000;
"East Germany";;;;;;;;;;;;;;;;;;;;;;;;;;;;;;;;;;;;;;;;;;;;;;;;;;;;
"Ecuador";;;;;;;;;;;;903000000;961000000;1080000000;1186000000;1372000000;1605000000;1860000000;2211000000;2546000000;2873000000;3151000000;3395000000;3524000000;3641000000;3604000000;3884000000;4303000000;4408000000;4455000000;4918000000;5330000000;5599000000;5671000000;6163000000;6325000000;7164000000;7825000000;8375000000;7898000000;8051000000;8354000000;8602000000;8944000000;9979000000;10469000000;11765000000;13022000000;15335000000;15908000000;15261000000;
"Egypt";;;;;;;;;;;;7216000000;7240000000;7282000000;8211000000;9260000000;10799000000;12438000000;13309000000;14673000000;16544000000;18561000000;20861000000;23526000000;25024000000;24487000000;29867000000;32255000000;33914000000;36015000000;38049000000;39871000000;40965000000;42779000000;44413000000;46460000000;51100000000;54649000000;58608000000;63590000000;67246000000;72171000000;77129000000;83505000000;88285000000;95308000000;102475000000;110816000000;116207000000;123448000000;130437000000;
"El Salvador";;;;;;;;;;;;639000000;702000000;807000000;876000000;872000000;1018000000;1125000000;1247000000;1307000000;1256000000;1211000000;1210000000;1326000000;1394000000;1463000000;1506000000;1617000000;1687000000;1714000000;1857000000;1981000000;2085000000;2403000000;2634000000;2845000000;2937000000;3194000000;3308000000;3441000000;3621000000;3716000000;3979000000;4159000000;4160000000;4579000000;4969000000;5382000000;5298000000;5206000000;5296000000;
"Equatorial Guinea";;;;;;;;;;;;;;;;;;;;;;;;;;;;;;;;;;;;;;;;;;;;;;;;;;;;
"Eritrea";;;;;;;;;;;;;;;;;;;;;;;;;;;;;;;;;123000000;128000000;141000000;148000000;169000000;185000000;163000000;176000000;172000000;194000000;216000000;233000000;235000000;242000000;232000000;245000000;242000000;260000000;272000000;
"Eritrea and Ethiopia";;;;;;;;;;;;;;;;;;;;;;;;;;;;;;;;;;;;;;;;;;;;;;;;;;;;
"Estonia";;;;;;;;;;;;;;;;;;;;;;;;;;;;;;;9233911174,2866;8977277299,76161;7245242363,30394;5919793450,09263;6332433062,52111;6210570702,07165;6600214035,23892;6845822122,34778;6655381421,71588;6233459771,13431;6344711749,04985;6500903716,80689;6645203467,57502;7123558933,97914;7393388894,90028;7492663870,4343;7907888886,65599;8423533596,88508;8519330896,74977;7983080492,67648;8669328401,58757;
"Ethiopia";;;;;;;;;;;;552000000;564000000;551000000;542000000;537000000;531000000;505000000;535000000;596000000;635000000;682000000;728000000;780000000;842000000;809000000;835000000;881000000;864000000;866000000;1082000000;1088000000;1117000000;1245000000;1306000000;1374000000;1443000000;1453000000;1488000000;1480000000;1507000000;1811000000;1840000000;2066000000;2285000000;2560000000;2942000000;3212000000;3419000000;3613000000;4502000000;
"Faeroe Islands";;;;;;;;;;;;;;;;;;;;;;;;;;;;;;;;;;;;;;;;;;;;;;;;;;;;
"Falkland Is (Malvinas)";;;;;;;;;;;;;;;;;;;;;;;;;;;;;;;;;;;;;;;;;;;;;;;;;;;;
"Fiji";;;;;;;;;;;;;;;;;;;;;;;;;;;;;;;;;;;;;;;;;;;;;;;;;;;;
"Finland";8298687498,33508;9763725267,06426;10737742350,287;11211377050,2966;12343410526,8434;13410793363,8522;14634315404,5663;15333454722,6246;16649874094,4768;18708812472,4657;21053587589,7981;22602999877,9304;25619003086,435;28229687750,8127;28807754205,3489;28015952428,9814;30940730526,9693;31877766839,6603;34819476042,6451;37772034898,5978;39649610098,0535;40777187835,5754;41182429465,4598;44281587393,5574;47857811858,6514;51389000000;52277697249,8218;56077871482,5239;58322294128,8969;59782981693,9548;62259124856,8365;62467884054,6179;63005573102,0597;65862246981,3658;69191269561,9567;69422163096,76;70327288041,95;74287645045,4149;76474269954,8928;77821551058,0442;79172552329,3206;81455574085,4679;83874857091,4345;85677224656,408;87666688860,6572;84517732563,796;90642285301,0899;90790362883,8358;86920986656,9403;81413771311,9497;88422680450,211;
"France";66806144088,4386;71730826835,4046;77593166198,9913;83285049105,597;91398599976,1868;96922883382,6312;103175184129,259;108576210804,046;113440046740,827;124507975087,932;133354895886,015;140794225566,179;151089083094,962;164394071664,551;170951252548,028;171474342059,15;190405575178,628;196388962146,806;210125050754,889;225524541054,689;238237232390,899;247926605718,225;251203879764,473;257526479060,636;271731308057,605;290542442556,325;305990245197,044;315538910528,343;322032112977,157;330553736716,801;338243482814,167;362247549326,569;370562091161,669;370733648919,047;376453235063,445;382752847931,723;400591988182,367;397659488257,998;409614565517,908;420044754651,096;427359581570,281;436371380077,793;436450573076,488;453275283611,172;464491185629,022;466960332464,099;462571161927,412;464312973020,408;475114176198,124;458336407867,945;485255972719,655;
"French Guiana";;;;;;;;;;;;;;;;;;;;;;;;;;;;;;;;;;;;;;;;;;;;;;;;;;;;
"French Polynesia";;;;;;;;;;;;;;;;;;;;;;;;;;;;;;;;;;;;;;;;;;;;;;;;;;;;
"Gabon";;;;;;;;;;;;112000000;131000000;162000000;190000000;249000000;324000000;439000000;432000000;516000000;526000000;590000000;660000000;723000000;787000000;852000000;878000000;883000000;897000000;771000000;873000000;885000000;888000000;893000000;810000000;837000000;945000000;978000000;1075000000;1083000000;1081000000;1113000000;1182000000;1213000000;1230000000;1261000000;1343000000;1430000000;1503000000;1521000000;1512000000;
"Gambia";;;;;;;;;;;;;;;;;;;;;;;;;;;;;;;;;;;;;;;;;;;;;;;;;;;;
"Georgia";;;;;;;;;;;;;;;;;;;;;;;;;;;;;;;16593757893,7943;14612157480,7171;11361627937,4166;10176236298,9962;10202957305,8252;7443280274,39797;5590300206,66797;6294267730,60288;6981270040,78176;7015882120,15722;6894748101,0796;6790226419,61517;6984175270,14;7299942294,8093;7458194076,83579;7677595128,40503;6934968991,58709;7108356846,23097;7258043282,61514;6933078117,34833;7585736095,04132;
"Germany";115538998413,251;123605204620,122;132633917164,133;143240814643,687;155289708146,543;166680010971,03;176031161890,975;182007340552,463;199872881058,237;219195014740,838;299714992331,643;318646136948,395;340574521921,59;366048277759,058;377896903693,324;373223023719,724;404800153275,306;415423633049,843;437765653931,385;453762318557,593;453878005797,5;455626872052,075;453797509158,626;464019025552,437;484763848042,643;500954012897,08;507944424629,669;519796619733,885;530315029484,449;537512449088,125;525190121465,921;522898589369,089;517494005645,275;508897123577,482;508934000838,598;518425722955,057;526356164585,434;529175083535,7;533589047966,941;535642701603,027;546420496516,327;557136168653,754;568845319824,419;576014379211,879;584481248101,065;587146307224,282;592125616521,644;592822538315,158;589624668581,186;556488179670,14;593846956416,376;
"Ghana";;;;;;;;;;;;2764000000;3151000000;3668000000;3837000000;3710000000;3917000000;4091000000;3429000000;4217000000;4601000000;4652000000;4327000000;1970000000;1151000000;2083000000;3398000000;3891000000;4226000000;4396000000;4780000000;5110000000;5493000000;5413000000;5567000000;5947000000;6318000000;6927000000;5036000000;6412000000;6332000000;6608000000;6262000000;4645000000;4651000000;5337000000;6612000000;5614000000;6207000000;6580000000;7264000000;
"Gibraltar";;;;;;;;;;;;;;;;;;;;;;;;;;;;;;;;;;;;;;;;;;;;;;;;;;;;
"Greece";2014428823,08286;2285804468,18011;2574767459,65695;2897983579,22668;3471712381,12673;4065319482,29385;5375335112,83427;6417737797,91269;6982004772,00794;8026157668,21038;9002200663,13302;10585050805,3642;12072615815,0617;13795808266,602;14011154683,8426;14979004967,3129;16496197238,2906;17575337225,3405;19765936374,4848;20791376451,3904;21670997752,555;22022441941,1369;22240504879,7627;23877438063,8162;25341589963,2582;26487978669,4583;27167740819,0233;28612181902,3768;31114894963,9548;32353201859,7952;32859639371,139;33543015607,98;35276486008,5945;36182736615,391;37906636655,1423;39312862716,0856;40832630405,7279;42719969010,9149;44971442476,8895;46685897554,8078;49874040057,68;51645916755,6548;53942924487,3035;56079923691,8464;57407628120,3949;58616863528,2982;60271561839,0343;63345294593,2117;64622118170,6765;62751861190,347;59544795336,63;
"Greenland";;;;;;;;;;;;;;;;;;;;;;;;;;;;;;;;;;;;;;;;;;;;;;;;;;;;
"Grenada";;;;;;;;;;;;;;;;;;;;;;;;;;;;;;;;;;;;;;;;;;;;;;;;;;;;
"Guadeloupe";;;;;;;;;;;;;;;;;;;;;;;;;;;;;;;;;;;;;;;;;;;;;;;;;;;;
"Guam";;;;;;;;;;;;;;;;;;;;;;;;;;;;;;;;;;;;;;;;;;;;;;;;;;;;
"Guatemala";;;;;;;;;;;;666000000;758000000;851000000;909000000;973000000;1075000000;1296000000;1446000000;1608000000;1700000000;1420000000;1359000000;1349000000;1400000000;1456000000;1217000000;1426000000;1440000000;1688000000;1857000000;1958000000;2490000000;2416000000;2710000000;3077000000;2760000000;2619000000;3503000000;4135000000;3850000000;4269000000;4432000000;5635000000;5940000000;6068000000;7138000000;7445000000;7430000000;7691000000;8163000000;
"Guernsey";;;;;;;;;;;;;;;;;;;;;;;;;;;;;;;;;;;;;;;;;;;;;;;;;;;;
"Guinea";;;;;;;;;;;;;;;;;;;;;;;;;;;;;;;;;;;;;;;;;;;;;;;;;;;;
"Guinea-Bissau";;;;;;;;;;;;;;;;;;;;;;;;;;;;;;;;;;;;;;;;;;;;;;;;;;;;
"Guyana";;;;;;;;;;;;;;;;;;;;;;;;;;;;;;;;;;;;;;;;;;;;;;;;;;;;
"Haiti";;;;;;;;;;;;59000000;83000000;99000000;115000000;151000000;140000000;162000000;187000000;199000000;233000000;278000000;287000000;300000000;309000000;323000000;351000000;350000000;367000000;391000000;414000000;323000000;295000000;213000000;142000000;234000000;267000000;338000000;302000000;326000000;303000000;303000000;268000000;256000000;256000000;343000000;351000000;243000000;229000000;352000000;244000000;
"Holy See";;;;;;;;;;;;;;;;;;;;;;;;;;;;;;;;;;;;;;;;;;;;;;;;;;;;
"Honduras";;;;;;;;;;;;354000000;366000000;426000000;454000000;491000000;528000000;608000000;628000000;734000000;775000000;851000000;865000000;933000000;990000000;1210000000;1232000000;1482000000;1580000000;1596000000;1823000000;1793000000;1723000000;1844000000;1690000000;2020000000;2358000000;2503000000;2757000000;2845000000;3211000000;3345000000;3591000000;3839000000;4128000000;4274000000;4462000000;4959000000;5179000000;5032000000;5098000000;
"Hong Kong, China";;;;;;;;;;;;5198556411,1438;5337463020,17654;5874716622,02942;5792089132,94264;6268860000;7222022617,08721;8362386374,54458;9337071673,27263;9875953506,29856;10898413249,9852;11486811637,1494;12347388249,5964;13888153972,7975;14908401013,9128;15801684962,0615;17540164439,2354;21358919415,6158;22984736598,1946;22525883541,7326;24206327264,6157;25778430717,6634;26660159102,1464;28068848865,9549;29245042982,4038;29798849676,9058;30813011064,4084;31868414525,1414;34957366780,2619;35257776938,4697;36946432668,2671;37899851721,8474;38613368268,5607;38981437414,1261;39366238660,2786;40031360125,7852;40197159625,9352;40543636561,3133;40631873159,3505;41400841861,3019;41779451975,7209;
"Hungary";;;;;;11509982294,723;12407084142,273;13333836994,9545;14134593102,7422;15081148621,6301;16387271959,2258;17719304695,9948;18997329080,2154;20404319724,1579;21688317217,5609;22601433104,1386;24136830988,4337;25670792832,3086;27826241981,3826;28198392717,6109;28862040640,0002;29276739950,9403;30219337259,838;31357120600,4455;32852060078,5801;33673758373,6175;34326205139,0688;35836945253,3516;35733596911,1272;36236199500,2919;35554990717,1668;33402478563,7303;32259130849,7811;31003320079,9071;31293192140,4612;31681476181,0114;32616712342,7856;32812729254,9642;33008893500,7505;34002641288,0841;33789590245,1393;34900017956,1851;36016357538,5525;36862044537,8038;37207949507,0122;38041513493,9648;39074449846,2473;39934478137,3499;39974975109,0535;37740016342,8834;38701510829,0251;
"Iceland";460108455,693895;515283356,327746;529375165,864304;554307638,443763;581507267,849489;571149225,632651;567196195,735542;574872679,885887;596371094,060192;765307554,248681;1320819138,32066;1448062101,52452;1604475535,17551;2104522826,71665;2146749624,78335;2090498580,13845;2203060221,48133;2362667117,52533;2462141730,45178;2676433982,32441;2893278980,26633;2978261285,77929;3272766069,44326;3453658667,29683;3636741736,28769;3565896597,00503;3747491125,91496;3768932998,18188;4080500456,47473;4141946225,45995;4114467106,96711;4100022160,84749;4184066479,73431;4391588980,94606;4521022250,12311;4653173964,73597;4688882372,19057;5172379982,88631;5876282331,13298;6827061716,55593;7368131007,62789;7653696415,03608;8000356294,97466;8015616276,53953;8267240370,59102;8305251892,26715;9430157711,78016;11266596875,1404;15554147176,8731;16174477841,3747;16467766608,7077;
"India";;;;;;;;;;;;55522000195,9652;58285999899,4846;59853000302,529;63311000000;71382000344,2327;79145000372,7437;82370999621,1546;90726000271,6683;92710000406,7076;97898000139,8426;107448000299,927;114585000000;123219999671,428;137885999460,784;149105000570,198;164100000000;177608999350,052;198000999763,637;216699998987,037;234292999463,729;255646000000;272354000598,538;292770000000;317293998323,632;339783001409,177;347175999293,319;368957001843,756;386560000759,099;397798998464,48;407477000000;415035000000;435755998799,233;461692000417,486;492809000438,836;519703001367,588;572950997524,063;633338998921,032;662246998887,787;712497000589,942;754612003081,019;
"Indonesia";;;;;;;;;;;;1691999986,06326;1924000000;1965000000;2445000000;2803000000;2456000000;2983000000;4466000031,00814;5571000000;6808000000;7891000000;9489000000;10444000000;11539999929,9362;13158999921,7282;15500000000;17917999897,4751;20916000000;24506000135,2444;29483999840,0616;32848999824,7603;36484000000;40623000000;46549000000;51916000260,3606;59411000293,7401;67196000000;68118000000;74479999646,3619;82579999613,0189;88230000408,0878;90746000000;94481000000;105921000000;113133000497,719;118372000000;126996000546,309;134343000571,791;141751000597,061;153831999358,688;
"Iran";;;;;;;;;;;;8027000000;9489000000;11855000000;13391000000;15006000000;16551000000;17903000000;18409000000;20692000000;20800000000;22409000000;25662000000;29759000000;32603000000;35486000000;37373000000;41347000000;42576000000;47164000000;53034000000;57366000000;62611000000;66501000000;70137000000;72753000000;79649000000;83906000000;88295000000;95018000000;101487000000;109241000000;117430000000;128663000000;138559000000;145075000000;156716000000;164594000000;174718000000;182739000000;196201000000;
"Iraq";;;;;;;;;;;;2660000000;2755000000;3343000000;3662000000;4268000000;4982563118,25035;6058731375,13515;7460327588,73704;9642866168,87027;10789937717,2497;10291855285,8921;12934564607,3998;15280755063,2396;18308876009,1924;19658017992,1235;20726778908,7434;20715462644,7715;21447908623,1713;21716877916,0977;21771861613,3602;18734738417,7134;23093582522,0553;24157309163,7616;25926343771,8869;27763850749,6358;27846572907,472;28477412244,6586;28559108256,3386;28608273239,2122;28612887525,9777;29570429190,6624;31111906182,3291;26348268925,1235;31254386165,8808;22325989735,6144;26673319160,4347;21580588288,08;21531130134,999;32381110329,7143;37470000097,8745;
"Ireland";1966184881,56685;2127068985,97932;2376309374,65842;2523080739,66312;2980193729,74482;3261063046,60619;3575353153,55857;3896178969,49129;4368805192,84526;4722815090,10622;5188102987,57291;5650038459,58456;6142604232,6753;6612422559,01748;7039208432,50996;6925403251,86939;7689149331,54213;8327769838,21827;8976545837,61377;9913590366,20971;9803335859,70464;9761837940,05213;9729586040,5072;10001061274,426;10436261279,0144;11008605556,0612;11576169105,2041;12078394633,7587;12109213398,8322;12702008170,3009;13303971042,7567;13789217688,1277;14569530471,0223;14923855832,6699;15605896711,3842;16340580008,3739;17420534132,4148;18263545735,8953;19280743520,0727;20382128524,7681;22046920298,5199;22796505594,7078;23755140822,6001;24434204297,6879;25202079701,9946;25953315508,4456;26925945311,8894;26941687011,3389;27997640941,7484;26690133693,8224;26932151599,0234;
"Isle of Man";;;;;;;;;;;;;;;;;;;;;;;;;;;;;;;;;;;;;;;;;;;;;;;;;;;;
"Israel";;;;;;;;;;;;6720942665,36331;7575983812,89708;7834911546,36974;8158131214,68759;8759220809,26194;9317783017,54883;9952037413,78356;10828843072,0867;11198268825,9377;11320459216,0908;11706778058,6451;12329321666,0878;13091282231,1815;13495037106,9969;14231939932,6719;14137496319,8418;15839045021,7441;17278577078,7933;18537979516,6003;18792598173,6051;18482058955,7486;21963135001,3664;23030552480,517;25482154250,7872;27342170295,0406;29301031145,116;30904673463,8451;33549860328,2532;35203159026,6122;38033172364,1278;39241736301,1337;40587454754,7945;41906788974,6924;42230778625,3488;43406565029,6532;45335315434,0275;48463730545,257;50589866929,7285;47977591567,543;50861132693,2158;
"Italy";48282604181,9373;52180067886,6994;57461043549,1736;64137824123,722;69093149266,4491;74439834427,1368;81553730730,3833;88413435024,8107;95882063008,035;102454174170,023;110537600667,684;115604212336,507;124126565141,484;133794094948,137;138995979688,943;136436454000,389;150097660661,442;154468253289,07;161462936032,466;170433883789,638;174558560172,955;174593148874,436;177033540876,352;177475788486,664;187387003026,581;192552346280,077;198282601911,031;208125170763,414;217406630245,819;227707142545,035;235564747582,654;240202072700,414;245248721526,933;245038891005,798;252886695767,002;261932924838,501;265258662792,926;272568072456,97;281740335122,811;288889410443,792;302020365729,944;309230186314,119;317979342325,245;325424385855,186;328612990066,542;332591723267,253;339989091183,446;339880264825,069;339056708236,533;317542918315,308;326016232453,656;
"Jamaica";;;;;;;;;;;;1552081905,31126;1870716798,22959;1968067038,10208;2088763924,69999;1410408403,37804;1512297715,66187;1573776793,6417;1593486987,8631;1461473793,40575;1429591045,47586;1420510021,27364;1718216301,98627;1681042779,36451;1363096829,2469;1347863178,57297;1420648466,47829;1514544809,41036;1458008368,27364;1379731629,5423;2077953514,64435;1721490232,19272;3523571102,93051;3755367669,72806;4221239404,79851;5158265585,48387;5330823476,94504;5523516047,79684;5784957878,28932;5922293776,58414;6024935444,97457;6090906346,82953;6336444755,69483;6577122860,18966;6551882772,44987;6645448575,30939;6614528189,70373;6912825613,27453;5412826679,81542;5200991881,5848;3350366264,29338;
"Japan";102700000000;116324165842,663;124233281952,792;143414555856,712;161364120704,107;172864809307,97;195432271951,097;224718673100,025;253823820346,128;292978004600,085;334154952220,039;359145662030,067;398466553090,085;442192695454,177;434390295424,284;446408911374,04;482773730305,726;502575403363,296;532661475246,741;559198375691,931;546849292882,533;555425193285,003;552844575090,967;588139484272,382;618665619109,467;639285476125,768;642282584026,57;682566800115,266;717046250289,186;759862553910,621;792939999478,051;820840121180,397;827360613367,837;839517813817,29;893823649789,134;916831727667,113;938535529265,146;959811517701,977;963943447725,212;981106170329,988;1002431945198,15;984842419004,86;997756712316,623;986168476089,854;1016802169351,88;1038026036527,28;1043707698966,75;1074072247468,96;1021874600988,97;991912983265,223;1062158245920,48;
"Jersey";;;;;;;;;;;;;;;;;;;;;;;;;;;;;;;;;;;;;;;;;;;;;;;;;;;;
"Jordan";;;;;;;;;;;;263931278,808402;322925741,742689;377550855,228463;421725365,369457;488529169,060774;592590610,452548;525339032,001144;614627104,391098;795433813,554155;916946891,33425;1090047556,80724;1338747401,42537;1751379283,16183;2070557245,54314;2290238850,22693;2485061452,25948;2833173373,15531;2951299111,26187;3126064554,97382;3587961548,8959;3438936229,3371;4046662899,81248;4415528386,57426;4817901762,11877;5314813215,73302;5695678977,67538;5810152743,77835;6157280381,95502;6386431533,16953;6646752720,3752;6897542826,23284;7394376045,25605;7735000625,48412;8529639988,65784;8983131885,79876;9982911667,50948;11174732188,6259;12243684902,0218;12725561329,5013;13770084499,0905;
"Kazakhstan";;;;;;;;;;;;;;;;;;;;;;;;;;;;;;;97609710667,9716;93166322742,7738;87979135086,2689;74003682679,2616;69973162717,3459;64358440076,5377;57140670970,2234;49145188667,6322;45013736300,6532;42808952037,6614;47405590731,4521;52321131868,2746;53025015299,6699;56377639374,3948;58094328182,5918;60870403143,4151;65249101629,825;69445657469,631;73410528277,4358;70447607992,3293;75766280491,7907;
"Kenya";;;;;;;;;;;;909000000;996000000;1067000000;1137000000;1220000000;1351000000;1426000000;1526000000;1640000000;1707000000;1838000000;1884000000;1946000000;2051000000;2229000000;2368000000;2645000000;2595000000;2753000000;2930000000;3061000000;3159000000;3323000000;3356000000;3490000000;3655000000;3689000000;3813000000;3625000000;3525000000;3934000000;4013000000;4310000000;4679000000;4879000000;5305000000;5582000000;5716000000;5813000000;6321000000;
"Kiribati";;;;;;;;;;;;;;;;;;;;;;;;;;;;;;;;;;;;;;;;;;;;;;;;;;;;
"North Korea";;;;;;;;;;;;13463000000;14242000000;15021000000;15801000000;16580000000;17105000000;17631000000;18156000000;18683000000;19201000000;19723000000;20236000000;20758000000;21299000000;22731000000;22770000000;23500000000;25268000000;26471000000;25111000000;23842000000;21450000000;19192000000;19978000000;19806000000;18257000000;16461000000;14368000000;15748000000;16334000000;17007000000;16651000000;17680000000;18501000000;19292000000;18890000000;18121000000;19538000000;17759000000;18247000000;
"South Korea";;;;;;;;;;;;9570485123,61218;11339295332,6507;13345693932,7191;15689222997,1198;17420294079,1644;20400340567,1567;23627496086,5649;28347025373,5292;32491131874,8868;34223924284,7026;36981451992,1752;39752051038,8038;44834245491,2052;49910612215,4383;54288232892,7119;60823452397,2416;69717401220,3247;80942913854,1513;89300042393,1336;102002294767,081;112356827007,396;123827692786,112;136625873272,154;155737970802,421;173334833787,972;192415011762,9;210380906340,776;201822572414,933;223200221480,147;271647666231,28;291632828364,804;309957885996,514;325542855720,345;346429605991,632;367125565279,239;380543751201,563;402657698641,096;419640222726,144;426892763012,525;469523232601,012;
"United Korea (former)";;;;;;;;;;;;;;;;;;;;;;;;;;;;;;;;;;;;;;;;;;;;;;;;;;;;
"Kosovo";;;;;;;;;;;;;;;;;;;;;;;;;;;;;;;;;;;;;;;;;4070642238,23529;5059946469,27909;4906107415,21815;4710257698,71544;5138752927,62853;5254107153,32575;5382843458,93311;5801845488,4147;6409548555,75452;;;
"Kuwait";;;;;;;;;;;;2413000000;3019000000;3359000000;3749000000;4264000000;4767000000;5513000000;6424000000;7927000000;8301000000;9214000000;10763000000;11499000000;12782000000;14184000000;15665000000;16744000000;18168000000;19599000000;17230000000;10090000000;;;;21114000000;22673000000;23784000000;26686000000;28103000000;28767000000;30526000000;32362000000;35424000000;36718000000;38767000000;42170000000;42802000000;45235000000;46601000000;50136000000;
"Kyrgyz Republic";;;;;;;;;;;;;;;;;;;;;;;;;;;;;;;10241695542,904;10314866702,2135;10422202734,1985;8626595456,4173;8614427103,27568;9525830431,54109;9157786464,00484;8544276428,96687;8123401126,02223;8794962575,40699;9467866242,03822;8491941626,25629;8000175701,00387;9779749589,35618;8266781533,48875;9254360201,25518;10193946024,8352;9048542211,67717;7484195667,36233;7304231463,97191;7333712122,1021;
"Lao";;;;;;;;;;;;;;;;;;;;;;;;;;;;;;;;;;;;;;;;;;;;;;;;;;;;
"Latvia";;;;;;;;;;;;;;;;;;;;;;;;;;;;;;;9048561133,03376;8691435429,43981;6894735523,10374;5266016525,63697;4990083785,64724;4977057855,03425;4907751700,49755;5015632680,34088;5153872615,5271;4979811460,61756;4954903617,17415;5199998321,02695;5356702146,21932;5727797394,96384;5917354677,99253;6231557628,91043;6595761564,51108;6990134567,46189;7011757326,92466;6500817869,51944;6814493963,39808;
"Lebanon";;;;;;;;;;;;1237000000;1390000000;1612000000;1777000000;1665000000;1800000000;1935000000;2115000000;2383000000;2537000000;2741000000;2997000000;3276000000;3447000000;3511000000;3780000000;4176000000;3600000000;2250000000;1400000000;2800000000;3371000000;3964000000;4406000000;4737000000;6501000000;7755000000;9548000000;9568000000;9769000000;10014000000;10724000000;11092000000;11133000000;11301000000;11007000000;11462000000;12239000000;13137000000;15088000000;
"Lesotho";;;;;;;;;;;;;;;;;;;;;;;;;;;;;;;;;;;;;;;;;;;;;;;;;;;;
"Liberia";;;;;;;;;;;;;;;;;;;;;;;;;;;;;;;;;;;;;;;;;;;;;;;;;;;;
"Libya";;;;;;;;;;;;398000000;445000000;900000000;1083000000;1428000000;1785000000;2223000000;2639000000;3255000000;3606000000;3633000000;3672000000;3724000000;3789000000;3868000000;4190000000;5874000000;6476000000;6481000000;6996000000;7533000000;8153000000;8600000000;8838000000;8762000000;9003000000;9227000000;10898000000;11484000000;11904000000;12278000000;13151000000;13593000000;14449000000;19692000000;22273000000;23883000000;24606000000;26116000000;27135000000;
"Liechtenstein";;;;;;;;;;;;;;;;;;;;;;;;;;;;;;;;;;;;;;;;;;;;;;;;;;;;
"Lithuania";;;;;;;;;;;;;;;;;;;;;;;;;;;;;;;14870162354,327;14875707925,2532;11685789160,5502;9163532718,7516;9127239967,03439;9213005077,28909;9858649857,16122;9757430905,72473;10031370554,0565;9522632571,35301;8809238317,30835;9352511381,98117;9790145836,78046;10523523545,9389;10784904186,7906;10593478369,823;10977318366,2033;11528685482,4805;11946988074,8575;11462629940,0262;10870330060,6665;
"Luxembourg";1428145542,56776;1468662178,6678;1635232823,07093;2280132292,50231;2856414788,71091;3019045535,44495;3181896973,59948;3177790465,52934;3090448977,22197;3457069291,85185;3612138443,44003;4066650117,8374;4044390680,90017;4145312615,20902;4661668187,57921;3820063852,9043;4149835794,53942;3787692000,73058;3927431569,00281;3995872494,874;3927086272,1406;4040906975,1523;4007711105,94351;4063925540,58563;4290741479,46164;4424120641,6039;4480361860,16207;4551687406,60823;5016798845,89637;5106597427,738;5210457705,90546;5434460620,15504;5051939720,78791;5004628615,6362;5490681451,8831;6080542389,72163;6047593988,77422;6346562260,10252;6573977527,66659;6455623323,07335;6823324492,3218;6864512913,19857;7076384329,01888;7256990501,07389;7349525089,77396;7151474062,57659;7660979402,7975;7778037329,71106;7757216099,45769;7177894102,45026;8542332784,3015;
"Macao, China";;;;;;;;;;;;;;;;;;;;;;;;;;;;;;;;;;;;;;;;;;;;;;;;;;;;
"Macedonia, FYR";;;;;;;;;;;;;;;;;;;;;;;;;;;;;;;5325000000;5398000000;5900000000;5186000000;5368000000;5548000000;5811000000;5989000000;6180000000;5782000000;5892000000;5722000000;5646000000;6384000000;6466000000;6952000000;7121000000;7480000000;7600000000;7079000000;7399000000;
"Madagascar";;;;;;;;;;;;;;;;;;;;;;;;;;;;;;;;;;;;;;;;;;;;;;;;;;;;
"Malawi";;;;;;;;;;;;;;;;;;;;;;;;;;;;;;;;;;;;;;;;;;;;;;;;;;;;
"Malaysia";;;;;;;;;;;;3464000000;3933000000;4347000000;4752000000;5229000000;5819000000;6790000000;7356000000;8322000000;9090000000;9736000000;10544000000;11384000000;12400000000;13146000000;14183000000;15269000000;16974000000;18864000000;20867000000;23451000000;26968000000;29884000000;35662000000;41069000000;45984000000;53301000000;55847000000;60010000000;63716000000;65398000000;68281000000;71989000000;75178000000;73828000000;80324000000;87453000000;89500000000;109334000000;116937000000;
"Maldives";;;;;;;;;;;;;;;;;;;;;;;;;;;;;;;;;;;;;;;;;;;;;;;;;;;;
"Mali";;;;;;;;;;;;;;;;;;;;;;;;;;;;;;;;;;;;;;;;;;;;;;;;;;;;
"Malta";;;;;;;;;;;;305642847,703997;324720952,223508;366259745,201853;306100849,017868;339862087,554483;385765356,112684;424676538,42395;469281486,353173;514723289,568586;543749760,773106;579733489,663994;615589730,529184;633696130,992001;662565269,077083;736764382,437911;794640288,08521;887477689,884901;969810292,953286;1037323007,96642;1037705056,89358;1359233703,35479;1424127249,07269;1436266451,69782;1458493617,18319;1544496521,63819;1504100974,81264;1528494161,00801;1574691454,13704;1695530770,24462;1752819334,85944;1715835772,51494;1810239710,68442;1972232449,03182;1953375985,62557;2010814462,27067;2007838772,8588;1999239838,65053;1989593591,45527;1834429685,6695;1729158775,94683;
"Marshall Islands";;;;;;;;;;;;;;;;;;;;;;;;;;;;;;;;;;;;;;;;;;;;;;;;;;;;
"Martinique";;;;;;;;;;;;;;;;;;;;;;;;;;;;;;;;;;;;;;;;;;;;;;;;;;;;
"Mauritania";;;;;;;;;;;;;;;;;;;;;;;;;;;;;;;;;;;;;;;;;;;;;;;;;;;;
"Mauritius";;;;;;;;;;;;;;;;;;;;;;;;;;;;;;;;;;;;;;;;;;;;;;;;;;;;
"Mayotte";;;;;;;;;;;;;;;;;;;;;;;;;;;;;;;;;;;;;;;;;;;;;;;;;;;;
"Mexico";;;;;;;;;;;;26937000000;30147000000;32802000000;36367000000;39096000000;42552000000;46362000000;51252000000;55575000000;60108000000;64318000000;69705000000;72702000000;77210000000;81867000000;85020000000;90407000000;95016000000;101518000000;99476000000;110774000000;114733000000;116327000000;126321000000;130153000000;139014000000;148322000000;156607000000;163135000000;176568000000;181861000000;185158000000;183778000000;196784000000;205201001927,064;209128000000;215567000000;219353000000;217663000000;225763998009,54;
"Micronesia, Fed. Sts.";;;;;;;;;;;;;;;;;;;;;;;;;;;;;;;;;;;;;;;;;;;;;;;;;;;;
"Moldova";;;;;;;;;;;;;;;;;;;;;;;;;;;;;;;14119078490,2597;15035909906,0982;12973813684,8207;10509104390,2834;8637120269,62642;7601757462,86018;7383932326,04857;6733230320,8909;6144540385,91524;5112038946,54207;4126382863,11528;4538117483,32627;4700495435,48697;5320144626,61115;5495546157,06059;5779425913,90366;6002133323,19998;4930075456,31641;4828272591,82988;3591128782,98566;3748354533,13278;
"Monaco";;;;;;;;;;;;;;;;;;;;;;;;;;;;;;;;;;;;;;;;;;;;;;;;;;;;
"Mongolia";;;;;;;;;;;;;;;;;;;;;;;;;;2927000000;3187000000;3279000000;3458000000;3544000000;3376000000;3063000000;2800000000;2584000000;2503000000;2546000000;2557000000;2513000000;2562000000;2531000000;2580000000;2652000000;2746000000;2885000000;3073000000;3256000000;3428000000;3589000000;3891000000;3825000000;4217000000;
"Montenegro";;;;;;;;;;;;;;;;;;;;;;;;;;;;;;;;;;;;;;;;;;;;;;3993000000;4080000000;4148000000;4020000000;3179000000;3503000000;
"Montserrat";;;;;;;;;;;;;;;;;;;;;;;;;;;;;;;;;;;;;;;;;;;;;;;;;;;;
"Morocco";;;;;;;;;;;;2047000000;2319000000;2594000000;2747000000;2905000000;3254000000;3584000000;3928000000;4344000000;4735000000;5094000000;5502000000;6029000000;6226000000;6627000000;7060000000;7297000000;8149000000;8174000000;8910000000;9385000000;10339000000;10517000000;11202000000;11638000000;11879000000;12522000000;13489000000;12900000000;14110000000;15289000000;15788000000;17323000000;18439000000;19323000000;21199000000;22353000000;23247000000;23865000000;24957000000;
"Mozambique";;;;;;;;;;;;476000000;479000000;559000000;678000000;570000000;647000000;617000000;672000000;420000000;432000000;437000000;591000000;471000000;373000000;402000000;475000000;541000000;441000000;508000000;548000000;743000000;747000000;728000000;662000000;715000000;732000000;893000000;825000000;1194000000;2225000000;5054000000;4987000000;7239000000;8938000000;9243000000;9676000000;10319000000;10327000000;10363000000;10379000000;
"Myanmar";;;;;;;;;;;;553000000;605000000;666000000;672000000;774000000;859000000;952000000;1020000000;1100000000;1162000000;1065000000;1152000000;1192000000;1313000000;1595000000;1626000000;1665000000;1503000000;1638000000;1823000000;1712000000;1875000000;2173000000;2342000000;2510000000;2562000000;2903000000;2959000000;3145000000;3516000000;3229000000;3484000000;3849000000;3910000000;3664000000;4355000000;4439000000;4701000000;4993000000;6290000000;
"Namibia";;;;;;;;;;;;;;;;;;;;;;;;;;;;;;;;1539000000;1525000000;1674000000;1520000000;1552000000;1721000000;1682000000;1881000000;2040000000;2236000000;2352000000;2082000000;2193000000;2772000000;2945000000;3163000000;3219000000;3828000000;3534000000;3376000000;
"Nauru";;;;;;;;;;;;;;;;;;;;;;;;;;;;;;;;;;;;;;;;;;;;;;;;;;;;
"Nepal";;;;;;;;;;;;74000000;95000000;74000000;94000000;89000000;123000000;138000000;151000000;170000000;186000000;217000000;274000000;299000000;330000000;374000000;443000000;493000000;544000000;603000000;665000000;722000000;738000000;788000000;868000000;946000000;1020000000;1050000000;1134000000;1292000000;1408000000;1570000000;1670000000;1769000000;1892000000;1984000000;2185000000;2312000000;2226000000;2606000000;2777000000;
"Netherlands";15453737406,5555;16449142365,7532;17936800515,8361;19597783283,8569;21443403825,9702;23378385091,2732;25828452650,1593;28093478737,7976;31514846821,5446;34744176286,133;38206813913,9348;41210019034,1473;45181204913,2268;48262436651,343;50364992593,9029;51316304773,3719;54977084038,8334;56329511317,4369;59144364342,6555;61659815424,8351;61483490653,4368;60811312705,4087;60339997615,822;61528917357,1229;63441374441,9019;65285229286,805;66361081129,6628;69022759784,6497;72394448611,3029;74750485259,8242;77707002480,7528;79882874180,0653;82183739070,2262;83579799798,409;86452034551,2317;88631274552,5165;92229496742,3453;95570402590,5392;98954915962,1547;100967033192,074;104052795712,138;106133070955,206;107407583233,229;108947648934,424;113855207224,161;113938299673,931;115543752844,853;118556480392,079;119253727435,125;114187146773,808;116449135085,692;
"Netherlands Antilles";;;;;;;;;;;;;;;;;;;;;;;;;;;;;;;;;;;;;;;;;;;;;;;;;;;;
"New Caledonia";;;;;;;;;;;;;;;;;;;;;;;;;;;;;;;;;;;;;;;;;;;;;;;;;;;;
"New Zealand";5828491441,09959;6342650593,04872;6817140777,59871;7791890374,43716;8391573105,90238;9232608787,09481;9814134831,27172;10039171127,7119;10625967226,8113;11346908127,1639;12044003836,0551;13480646309,1483;15551565677,1927;16523313180,0223;16618080199,0938;17868046363,7248;18948918688,3138;19205328054,2914;19247680276,8166;19380827489,5465;19964477722,0598;20565167817,8502;21917016181,3631;23477221346,5446;24367853175,9165;24697270366,1729;25914269419,0309;26160571092,1085;27105755555,8263;28450713245,9384;30485718103,79;30469897433,5498;30255208185,8595;31758672005,2069;32349542347,7901;33468117324,5495;33727009678,4566;34106853921,1382;34523295981,6514;34886938015,4364;36205115603,598;36790951859,2965;37745403678,8654;37824501779,1518;39430093071,5596;39992099187,2082;40595939272,3319;40761072861,6702;40792955743,1657;40526014675,3788;41785214147,1679;
"Ngorno-Karabakh";;;;;;;;;;;;;;;;;;;;;;;;;;;;;;;;;;;;;;;;;;;;;;;;;;;;
"Nicaragua";;;;;;;;;;;;558000000;624000000;585000000;711000000;757000000;882000000;1002000000;998000000;790000000;844000000;895000000;952000000;1035000000;1071000000;1070000000;1077000000;1155000000;1164000000;1311000000;1278000000;1277000000;1318000000;1301000000;1271000000;1354000000;1475000000;1689000000;1677000000;1641000000;1748000000;1768000000;1839000000;1944000000;2106000000;2243000000;2342000000;2563000000;2674000000;2735000000;2739000000;
"Niger";;;;;;;;;;;;;;;;;;;;;;;;;;;;;;;;;;;;;;;;;;;;;;;;;;;;
"Nigeria";;;;;;;;;;;;1637000000;1920000000;2122000000;2026000000;2901000000;3364000000;3977000000;4204000000;4269000000;4997000000;3840000000;6341000000;6491000000;5055000000;6723000000;7795000000;7863000000;7877000000;9007000000;8291000000;8751000000;9020000000;10361000000;10062000000;9876000000;9507000000;9304000000;8953000000;9036000000;9109000000;9476000000;13459000000;13444000000;16730000000;17959000000;15929000000;20328000000;19121000000;18617000000;21624000000;
"Niue";;;;;;;;;;;;;;;;;;;;;;;;;;;;;;;;;;;;;;;;;;;;;;;;;;;;
"Norfolk Island";;;;;;;;;;;;;;;;;;;;;;;;;;;;;;;;;;;;;;;;;;;;;;;;;;;;
"Northern Cyprus";;;;;;;;;;;;;;;;;;;;;;;;;;;;;;;;;;;;;;;;;;;;;;;;;;;;
"Northern Mariana Islands";;;;;;;;;;;;;;;;;;;;;;;;;;;;;;;;;;;;;;;;;;;;;;;;;;;;
"Norway";27506148845,1343;30338537745,8585;34161843517,7709;35403858359,5365;38981784021,4447;42503093469,0565;43749242773,5376;46387465765,0509;51497817968,1519;50899715646,7475;52166795682,5533;55020605297,5643;57005094835,1438;61561356592,1125;64909329008,812;65374983686,0759;68103340424,3059;66778881110,4062;70270428897,7845;76812114666,6791;76506018725,6769;79642510538,083;79590648701,3787;84543208108,0662;90790239303,4563;93677992600,1489;92436393276,4051;95408670483,8061;96569394318,2639;96495942198,7882;99055280246,9802;101494570355,902;101943422101,665;103283158214,848;105085968838,123;106921841496,941;105238267604,448;107328701047,431;112863901222,711;111896989518,173;112243300677,56;115515169319,265;111667971939,502;105767267363,366;111071222583,631;115967175582,502;112517811949,637;117365709870,968;118834236345,406;115337883827,743;122933398967,368;
"Oman";;;;;;;;;;;;11000000;23000000;41000000;80000000;135000000;234000000;356000000;412000000;528000000;720000000;921000000;1160000000;1422000000;1775000000;2199000000;2800000000;2987000000;3322000000;3458000000;3963000000;4080000000;4453000000;5067000000;5367000000;5690000000;5862000000;6265000000;6900000000;6951000000;7262000000;7885000000;8223000000;8470000000;9365000000;10301000000;11082000000;11818000000;13476000000;15185000000;16507000000;
"Pakistan";;;;;;;;;;;;5584000000;5584000000;6389000000;6965000000;7430000000;7428000000;7820000000;8913000000;10566000000;10619000000;11919000000;13290000000;14757000000;16384000000;18336000000;20398000000;22454000000;25919000000;27652000254,5722;29865000000;32922000000;37978000000;39100999676,9311;41363000000;43963000000;45271000000;46857000349,0125;45530000000;48226000000;51579000000;53551000362,9151;55663000000;60531000000;64630000000;71067000000;76335000000;77088000000;72439000000;76607000449,3228;79268999543,3639;
"Palau";;;;;;;;;;;;;;;;;;;;;;;;;;;;;;;;;;;;;;;;;;;;;;;;;;;;
"Panama";;;;;;;;;;;;821000000;918000000;1042000000;1049000000;1108000000;1211000000;1314000000;1311000000;1538000000;1530000000;1596000000;1735000000;1918000000;1863000000;1981000000;2082000000;2233000000;2061000000;2011000000;2058000000;2215000000;2346000000;2520000000;2716000000;2912000000;3033000000;3350000000;3438000000;3622000000;3838000000;3933000000;4099000000;4371000000;4656000000;4846000000;4951000000;5380000000;5657000000;6057000000;6444000000;
"Papua New Guinea";;;;;;;;;;;;;;;;;;;;;;;;;;;;;;;;;;;;;;;;;;;;;;;;;;;;
"Paraguay";;;;;;;;;;;;207000000;231000000;278000000;307000000;325000000;373000000;462000000;565000000;664000000;769000000;867000000;881000000;925000000;1044000000;1080000000;1269000000;1497000000;1726000000;1837000000;2130000000;2273000000;2481000000;2852000000;3269000000;3742000000;3881000000;4153000000;4280000000;4468000000;4706000000;4725000000;4874000000;4708000000;4724000000;5006000000;5417000000;5871000000;6250000000;6697000000;7319000000;
"Peru";;;;;;;;;;;;5405000000;5811000000;6021000000;6428000000;6729000000;7033000000;7672000000;7764000000;8137000000;8729000000;9419000000;10093000000;9671000000;10589000000;10693000000;11390000000;12150000000;11638000000;11832000000;11925000000;12901000000;10821000000;12111000000;12600000000;13134000000;14389000000;15064000000;16182000000;16746000000;17627000000;18542000000;19707000000;20607000000;21896000000;23118000000;24809000000;27391000000;29772000000;30180000000;32145000000;
"Philippines";;;;;;;;;;;;8688000000;9878000000;12562000000;12422000000;12986000000;13979000000;14326000000;14740000000;15927000000;17703000000;16433000000;16930000000;18650000000;18047000000;19020000000;17376000000;18304000000;20191000000;21776000000;22347000000;22473000000;21799000000;22341000000;25737000000;27831000000;30599000000;33760000000;35729000000;35678000000;38945000000;41337000000;42497000000;46130000000;48730000000;49750000000;49898000000;52003000000;53141000000;54422000000;59942000000;
"Pitcairn";;;;;;;;;;;;;;;;;;;;;;;;;;;;;;;;;;;;;;;;;;;;;;;;;;;;
"Poland";26262236589,4839;29081321329,195;31729286328,3567;33127128931,7856;35875475704,8374;38933511641,7104;42825066835,3272;47111365174,6772;50981944526,5168;54912566108,829;58774574976,9014;64155272471,6092;69865674567,2828;75582012457,1307;81251680290,9739;88094747103,4052;93968894615,1361;99348824600,7314;104324494355,595;106072509006,371;109450426148,594;103603937948,254;105185142114,923;111464689229,693;116671742660,05;121293735905,479;126703688929,838;132472933180,631;134882252641,47;134214025825,33;124531306115,419;117849021278,588;113266623202,626;114094877397,702;114831879163,375;117512966162,869;121303863521,191;123084633984,361;123025446642,013;121592640134,028;124086797713,628;124751073463,146;122658426716,157;126988660218,136;130410786551,134;131185607883,781;136839189756,072;139837393233,678;142392388088,956;137346554981,923;144803739605,737;
"Portugal";2844080521,88623;3119409177,58986;3384219841,37176;3661443889,96889;4101648177,35642;4332758145,6883;4806738233,94719;5029631723,18052;5360888956,10893;5914115977,8732;6633907411,62507;7293846714,32188;8040388974,24578;8892325828,72896;9805162797,64438;9901200030,02154;10612148752,914;11819876976,5247;12880509501,007;14217728154,6464;15251565709,1438;15447203292,296;16292016603,4909;17291371112,4824;17662852230,7205;18661065613,7662;19663909964,1234;20465266661,5886;21863700489,4402;23803746686,6567;25229230129,2028;26602375929,9622;28059057422,3369;28060540649,5167;28894646777,85;31139846263,6894;32518540688,9198;34293548495,1125;36455523142,4907;39243035073,4161;41489031763,6622;43050831287,9463;44739443964,8999;45873408927,7206;47548383668,6831;49160139167,8825;50763778414,6094;51559546733,3941;51274817519,5222;51310888896,8728;52621421421,8471;
"Puerto Rico";;;;;;;;;;;;;;;;;;;;;;;;;;;;;;;;;;;;;;;;;;;;;;;;;;;;
"Qatar";;;;;;;;;;;;315000000;396000000;420000000;460000000;625000000;719000000;908000000;1213000000;1787000000;2173000000;2464000000;2777000000;2945000000;3263000000;3734000000;4088000000;4151000000;4271000000;4394000000;4568000000;4381000000;4873000000;5199000000;5455000000;5514000000;6183000000;6457000000;7596000000;7988000000;8501000000;9257000000;10176000000;11175000000;12317000000;13377000000;15866000000;18074000000;20086000000;23041000000;26377000000;
"Reunion";;;;;;;;;;;;;;;;;;;;;;;;;;;;;;;;;;;;;;;;;;;;;;;;;;;;
"Romania";;;;;;;;;;;;33414389160,1753;36940415346,9774;39785891497,5709;42502538702,406;47049644524,3152;51875400333,9144;55218029992,8811;58236042984,4224;59377169317,6719;63764485895,0504;65801079849,8552;65571069518,0083;66942152533,4026;69628272759,7266;71126256642,6022;75747687951,0014;75260629563,5665;78357813658,2104;79089903715,8196;67870283728,162;58410534525,0706;53530172072,9636;52142949374,0357;50974743050,9994;52819277717,9076;54845550265,3875;50569732493,5761;47148939533,4696;43129501560,161;44109524846,198;45675939385,1519;45625435105,897;48689036869,4932;49608191713,9538;50750229903,6103;52128215391,6037;53072323633,782;53706866086,6125;48818790352,6568;51402717514,4268;
"Russia";;;;;;;;;;;;;;;;;;;;;;;;;;;;;;;989255357511,39;972500835351,457;909389856921,191;852577938455,279;772724716341,333;759796047725,484;746848902719,945;734193705132,216;720055511455,19;740818739449,562;764437509690,095;771052223959,019;771932769833,036;793944000056,078;814233865519,714;832127901814,614;878576637903,067;905226153296,552;921312792029,588;877408941865,612;922348110077,861;
"Rwanda";;;;;;;;;;;;;;;;;;;;;;;;;;;;;;;;;;;;;;;;;;;;;;;;;;;;
"St. Barthlemy";;;;;;;;;;;;;;;;;;;;;;;;;;;;;;;;;;;;;;;;;;;;;;;;;;;;
"St. Helena";;;;;;;;;;;;;;;;;;;;;;;;;;;;;;;;;;;;;;;;;;;;;;;;;;;;
"St. Kitts and Nevis";;;;;;;;;;;;;;;;;;;;;;;;;;;;;;;;;;;;;;;;;;;;;;;;;;;;
"St. Lucia";;;;;;;;;;;;;;;;;;;;;;;;;;;;;;;;;;;;;;;;;;;;;;;;;;;;
"St. Martin";;;;;;;;;;;;;;;;;;;;;;;;;;;;;;;;;;;;;;;;;;;;;;;;;;;;
"St. Vincent and the Grenadines";;;;;;;;;;;;;;;;;;;;;;;;;;;;;;;;;;;;;;;;;;;;;;;;;;;;
"St.-Pierre-et-Miquelon";;;;;;;;;;;;;;;;;;;;;;;;;;;;;;;;;;;;;;;;;;;;;;;;;;;;
"Samoa";;;;;;;;;;;;;;;;;;;;;;;;;;;;;;;;;;;;;;;;;;;;;;;;;;;;
"San Marino";;;;;;;;;;;;;;;;;;;;;;;;;;;;;;;;;;;;;;;;;;;;;;;;;;;;
"Sao Tome and Principe";;;;;;;;;;;;;;;;;;;;;;;;;;;;;;;;;;;;;;;;;;;;;;;;;;;;
"Saudi Arabia";;;;;;;;;;;;1975000000;2289000000;2784000000;3544000000;3965000000;5673000000;6882000000;9624000000;14739000000;19103000000;23180000000;29179000000;31986000000;37907000000;40281000000;46901000000;52819000000;56615000000;60464000000;65223000000;69137000000;76000000000;84289000000;88066000000;91889000000;94551000000;99521000000;108244000000;113346000000;117060000000;126098000000;131908000000;145998000000;146948000000;157545000000;167636000000;174845000000;186488000000;199117000000;218679000000;
"Senegal";;;;;;;;;;;;324000000;338000000;374000000;383000000;410000000;438000000;476000000;517000000;556000000;575000000;609000000;567000000;642000000;690000000;674000000;678000000;711000000;741000000;735000000;780000000;796000000;873000000;859000000;931000000;950000000;981000000;1073000000;1142000000;1132000000;1005000000;1250000000;1515000000;1344000000;1517000000;1777000000;1816000000;2151000000;1932000000;2373000000;2428000000;
"Serbia";;;;;;;;;;;;;;;;;;;;;;;;;;;;;;;44290443985,236;42746076876,2484;42038959709,8513;34742757675,7055;34500890899,8512;38104941917,5166;41851577755,0691;43695626899,2038;44009792603,7413;40526447454,4524;42547941725,8067;44684191093,8633;44840958530,1714;43108913191,8855;42137140893,5923;38654906188,3254;39741125608,6262;40896771381,0284;42237579327,2066;41616400137,3073;42961420439,5403;
"Serbia and Montenegro";;;;;;;;;;;;;;;;;;;;;;;;;;;;;;;;;;;;;;;;;;;;;;;;;;;;
"Serbia excluding Kosovo";;;;;;;;;;;;;;;;;;;;;;;;;;;;;;;;;;;;;;;;;;;;;;;;;;;;
"Seychelles";;;;;;;;;;;;;;;;;;;;;;;;;;;;;;;;;;;;;;;;;;;;;;;;;;;;
"Sierra Leone";;;;;;;;;;;;;;;;;;;;;;;;;;;;;;;;;;;;;;;;;;;;;;;;;;;;
"Singapore";;;;;;;;;;;;2439893762,4231;2951883105,94796;3505352845,41724;3642276044,84305;3909039346,00088;4319500666,37593;4807168979,78495;5550972323,70433;6007412942,95302;6563530408,4507;6844250778,52349;7092040749,52777;7868170963,81947;8618118706,07614;9328763111,84211;10220971708,745;11541286897,2973;12671638931,8342;13657033700,7847;15032628426,6492;15822091116,7108;16708492665,9857;18080561967,7079;19780189627,3764;21131079169,8113;22577577945,351;25068241657,5342;26200119838,0526;27634550388,2588;29690310310,5837;29921627238,2794;31274786549,3295;33152732891,0275;34588608153,6948;36291692932,1581;37572888739,9464;39034448198,5791;39060105748,6465;38526173948,392;42251725230,5632;
"Slovak Republic";;;;;;;;;;;;12259241621,7932;12974369364,7204;14003817620,5901;14661268611,1442;14681615509,8906;15540667052,3709;16441219615,2836;16881860934,4342;18712036530,6715;21625638690,3931;22075148219,5847;22384075112,2777;22955722658,2791;23632544602,1404;24893714944,1819;25552856552,7073;26431687824,2489;26900466089,183;27630975673,3489;29207639694,1644;27073280980,4623;24975206619,735;24385682499,1245;24534076079,4646;26446964503,7233;27713349935,9153;27316469662,3311;25268243618,9782;27161803004,8072;26785914014,831;27183663565,2081;27308973218,3491;27132347602,3434;27534054492,2208;26643189872,8068;27845728998,8573;28513700737,6627;28662670197,6427;26849377066,7277;28208362889,3322;
"Slovenia";;;;;;;;;;;;;;;;;;;;;;;;;;;;;;;10278767656,8605;9845756935,60512;9609093828,79422;9665309442,06741;10269414403,9312;10446259488,0475;10578035188,0794;10737561010,9187;11033799095,0879;11251214364,7774;11471667233,3044;11942926681,4253;12706510763,438;13119402509,2535;13647468677,7045;13850137755,352;14296249323,822;14363764789,7402;13966242752,7413;12353609316,0214;13235731781,4314;
"Solomon Islands";;;;;;;;;;;;;;;;;;;;;;;;;;;;;;;;;;;;;;;;;;;;;;;;;;;;
"Somalia";;;;;;;;;;;;;;;;;;;;;;;;;;;;;;;;;;;;;;;;;;;;;;;;;;;;
"Somaliland";;;;;;;;;;;;;;;;;;;;;;;;;;;;;;;;;;;;;;;;;;;;;;;;;;;;
"South Africa";;;;;;;;;;;;51900527149,7543;57092152107,306;61713429921,7543;66832906491,3994;71984830555,8072;77753636892,8741;82007721014,9438;88557906979,4437;97533410631,094;105969978090,151;113925607022,76;119469024657,992;124113453837,803;135638381082,828;141766558885,814;147948421957,097;149854591924,152;155862445418,69;160035210630,143;163051362645,341;163331392828,319;162795807148,777;168545766502,089;174771450838,731;182322961472,393;209595263495,559;216990634540,273;209004091166,011;203842027824,018;209509096840,909;198147732226,383;211222017148,354;215407373369,623;219677707126,86;224814639156,05;231842029552,4;249507339582,78;243361173926,304;232133633451,297;240764640436,336;
"South Ossetia";;;;;;;;;;;;;;;;;;;;;;;;;;;;;;;;;;;;;;;;;;;;;;;;;;;;
"Spain";15048240355,8036;16915548621,388;19052165635,4117;20857848476,8226;23676870000,802;26423956713,4518;30040073909,5394;33854516138,3397;38212581654,4577;43252600612,1996;47843761300,0163;52494026030,9541;59035133967,9309;65806604723,1831;71990163364,9025;73888750157,3075;81951798828,123;84078922935,9047;88416379226,2994;94042636691,7741;99284039968,8454;100909273211,131;101086157896,023;106733989346,036;111464224128,197;114620789562,573;116071612959,227;119824867413,066;124844674522,054;133760596793,012;137601013098,36;140724033849,363;144583766033,207;143267987348,212;148637253625,789;155769310796,195;160083384817,327;173339830057,859;180221623912,883;194802408923,368;209778427651,656;221765092947,324;231328831983,068;239664115863,525;253148350622,249;266757390456,407;281543636902,578;282561699602,876;288601503014,506;273693912706,366;283596039767,666;
"Sri Lanka";;;;;;;;;;;;742089767,13948;848157888,577871;895815349,858682;923746662,149955;998754554,831061;1042927531,60312;1093277934,29924;1210722249,89429;1351297714,48314;1457445492,30352;1583676776,11639;1742004818,96552;1851882764,09159;1932297232,58348;2121215504,22926;2286417564,76716;2326436611,18915;2426129873,78758;2408930015,75037;2673665233,73494;2809174986,39022;2999242365,20142;3323849128,86773;3653130532,67006;3956291581,8262;3756941458,11518;4213052076,96036;4558544477,74702;4794134655,2267;5432561251,38729;5536514709,79412;5843074186,7766;6336395870,02556;6932073551,83946;7899034388,10833;8020584838,85588;8437083859,47403;7856543139,0414;8531453673,44743;9369958208,15378;
"Sudan";;;;;;;;;;;;296686224,634934;321343792,479572;390544065,435601;464516778,27334;494742184,213595;519399746,180838;549625159,912758;591781645,961751;600531082,130297;558374618,8184;534512458,247098;570305696,981239;554397600,53469;764384608,482452;839152708,09852;952895725,35197;987893555,127767;890058654,491671;855060855,402462;1019709766,78393;1005392446,28101;1030050031,43899;1010164875,04013;1069024911,02626;1082546790,66436;1123112483,01218;1080955976,61385;1076978967,04964;1632967344,14948;1726029764,94334;1485817344,00672;1784094355,96156;1934426033,50346;1999649219,62132;2419623310,45106;2764829236,48378;3065492574,19222;3422629566,25554;4466312040,11982;4802414157,44776;
"Suriname";;;;;;;;;;;;;;;;;;;;;;;;;;;;;;;;;;;;;;;;;;;;;;;;;;;;
"Svalbard";;;;;;;;;;;;;;;;;;;;;;;;;;;;;;;;;;;;;;;;;;;;;;;;;;;;
"Swaziland";;;;;;;;;;;;;;;;;;;;;;;;;;;;;;;;;;;;;;;;;;;;;;;;;;;;
"Sweden";29937369193,1867;32779746838,6295;34944220087,6324;36048609897,1533;39835949882,4881;42700828177,1065;43910961994,1451;47317628304,3153;51641371463,2951;56075119833,5055;58841278007,3758;62046402356,9539;66013918612,9544;71225133064,2188;71768873124,3003;74155194800,5215;80147303066,3249;81047519117,4011;83912387113,3679;88704902912,797;88950314981,9187;92446254073,8222;95216069676,958;104978747151,32;114109743863,119;124841089701,961;124474819588,787;132475720827,731;134424061111,797;133377526868,594;135537904983,797;137289707329,668;134904615317,348;135512299807,044;134404147676,308;136597154750,135;136553134061,788;136445313023,58;137412015095,74;136955658433,728;138941510607,793;142218594674,886;139842688020,044;137249219594,632;138448957132,076;139331497171,184;138747708915,308;139783655902,673;137346273229,629;131687131223,642;140125320141,145;
"Switzerland";16288274388,7893;17398863284,5407;18038589362,0438;18828689677,845;19792191746,1188;20907486370,1218;21616498975,4988;22465987598,8541;23329511033,315;24596962654,0829;26567385604,3406;28713895093,6516;29946580423,8203;31620459573,732;31876049080,9213;31009476646,5382;32301892933,3484;33765459229,9147;34896615210,9496;36445124262,0979;37771751139,9802;38649122444,907;39247214548,3812;40366467019,1639;42352178321,1849;44247253632,523;45415906782,5275;46781358295,4959;47337173248,7678;48769386487,2891;50075501846,0971;51226938517,7423;51081285403,3619;50334713123,2376;50684878841,3158;51927345609,8815;52459115510,0858;52245619990,1649;53225051929,5286;55420692016,5493;56235788914,918;57904334577,1574;58046747484,0945;59882387157,5982;60404007530,4227;61584384855,6866;62438710863,8318;61402146220,089;62901459342,8722;61130453396,2583;62643263578,9257;
"Syria";;;;;;;;;;;;1158000000;1371000000;1283000000;1535000000;1782000000;1791000000;1802000000;2406000000;2728000000;3184000000;3831000000;4995000000;5968000000;6068000000;6583000000;6674000000;6709000000;7360000000;8179000000;8573000000;8978000000;9262000000;9323000000;10483000000;11941000000;13178000000;13873000000;14949000000;16223000000;17476000000;19184000000;21075000000;22539000000;24915000000;27503000000;29403914041,4483;30739694503,1856;32307658142,3986;32158065780,7981;38888403350,5018;
"Taiwan";;;;;;;;;;;;;;;;;;;;;;;;;;;;;;;;;;;;;;;;;;;;;;;;;;;;
"Tajikistan";;;;;;;;;;;;;;;;;;;;;;;;;;;;;;;17746000000;17283000000;16454000000;14373000000;14326000000;13865000000;13617000000;12152000000;12574000000;13388000000;13437000000;13542000000;13757000000;13990000000;14392000000;14594000000;14799000000;14642000000;14165000000;13459000000;13788000000;
"Tanzania";;;;;;;;;;;;424000000;464000000;503000000;523000000;547000000;575000000;594000000;601000000;664000000;684000000;724000000;707000000;692000000;727000000;787000000;909000000;946000000;1061000000;1151000000;1303000000;1428000000;1441000000;1462000000;1434000000;1706000000;1896000000;1791000000;1958000000;1865000000;1980000000;2105000000;2247000000;2031000000;2406000000;2703000000;2774000000;3372000000;3564000000;3266000000;3491000000;
"Thailand";;;;;;;;;;;;4568000000;5478000000;6485000000;6839000000;7782000000;8969000000;10374000000;11886000000;12932000000;13766000000;14453000000;15787000000;17513000000;19456000000;21117000000;23047000000;26085000000;29560000000;34297000000;40131000000;45333000000;51647000000;58835000000;65136000000;74198000000;82983000000;85801000000;83699000000;84623000000;91160000000;95611000000;103636000000;110614000000;118762000000;125259000000;131971000000;137675000000;140077000000;140492000000;155069000000;
"Timor-Leste";;;;;;;;;;;;;;;;;;;;;;;;;;;;;;;;;;;;;;;;;;;;;;;;;;;;
"Togo";;;;;;;;;;;;140000000;138000000;128000000;169000000;179000000;172000000;267000000;309000000;202000000;171000000;189000000;216000000;203000000;240000000;252000000;258000000;281000000;290000000;317000000;343000000;328000000;372000000;282000000;322000000;426000000;453000000;474000000;493000000;541000000;469000000;501000000;500000000;549000000;587000000;614000000;625000000;606000000;;;;
"Tokelau";;;;;;;;;;;;;;;;;;;;;;;;;;;;;;;;;;;;;;;;;;;;;;;;;;;;
"Tonga";;;;;;;;;;;;;;;;;;;;;;;;;;;;;;;;;;;;;;;;;;;;;;;;;;;;
"Transnistria";;;;;;;;;;;;;;;;;;;;;;;;;;;;;;;;;;;;;;;;;;;;;;;;;;;;
"Trinidad and Tobago";;;;;;;;;;;;991000000;1110000000;1105000000;1152000000;1147000000;1296000000;1454000000;1557000000;1855000000;2035000000;2286000000;2696000000;2905000000;3006000000;3023000000;3291000000;3481000000;3157000000;3056000000;3278000000;3257000000;3522000000;3502000000;3611000000;3892000000;4091000000;4587000000;4751000000;4819000000;5060000000;5216000000;5216000000;6125000000;6062000000;6669000000;6506000000;7515000000;7515000000;7566000000;7907000000;
"Tunisia";;;;;;;;;;;;805900304,914866;931656948,614426;1043942797,30182;1146065709,61132;1227237914,81019;1399515311,26115;1635878583,8657;1854354969,63929;2226352815,74255;2596390219,92481;2799823303,34425;2791370117,23628;3142455853,25726;3340864350,4049;3746731182,008;3986801755,7595;4261271893,11365;4614468005,78154;4918996054,80517;5244759622,53507;5458399308,38402;5862465781,22239;6160020385,33509;6731855962,63357;6923970431,81691;7115791209,44407;7569932643,51601;8043934128,12189;8870457880,58249;9373554573,11654;10006722773,3212;10365073280,2421;9762887516,00642;10245404869,0145;10823368273,4071;11177193850,6502;11752102690,047;12284210143,3841;13315281100,7127;14148977741,6083;
"Turkey";2536000000;2728000000;3231000000;3561000000;3994000000;4455000000;4968000000;5530000000;6139000000;7000000000;7756000000;8798000000;10113000000;11142000000;11989000000;14084000000;16903000000;18979000000;20159000000;21004000000;21792000000;23358000000;25008000000;26145000000;29526000000;32416000000;35025000000;39407000000;42121000000;46355000000;50131000000;52938000000;58222000000;63180000000;65940000000;71782000000;78935000000;86935000000;93227000000;96940000000;104520000000;103542000000;108621000000;117099000000;126774000000;136750000000;149826000000;163353000000;170604000000;165088000000;180212000000;
"Turkmenistan";;;;;;;;;;;;;;;;;;;;;;;;;;;;;;;8410000000;8330000000;7793000000;8274000000;6868000000;6574000000;6169000000;5102000000;6859000000;6304000000;7642000000;8137000000;8189000000;8130000000;9001000000;9755000000;10176000000;10979000000;11434000000;11786000000;12118000000;
"Turks and Caicos Islands";;;;;;;;;;;;;;;;;;;;;;;;;;;;;;;;;;;;;;;;;;;;;;;;;;;;
"Tuvalu";;;;;;;;;;;;;;;;;;;;;;;;;;;;;;;;;;;;;;;;;;;;;;;;;;;;
"Uganda";;;;;;;;;;;;;;;;;;;;;;;;;;;;;;;;;;;;;;;;;;;;;;;;;;;;
"Ukraine";;;;;;;;;;;;;;;;;;;;;;;;;;;;;;;247249080298,466;239899497451,202;222741111692,121;203778377953,72;178544876903,068;171202986910,99;155385264453,095;148943604967,57;141577113825,468;137837131436,453;135842769261,56;135196556848,63;136643006622,81;142833327687,917;148971295103,853;152316743666,775;158389853404,62;163326256510,229;162550683833,612;147566014956,149;161334647266,905;
"United Arab Emirates";;;;;;;;;;;;189000000;435000000;671000000;877000000;1273000000;1805000000;2748000000;3501000000;4642000000;5865000000;6710000000;8290000000;9431000000;10230000000;11161000000;11917000000;12701000000;13801000000;14207000000;15543000000;15790000000;17007000000;19774000000;21600000000;22709000000;24154000000;26515000000;31599000000;36242000000;38593000000;40074000000;43767000000;46180000000;48951000000;56262000000;61888000000;70544000000;73495000000;77169000000;82962000000;
"United Kingdom";126744206507,176;135078374621,307;148111306663,85;161033351077,987;168902531006,204;180995157509,993;187274978960,447;192717625928,479;207743270539,849;222123264318,893;231870578587,308;237492566048,354;244713301799,083;261996759468,676;254692191269,553;252627960962,761;258163183900,678;262788476621,368;266267022600,409;277142462797,566;263719516533,658;257537483717,075;252427957439,868;256479441118,191;259481540796,091;272790980803,415;280490508485,006;288447050572,893;297753661567,659;302135837127,721;306473633081,646;312760696706,134;313651429153,082;316786933702,358;311186931205,465;323381335858,769;338230382265,513;340112596666,863;345598229351,269;352467599274,748;359987511005,219;363045463004,441;364786059364,635;368532497349,867;368398145722,916;378639274660,728;376926058690,369;374653917323,954;371340305008,178;351425323250,979;355838079754,065;
"United States";754581414089,616;791236970400,836;851048308238,386;912734736594,81;979647808140,227;1044071052296,77;1127330719311,54;1199560045381,7;1313313377369,88;1433263052773,71;1515818153925,42;1588823907532,13;1722297111509,06;1844648028059,18;1834594243145,95;1867327756216,31;1983546782895,62;2084878966810,94;2155291153205;2208113337006,86;2266618199603,39;2314942984149,43;2235897274829,65;2304088483773,9;2455372187683,38;2511071215305,27;2538304305810,51;2677307003864,82;2806297645935,92;2892874614667,43;2967444865092,69;3104010320330,5;3103174371206,21;3197845313712,21;3281548883974,74;3371553771941,54;3462866256763,7;3514326912001,22;3630531375862,48;3709626684651,63;3862021764270,82;3725392553545,07;3835513914556,98;3876350312529,43;3937090476075,5;4067796615983,93;4069064167542,82;4128436183699,42;4167195117767,4;3973377628699,41;4157251762290,45;
"Uruguay";;;;;;;;;;;;2063000000;1963000000;1990000000;1985000000;2157000000;2291000000;2419000000;2642000000;2705000000;2927000000;3044000000;3066000000;3089000000;3116000000;3227000000;3353000000;3536000000;3846000000;3726000000;3870000000;4212000000;4309000000;4623000000;4759000000;5089000000;5330956042,39033;5686820413,62917;5977949336,77797;6371584775,46758;6780217099,54562;6688097565,36628;6681862278,48494;6304152766,20036;6450131386,79941;6683808005,08694;7426982958,3408;8088181699,48248;8696969939,88096;8977297966,06096;9308716882,99772;
"USSR";;;;;;;;;;;;;;;;;;;;;;;;;;;;;;;;;;;;;;;;;;;;;;;;;;;;
"Uzbekistan";;;;;;;;;;;;;;;;;;;;;;;;;;;;;;;48892507178,9371;48837070281,2142;45759677857,336;44382725750,9799;43236944962,4168;42267780607,4172;42673814312,1636;43128839859,2978;42944031225,9781;42722404325,2014;44111931136,6144;43887937875,014;44882732197,7857;44823470621,6046;45232153512,782;44405210621,5462;45867741548,7651;43953077526,4627;44159766134,1919;44424042318,4382;45232870719,8975;
"Wallis et Futuna";;;;;;;;;;;;;;;;;;;;;;;;;;;;;;;;;;;;;;;;;;;;;;;;;;;;
"Vanuatu";;;;;;;;;;;;;;;;;;;;;;;;;;;;;;;;;;;;;;;;;;;;;;;;;;;;
"Venezuela";;;;;;;;;;;;12343000000;13422000000;14469000000;15607000000;16222000000;17542000000;19556000000;22159000000;27116000000;30658000000;34973134353,8805;33017349695,3549;36337231094,9672;39333845695,3156;40030016089,8053;41083471358,4403;44281259612,4144;48541379151,762;47624107645,0112;48483345053,7215;51149101491,3106;55222396613,4856;56650270139,8608;57210670494,3706;58130655000,1361;59828682042,8406;61676651623,677;62214113278,6059;61826730653,2451;64635027228,1683;67468248524,2883;69387432909,437;68099093326,4002;72908124307,0387;76655463047,3718;82789216973,5119;82945943971,8371;86747697224,4496;87058883243,0947;95245374504,4739;
"West Bank and Gaza";;;;;;;;;;;;;;;;;;;;;;;;;;;;;;;;;;;;;;;;;;;;;;;;;;;;
"West Germany";;;;;;;;;;;;;;;;;;;;;;;;;;;;;;;;;;;;;;;;;;;;;;;;;;;;
"Western Sahara";;;;;;;;;;;;;;;;;;;;;;;;;;;;;;;;;;;;;;;;;;;;;;;;;;;;
"Vietnam";;;;;;;;;;;;1885638995,92675;1801753365,43456;1920609792,95426;1686265794,04524;1967572652,80033;2379478977,74725;2773401363,74762;2852447949,51484;2834880766,42117;2947631943,3892;3037320451,41638;3258483916,46793;3315362029,39757;3950929169,18942;4242246211,94877;4525677116,06832;5048133479,10931;5608309183,17184;6186425842,15889;6582423106,69876;6990914548,73711;7381152213,40802;8308179552,21159;9785532432,75985;11789606145,3424;14046607065,655;16029989891,2483;18575201587,3824;20358263449,7309;23236539329,5711;26703252410,1703;31156295488,8627;36055596700,9161;40606379799,5768;48226166739,4273;55095727745,73;62773677276,4901;69889577573,4443;79722797698,1924;90893662109,3737;
"Virgin Islands (U.S.)";;;;;;;;;;;;;;;;;;;;;;;;;;;;;;;;;;;;;;;;;;;;;;;;;;;;
"North Yemen (former)";;;;;;;;;;;;;;;;;;;;;;;;;;;;;;;;;;;;;;;;;;;;;;;;;;;;
"South Yemen (former)";;;;;;;;;;;;;;;;;;;;;;;;;;;;;;;;;;;;;;;;;;;;;;;;;;;;
"Yemen";;;;;;;;;;;;209000000;215000000;206000000;240000000;257000000;301000000;317000000;360000000;394000000;503000000;543000000;655000000;693000000;776000000;823000000;972000000;1041000000;1185000000;1212000000;1471000000;1640000000;1739000000;1862000000;1751000000;1909000000;1909000000;2189000000;2202000000;2239000000;2465000000;2613000000;2835000000;3118000000;3388000000;3693000000;4011000000;4495000000;5039000000;5105000000;5980000000;
"Yugoslavia";;;;;;;;;;;;;;;;;;;;;;;;;;;;;;;;;;;;;;;;;;;;;;;;;;;;
"Zambia";;;;;;;;;;;;4411000000;4785000000;5174000000;5671000000;5710000000;5993000000;5874000000;5838000000;5917000000;6070000000;6499000000;6620000000;6708000000;6660000000;6565000000;6435000000;6517000000;7095000000;6099000000;6123000000;6076000000;6218000000;6411000000;6488000000;6463000000;6403000000;6126000000;5748000000;5939000000;6224000000;6615000000;7066000000;7467000000;7913000000;8214000000;8763000000;8308000000;7578000000;7524000000;8156049475,92174;
"Zimbabwe";;;;;;;;;;;;3560000000;4676000000;4962000000;5336000000;5967000000;6546000000;6175000000;5942000000;6406000000;6995000000;7263000000;7456000000;7283000000;7109000000;8308000000;8019000000;8373000000;8452000000;8973000000;9028000000;9144000000;8581000000;8178000000;8757000000;9391000000;10010000000;10504000000;10294000000;10958000000;10668000000;10398000000;10500000000;10540000000;10286000000;12504000000;12501000000;12726000000;12740000000;12801000000;12850000000;
"land";;;;;;;;;;;;;;;;;;;;;;;;;;;;;;;;;;;;;;;;;;;;;;;;;;;;
"South Sudan";;;;;;;;;;;;;;;;;;;;;;;;;;;;;;;;;;;;;;;;;;;;;;;;;;;;
"Christian";;;;;;;;;;;;;;;;;;;;;;;;;;;;;;;;;;;;;;;;;;;;;;;;;;;;
"Coastline";;;;;;;;;;;;;;;;;;;;;;;;;;;;;;;;;;;;;;;;;;;;;;;;;;;;
"Curaao";;;;;;;;;;;;;;;;;;;;;;;;;;;;;;;;;;;;;;;;;;;;;;;;;;;;
"Sint Maarten (Dutch part)";;;;;;;;;;;;;;;;;;;;;;;;;;;;;;;;;;;;;;;;;;;;;;;;;;;;
"St. Martin (French part)";;;;;;;;;;;;;;;;;;;;;;;;;;;;;;;;;;;;;;;;;;;;;;;;;;;;
"Antarctica";;;;;;;;;;;;;;;;;;;;;;;;;;;;;;;;;;;;;;;;;;;;;;;;;;;;
"Virgin Islands, British";;;;;;;;;;;;;;;;;;;;;;;;;;;;;;;;;;;;;;;;;;;;;;;;;;;;
"Hawaiian Trade Zone";;;;;;;;;;;;;;;;;;;;;;;;;;;;;;;;;;;;;;;;;;;;;;;;;;;;
"U.S. Pacific Islands";;;;;;;;;;;;;;;;;;;;;;;;;;;;;;;;;;;;;;;;;;;;;;;;;;;;
"Wake Island";;;;;;;;;;;;;;;;;;;;;;;;;;;;;;;;;;;;;;;;;;;;;;;;;;;;
"Bonaire";;;;;;;;;;;;;;;;;;;;;;;;;;;;;;;;;;;;;;;;;;;;;;;;;;;;
"Sark";;;;;;;;;;;;;;;;;;;;;;;;;;;;;;;;;;;;;;;;;;;;;;;;;;;;
"Chinese Taipei";;;;;;;;;;;;;;;;;;;;;;;;;;;;;;;;;;;;;;;;;;;;;;;;;;;;
"Saint Eustatius";;;;;;;;;;;;;;;;;;;;;;;;;;;;;;;;;;;;;;;;;;;;;;;;;;;;
"Saba";;;;;;;;;;;;;;;;;;;;;;;;;;;;;;;;;;;;;;;;;;;;;;;;;;;;
