"Hydro production, total (toe)";"1960";"1961";"1962";"1963";"1964";"1965";"1966";"1967";"1968";"1969";"1970";"1971";"1972";"1973";"1974";"1975";"1976";"1977";"1978";"1979";"1980";"1981";"1982";"1983";"1984";"1985";"1986";"1987";"1988";"1989";"1990";"1991";"1992";"1993";"1994";"1995";"1996";"1997";"1998";"1999";"2000";"2001";"2002";"2003";"2004";"2005";"2006";"2007";"2008";"2009";"2010";"2011"
"Abkhazia";;;;;;;;;;;;;;;;;;;;;;;;;;;;;;;;;;;;;;;;;;;;;;;;;;;;
"Afghanistan";;;;;;;;;;;;;;;;;;;;;;;;;;;;;;;;;;;;;;;;;;;;;;;;;;;;
"Akrotiri and Dhekelia";;;;;;;;;;;;;;;;;;;;;;;;;;;;;;;;;;;;;;;;;;;;;;;;;;;;
"Albania";;;;;;;;;;;;60189,1659501293;77386,0705073091;96904,5571797082;111779,879621669;137575,236457438;163370,593293208;189165,950128978;206362,854686158;232158,211521927;253654,342218402;262252,794496992;268701,633705934;275150,472914877;235511,607910577;183147,033533965;349183,147033536;288048,151332762;252708,512467757;264660,361134997;244883,92089424;302493,551160793;277386,07050731;284952,708512469;324247,635425625;361478,933791919;492347,377472058;432330,1805675;423129,836629409;454342,21840069;395012,89767842;305674,978503871;301977,644024077;420034,393809117;469991,401547724;461994,840928635;466981,943250218;239724,849527086;326483,233018058;447635,42562339;651676,698194328;
"Algeria";;;;;;;;;;;;28374,8925193467;42562,33877902;64660,361134996;42734,3078245918;28202,9234737749;33447,9793637147;23129,8366294068;21496,1306964748;25021,4961306966;22098,022355976;31470,335339639;41186,5864144456;20206,3628546863;38865,0042992264;55546,0017196908;21496,1306964748;42906,2768701636;15735,1676698195;19432,5021496132;11607,9105760964;25193,4651762684;17110,9200343939;30352,5365434223;14273,4307824592;16595,0128976785;11607,9105760964;6448,83920894242;18486,6723989683;17454,8581255375;4643,16423043855;5932,93207222703;4901,11779879624;22785,8985382632;21582,1152192606;47721,4101461739;18744,625967326;19432,5021496132;24333,6199484094;26311,2639724851;14961,3069647464;
"American Samoa";;;;;;;;;;;;;;;;;;;;;;;;;;;;;;;;;;;;;;;;;;;;;;;;;;;;
"Andorra";;;;;;;;;;;;;;;;;;;;;;;;;;;;;;;;;;;;;;;;;;;;;;;;;;;;
"Angola";;;;;;;;;;;;52020,6362854689;58469,4754944113;69991,4015477218;73774,7205503013;81685,296646604;36801,3757523648;36801,3757523648;45399,8280309547;47721,4101461739;51160,7910576099;51160,7910576099;54256,2338779023;49699,0541702496;51676,6981943253;60275,1504729152;60275,1504729152;60275,1504729152;60275,1504729152;61049,0111779883;62338,7790197768;66380,051590714;72226,9991401552;76526,2252794501;76956,1478933796;77386,0705073091;79535,6835769566;75236,4574376616;91143,5941530529;76870,1633705937;78417,8847807399;87446,2596732593;98280,3095442826;106706,792777301;150472,914875323;190799,65606191;229148,753224421;214703,35339639;269475,494411007;266036,113499572;303955,288048153;
"Anguilla";;;;;;;;;;;;;;;;;;;;;;;;;;;;;;;;;;;;;;;;;;;;;;;;;;;;
"Antigua and Barbuda";;;;;;;;;;;;;;;;;;;;;;;;;;;;;;;;;;;;;;;;;;;;;;;;;;;;
"Argentina";;;;;;;;;;;;132760,103181428;129320,722269992;257437,661220982;432330,1805675;447205,503009461;431040,412725712;495786,758383494;666552,020636289;916595,012897683;1302149,61306965;1262682,71711093;1512725,70937232;1583748,92519347;1709372,31298367;1775236,45743767;1806448,83920895;1877987,96216682;1292605,33104042;1114789,33791918;1537059,32932073;1394754,94411007;1666723,98968187;2052192,60533105;2352622,52794498;2307136,71539124;1970077,38607052;2408856,40584696;2273000,85984524;1839380,91143595;2474118,65864146;3183404,98710234;3082545,14187448;2907394,6689596;2617368,87360277;2923817,71281171;3263112,63972487;2611092,00343939;2615391,22957869;2911951,84866726;2887962,16680999;
"Armenia";;;;;;;;;;;;;;;;;;;;;;;;;;;;;;;133705,932932073;132932,072227;261736,887360277;369131,556319864;302149,613069649;165004,29922614;135167,669819433;119518,4866724;132158,211521927;103181,427343079;108426,483233019;83233,0180567502;142562,338779021;170421,324161652;171797,076526226;152450,558899399;156921,754084266;159329,320722271;154514,18744626;173602,75150473;219776,440240758;
"Aruba";;;;;;;;;;;;;;;;;;;;;;;;;;;;;;;;;;;;;;;;;;;;;;;;;;;;
"Australia";343766,122098024;397334,479793639;422785,898538265;567411,865864147;588134,135855549;713069,64746346;607394,66895959;655374,032674122;654084,264832334;719862,424763546;764230,43852107;995786,758383496;995098,882201209;981169,389509894;1134995,70077387;1262596,73258814;1295356,83576957;1130438,52106621;1193637,14531385;1321496,13069648;1112811,6938951;1210318,14273431;1169045,57179708;1043164,23043853;1039208,94239038;1174720,55030095;1246947,54944111;1169131,55631987;1229406,70679278;1242906,27687017;1216509,0283749;1360361,13499571;1319776,44024076;1422098,02235598;1406276,87016338;1365864,14445401;1324849,52708513;1419776,44024076;1322699,91401548;1393207,22269992;1406706,79277731;1424161,65090285;1365176,26827172;1400687,87618229;1379707,65262254;1311865,86414446;1350042,9922614;1227773,00085985;1023989,68185727;944539,9828031;1072141,01461737;1274204,64316424
"Austria";976698,194325027;963198,624247641;996044,711951854;977300,085984528;1093035,25365435;1349441,1006019;1465262,2527945;1495098,88220121;1533619,94840929;1401977,64402408;1783319,00257954;1394411,00601892;1442390,36973346;1612209,80223561;1907738,60705074;2018314,70335341;1721324,16165091;2107910,57609631;2106620,80825453;2373086,84436803;2469905,41702495;2652364,57437663;2656577,81599314;2631642,30438522;2482287,18830612;2660275,15047293;2675580,39552882;3098108,34049873;3078761,8228719;3034135,85554602;2709286,32846089;2703611,34995702;2996388,65004301;3156147,89337921;3070335,33963888;3187188,30610492;2942046,43164232;3104471,19518488;3195442,82029236;3499484,0928633;3597248,49527087;3478503,86930354;3458899,39810836;2855975,92433364;3160963,02665522;3153654,34221842;3081513,32760105;3190283,74892521;3297764,40240758;3517282,88907998;3302321,58211524;2899054,17024937
"Azerbaijan";;;;;;;;;;;;;;;;;;;;;;;;;;;;;;;60189,1659501293;151160,79105761;150214,961306966;206362,854686158;157265,692175409;133791,917454859;132244,196044713;147205,503009459;167755,803955289;129492,691315564;131900,257953569;111865,864144455;173688,736027516;212295,786758385;236887,360275152;258727,42906277;216509,028374894;203095,442820293;191917,454858127;198538,263112641;296302,665520208;
"Bahamas";;;;;;;;;;;;;;;;;;;;;;;;;;;;;;;;;;;;;;;;;;;;;;;;;;;;
"Bahrain";;;;;;;;;;;;;;;;;;;;;;;;;;;;;;;;;;;;;;;;;;;;;;;;;;;;
"Bangladesh";;;;;;;;;;;;15047,2914875323;15047,2914875323;28460,8770421326;20894,2390369735;37489,251934652;42476,3542562341;37575,2364574379;43508,1685296649;50472,9148753227;50128,9767841791;53740,3267411869;44969,9054170252;56921,7540842651;77128,1169389514;63542,5623387794;38693,0352536546;44453,9982803098;58039,5528804818;79105,7609630271;76010,3181427347;72055,0300945834;68443,6801375756;52278,5898538266;72828,8907996564;31986,2424763544;63542,5623387794;61822,8718830614;74376,6122098026;71625,1074806539;81341,3585554604;85382,6311263977;91659,5012897683;96818,5726569223;105417,024935512;111177,987962167;119432,502149614;119690,455717971;126741,186586415;133447,979363715;142906,276870164;
"Barbados";;;;;;;;;;;;;;;;;;;;;;;;;;;;;;;;;;;;;;;;;;;;;;;;;;;;
"Belarus";;;;;;;;;;;;;;;;;;;;;;;;;;;;;;;1719,69045571798;1547,72141014618;1461,73688736028;1633,70593293208;1633,70593293208;1719,69045571798;1375,75236457438;1805,67497850388;2407,56663800517;1633,70593293208;2321,58211521927;2579,53568357697;2493,55116079107;2407,56663800517;2837,48925193467;3095,44282029236;3009,45829750646;3009,45829750646;3353,39638865006;3783,31900257956;3869,30352536546;
"Belgium";14789,3379191746;16251,0748065349;14015,4772141015;12381,7712811695;9888,22012037838;23387,7901977645;25709,3723129838;20464,316423044;20980,2235597594;19776,4402407568;21152,1926053312;11521,9260533105;15477,2141014618;14703,3533963887;20636,2854686158;15735,1676698195;9372,31298366299;19260,5331040414;19174,5485812555;20120,3783319004;23903,6973344799;32760,1031814275;28632,8460877044;28890,7996560621;30180,5674978506;24677,558039553;29492,6913155634;36887,3602751507;30868,4436801377;26225,2794496992;22871,8830610491;19690,4557179709;29320,7222699916;21840,0687876183;29750,6448839211;29062,7687016339;20550,3009458299;26225,2794496992;33447,9793637147;29320,7222699916;39552,8804815135;37919,1745485815;30954,4282029236;21238,177128117;27257,09372313;24763,5425623389;30868,4436801377;33447,9793637147;35253,6543422186;28202,9234737749;26827,1711092005;17110,9200343939
"Belize";;;;;;;;;;;;;;;;;;;;;;;;;;;;;;;;;;;;;;;;;;;;;;;;;;;;
"Benin";;;;;;;;;;;;;;;;;;;;;;;;;;;;;;;;;;;;;;171,969045571798;171,969045571798;171,969045571798;171,969045571798;171,969045571798;171,969045571798;171,969045571798;85,984522785899;85,984522785899;;;;;;
"Bermuda";;;;;;;;;;;;;;;;;;;;;;;;;;;;;;;;;;;;;;;;;;;;;;;;;;;;
"Bhutan";;;;;;;;;;;;;;;;;;;;;;;;;;;;;;;;;;;;;;;;;;;;;;;;;;;;
"Bolivia";;;;;;;;;;;;77214,1014617373;81599,3121238182;83576,9561478938;88907,9965606196;92347,3774720555;96818,5726569223;102235,597592434;108254,514187447;110576,096302666;91401,5477214106;99398,1083404992;98452,2785898544;98280,3095442826;100085,984522786;98194,3250214966;95786,7583834915;91229,5786758388;100000,000000001;100343,938091144;101461,736887361;112037,833190026;108770,421324162;129148,75322442;113155,631986243;108598,45227859;122527,944969906;134565,778159932;133791,917454859;153568,357695616;167239,896818574;183061,049011179;189423,903697335;170851,246775581;184780,739466897;168873,602751506;185640,584694756;199398,1083405;198624,247635427;197420,464316424;187618,228718832;
"Bosnia and Herzegovina";;;;;;;;;;;;;;;;;;;;;;;;;;;;;;;262940,670679279;441788,478073949;293035,253654344;203525,365434223;297420,464316425;313241,61650903;443336,199484095;400257,95356836;391831,470335342;475666,380051593;438005,15907137;445485,812553743;452966,466036116;387016,337059331;514101,46173689;515735,167669822;503611,34995701;344024,075666382;418486,67239897;536457,437661224;690111,779879625;
"Botswana";;;;;;;;;;;;;;;;;;;;;;;;;;;;;;;;;;;;;;;;;;;;;;;;;;;;
"Brazil";;;;;;;;;;;;3714445,39982805;4357781,59931215;4977644,02407569;5647377,47205506;6215563,19862428;7129234,73774724;8037833,19002584;8834565,77815998;10024075,6663801;11084006,8787619;11243766,1220981;12135167,6698195;13024505,588994;14324419,6044713;15337489,2519347;15685210,6620809;15958727,4290629;17118916,595013;17600171,9690457;17773688,7360276;18725881,3413587;19204041,272571;20211951,8486674;20868873,6027516;21831900,2579537;22852020,6362856;23987274,2906278;25061822,8718832;25193465,1762684;26173946,689596;23033190,0257955;24599484,0928634;26278245,9157353;27583576,956148;29016079,1057611;29991831,4703355;32159501,289768;31776096,3026657;33618916,5950131;34676612,2098024;
"British Virgin Islands";;;;;;;;;;;;;;;;;;;;;;;;;;;;;;;;;;;;;;;;;;;;;;;;;;;;
"Brunei";;;;;;;;;;;;;;;;;;;;;;;;;;;;;;;;;;;;;;;;;;;;;;;;;;;;
"Bulgaria";;;;;;;;;;;;186586,414445401;180137,575236458;220980,22355976;178847,80739467;210920,03439381;253998,280309546;303439,380911438;250128,97678418;284694,754944112;319260,533104043;311092,003439383;262252,794496992;288134,135855548;280309,544282031;192261,39294927;200000,000000001;218228,718830612;223215,821152194;231384,350816854;161478,933791918;209888,220120379;177386,07050731;166981,943250216;126225,2794497;198968,18572657;250988,822012039;236801,375752366;266294,067067929;236715,39122958;229836,629406708;149355,116079107;188650,042992262;260447,119518488;272398,968185728;372914,875322444;364402,40756664;247119,518486674;242820,292347379;298366,29406707;434823,731728291;
"Burkina Faso";;;;;;;;;;;;;;;;;;;;;;;;;;;;;;;;;;;;;;;;;;;;;;;;;;;;
"Burundi";;;;;;;;;;;;;;;;;;;;;;;;;;;;;;;;;;;;;;;;;;;;;;;;;;;;
"Cambodia";;;;;;;;;;;;;;;;;;;;;;;;;;;;;;;;;;;;;;;;;;;2493,55116079107;3525,36543422186;2321,58211521927;3783,31900257956;4127,25709372315;4041,27257093725;3697,33447979366;3181,42734307826;2235,59759243337;
"Cameroon";;;;;;;;;;;;89939,8108340504;92261,3929492696;91831,4703353401;102321,58211522;111349,957007739;107996,560619089;105331,040412726;108254,514187447;112467,755803956;117368,873602752;155631,986242477;175236,457437662;179621,668099743;187274,290627688;205331,040412727;209028,37489252;210748,065348238;221152,192605332;229062,768701635;228374,892519348;229664,660361136;232330,180567499;240928,632846089;231126,397248496;236715,39122958;246603,611349958;265864,144454;267927,773000861;286672,398968187;295958,727429064;298710,232158213;273602,751504731;303353,396388652;337059,329320724;324333,619948411;334651,762682719;330782,459157353;363886,500429925;345313,84350817;366294,06706793;
"Canada";9182459,15735173;9012467,755804;9025881,3413586;9009716,25107485;9831642,30438526;10153740,3267412;11263972,4849528;11515391,2295787;11711092,0034394;12952536,5434223;13597334,4797937;13969131,5563199;15618142,7343079;16737231,2983664;18114101,461737;17409286,328461;18287962,1668101;18929234,7377473;20228202,9234739;20990627,6870164;21594840,928633;22873172,8288909;22166380,0515908;22867755,8039554;24602149,6130698;26108770,4213243;26709802,2355977;27188822,012038;26434651,7626829;25051590,7136717;25514789,3379193;26505932,9320724;27203611,3499572;27820808,2545143;28360619,0885642;28884178,8478076;30580137,5752366;30154600,1719692;28537403,267412;29730266,5520208;30826225,2794499;28660275,1504731;30142218,400688;29015047,2914877;29306534,8237319;31266122,0980225;30339810,83405;31606620,8082547;32183662,9406708;31698022,3559761;30221840,0687878;32364144,4539985
"Cape Verde";;;;;;;;;;;;;;;;;;;;;;;;;;;;;;;;;;;;;;;;;;;;;;;;;;;;
"Cayman Islands";;;;;;;;;;;;;;;;;;;;;;;;;;;;;;;;;;;;;;;;;;;;;;;;;;;;
"Central African Republic";;;;;;;;;;;;;;;;;;;;;;;;;;;;;;;;;;;;;;;;;;;;;;;;;;;;
"Chad";;;;;;;;;;;;;;;;;;;;;;;;;;;;;;;;;;;;;;;;;;;;;;;;;;;;
"Channel Islands";;;;;;;;;;;;;;;;;;;;;;;;;;;;;;;;;;;;;;;;;;;;;;;;;;;;
"Chile";;;;;;;;;;;;413499,570077388;492691,315563201;481083,404987105;547205,503009461;549269,131556323;567411,865864147;599226,13929493;623473,774720554;640412,725709376;676784,178847811;700773,860705077;766466,036113504;826569,217540847;857695,614789342;951848,667239902;1017196,90455719;1102579,53568358;1079793,63714532;906534,823731733;767669,819432506;1129320,72227;1440240,75666381;1534995,70077387;1460533,10404128;1583319,00257954;1448065,34823732;1629062,76870164;1370937,23129837;1168529,66466037;1592089,42390371;1805932,93207224;1914445,39982804;1863628,54686158;1889853,82631127;2277128,11693896;2504643,16423045;1988822,01203784;2080223,55975925;2175064,4883921;1867325,88134137;1806448,83920895
"China";;;;;;;;;;;;2579535,68357697;2923473,77472057;3267411,86586416;3697334,47979366;3869303,52536546;3920894,23903699;4092863,28460879;3834909,7162511;4307824,59157354;5005159,07136718;5636285,46861568;6397248,49527088;7425623,38779024;7461736,88736032;7942390,36973349;8128116,93895103;8599312,12381776;9385210,66208088;10179707,6526226;10895958,7274291;10755803,9552881;11390369,733448;13054084,2648324;14393809,1143595;16386672,3989683;16162166,8099743;16851504,7291488;17884780,739467;17524247,6354257;19124161,6509029;23854858,1255375;24761306,9647465;24392175,4084266;30399312,1238179;34137317,2828893;37470851,2467758;41725193,4651765;50317024,9355119;52935511,6079109;62095614,7893382;
"Christmas Island";;;;;;;;;;;;;;;;;;;;;;;;;;;;;;;;;;;;;;;;;;;;;;;;;;;;
"Cocos Island";;;;;;;;;;;;;;;;;;;;;;;;;;;;;;;;;;;;;;;;;;;;;;;;;;;;
"Colombia";;;;;;;;;;;;572914,875322445;627515,047291491;682631,126397252;760877,04213242;765348,237317287;790799,656061913;898796,216681002;1037833,1900258;1140154,77214102;1228288,90799657;1228804,81513328;1299914,01547722;1312295,78675839;1466122,09802236;1577214,10146175;1824591,57351678;1989079,9656062;2096044,71195186;2292261,39294928;2364316,42304386;2384006,87876184;1915821,15219262;2395270,85124679;2756577,81599314;2765262,25279451;3051676,69819434;2706276,87016339;2646775,58039554;2901203,78331902;2757867,58383492;2734135,85554602;2920722,26999142;3110404,12725711;3446001,71969047;3422441,96044714;3675150,4729149;3821582,11521928;3989939,81083407;3529664,66036115;3473860,70507311;
"Comoros";;;;;;;;;;;;;;;;;;;;;;;;;;;;;;;;;;;;;;;;;;;;;;;;;;;;
"Congo, Dem. Rep.";;;;;;;;;;;;295528,804815135;295528,804815135;323989,681857267;291831,470335341;318658,641444542;344625,967325883;349527,085124679;343938,091143596;341272,570937233;364832,330180569;358469,475494413;354514,187446262;385124,677558042;403697,334479796;432244,196044714;452192,605331043;450730,868443683;451246,775580398;594582,975064492;483662,940670682;452192,605331043;520550,300945832;475322,44196045;455202,063628549;529578,675838352;523731,728288911;431986,242476357;404901,117798798;455717,970765265;515563,19862425;513671,539122961;525365,434221843;529664,660361138;608598,452278593;635425,623387794;646603,61134996;672398,96818573;643078,245915739;670335,339638869;674892,519346521;
"Congo, Rep.";;;;;;;;;;;;4643,16423043855;5674,97850386933;4299,22613929495;4729,14875322444;4987,10232158214;5417,02493551164;4127,25709372315;945,829750644889;6620,80825451422;8598,4522785899;8856,4058469476;14961,3069647464;19948,4092863286;21582,1152192606;25021,4961306966;23043,8521066209;23903,6973344799;24849,5270851248;34135,8555460019;42132,4161650905;41272,5709372315;36457,4376612212;30868,4436801377;27687,0163370595;30266,5520206364;39208,9423903699;38779,0197764404;29406,7067927775;8168,5296646604;25365,4342218402;28718,8306104903;34049,871023216;29406,7067927775;28374,8925193467;30524,5055889941;31986,2424763544;28804,8151332762;32244,1960447121;28374,8925193467;36973,3447979366;
"Cook Is";;;;;;;;;;;;;;;;;;;;;;;;;;;;;;;;;;;;;;;;;;;;;;;;;;;;
"Costa Rica";;;;;;;;;;;;88392,0894239042;94411,0060189171;97248,4952708518;107308,684436802;111349,957007739;124591,573516768;114961,306964747;127085,124677559;139552,880481514;182287,188306106;196474,634565779;205245,055889941;239552,880481515;258297,506448841;236973,344797938;248581,255374034;257953,568357697;261908,856405848;286156,491831472;290799,65606191;314359,415305247;308168,529664662;338091,143594155;339036,9733448;305674,978503871;327773,000859847;413413,585554602;368615,649183149;441702,493551163;488736,02751505;469303,525365437;513413,585554603;517798,796216684;572914,875322445;564574,376612213;567583,834909719;582029,23473775;635167,669819436;621238,17712812;624505,588993984;
"Cote d'Ivoire";;;;;;;;;;;;11951,84866724;19432,5021496132;14445,399828031;23817,712811694;32932,0722269993;29578,6758383493;19088,5640584696;14359,4153052451;62768,7016337063;116251,074806535;148753,224419605;148581,255374033;83920,8942390374;32072,2269991403;116766,981943251;102751,504729149;90455,7179707658;106706,792777301;137059,329320723;113671,539122958;107824,591573517;90111,7798796222;94496,990541703;100945,829750645;153396,388650044;153224,419604472;161564,918314704;118400,687876183;150816,852966467;151676,698194326;154772,141014618;148667,239896819;157523,645743767;150300,945829751;123559,759243337;129836,629406708;154514,18744626;163198,624247636;183233,018056751;139122,957867585;
"Croatia";;;;;;;;;;;;;;;;;;;;;;;;;;;;;;;327171,109200346;496130,696474637;373258,813413588;373602,751504731;423903,697334482;452708,512467758;621496,130696478;454600,171969048;469303,525365437;566638,005159074;505073,086844371;562940,670679281;461306,964746348;419260,533104044;598280,309544285;544539,982803098;515907,136715394;364230,438521068;448495,270851249;578675,8383491;716165,090283753;
"Cuba";;;;;;;;;;;;9458,29750644889;6362,85468615652;5331,04041272574;7652,62252794501;5417,02493551164;4557,17970765265;6276,87016337063;7136,71539122962;8942,3903697335;8340,4987102322;5159,07136715394;3697,33447979366;5417,02493551164;6018,91659501293;4643,16423043855;5073,08684436804;3783,31900257956;6276,87016337063;7050,73086844372;7824,59157351681;9028,37489251939;6964,74634565782;7050,73086844372;4213,24161650905;6362,85468615652;8168,5296646604;11177,9879621669;8340,4987102322;8856,4058469476;7652,62252794501;6448,83920894242;9114,3594153053;11006,0189165951;7566,63800515911;5846,94754944113;8082,54514187451;10404,1272570938;11865,8641444541;12983,6629406707;8340,4987102322;
"Cyprus";;;;;;;;;;;;;;;;;;;;;;;;;;;;;;;;;;;;;;;;;;;;;;;;;;;;
"Czech Republic";;;;;;;;;;;;103869,303525366;108684,436801376;92949,2691315568;156405,84694755;155975,924333621;124333,61994841;169131,556319863;157351,676698195;197162,510748066;206276,870163372;177214,101461738;143594,153052451;142304,385210663;111607,910576097;143680,137575237;161306,964746347;211951,848667241;180481,513327602;141272,570937232;99828,0309544287;93637,145313844;120550,30094583;117712,811693896;125537,403267413;172141,01461737;169303,525365435;146087,704213242;120034,393809115;144539,982803096;151160,79105761;176612,209802237;214273,43078246;118916,595012898;173602,75150473;204643,16423044;219260,533104042;179621,668099743;174032,67411866;208856,405846949;239810,834049872;183834,909716252
"Czechoslovakia";;;;;;;;;;;;;;;;;;;;;;;;;;;;;;;;;;;;;;;;;;;;;;;;;;;;
"Denmark";2149,61306964747;2235,59759243337;2235,59759243337;2149,61306964747;2149,61306964747;2149,61306964747;2235,59759243337;2149,61306964747;1805,67497850388;1891,65950128978;2063,62854686158;2063,62854686158;2063,62854686158;2063,62854686158;2063,62854686158;2063,62854686158;2063,62854686158;1891,65950128978;1977,64402407568;2149,61306964747;2579,53568357697;2837,48925193467;2665,52020636287;2923,47377472057;2579,53568357697;2579,53568357697;2493,55116079107;2493,55116079107;2837,48925193467;1977,64402407568;2407,56663800517;2149,61306964747;2407,56663800517;2407,56663800517;2837,48925193467;2579,53568357697;1633,70593293208;1633,70593293208;2321,58211521927;2665,52020636287;2579,53568357697;2407,56663800517;2751,50472914877;1805,67497850388;2321,58211521927;1977,64402407568;1977,64402407568;2407,56663800517;2235,59759243337;1633,70593293208;1805,67497850388;1461,73688736028
"Djibouti";;;;;;;;;;;;;;;;;;;;;;;;;;;;;;;;;;;;;;;;;;;;;;;;;;;;
"Dominica";;;;;;;;;;;;;;;;;;;;;;;;;;;;;;;;;;;;;;;;;;;;;;;;;;;;
"Dominican Republic";;;;;;;;;;;;46087,7042132419;49527,0851246778;45571,7970765265;43164,2304385213;36715,3912295789;67153,9122957871;39208,9423903699;63972,4849527088;71195,1848667244;47979,3637145316;117540,842648324;72055,0300945834;80825,451418745;99140,1547721415;98366,2940670684;119174,548581256;131986,242476355;141874,462596733;40756,6638005161;30008,5984522788;43594,1530524508;45829,7506448842;97076,52622528;45829,7506448842;51934,651762683;74204,6431642308;57179,7076526228;63026,655202064;94496,990541703;65520,206362855;59845,2278589857;74892,519346518;102579,535683578;137575,236457438;164058,469475495;150472,914875323;146259,673258814;119002,579535684;145485,812553741;154170,249355117;
"East Germany";;;;;;;;;;;;;;;;;;;;;;;;;;;;;;;;;;;;;;;;;;;;;;;;;;;;
"Ecuador";;;;;;;;;;;;37833,1900257956;38263,1126397251;37403,2674118661;42992,2613929495;53998,2803095446;52020,6362854689;47979,3637145316;68013,7575236461;60963,0266552024;74978,5038693039;66981,9432502153;76956,1478933796;147979,363714532;277987,962166811;281943,250214963;344969,905417027;392949,269131558;414961,306964749;425967,325881344;428804,815133278;436371,453138437;427687,016337062;499570,077386073;564488,392089427;443766,122098025;545485,812553743;561822,871883064;559415,305245059;617110,920034397;654256,233877906;607996,560619092;647033,53396389;617454,858125541;637317,282889083;591831,470335343;613069,64746346;777042,132416169;971109,200343943;792949,269131561;742562,338779024;
"Egypt";;;;;;;;;;;;433447,979363717;443594,153052453;443336,199484095;526397,248495274;583834,909716254;688134,13585555;777042,132416169;801375,752364579;817712,8116939;842734,307824596;878331,900257958;900601,891659506;844110,06018917;828288,907996565;744883,920894243;798022,355975929;744453,998280314;773860,705073091;857609,630266557;853998,280309549;851246,7755804;834049,87102322;901547,721410151;943336,199484098;981341,358555465;993551,160791063;1030696,47463457;1050902,83748926;1260447,11951849;1177730,00859846;1300945,82975065;1105674,97850388;1119432,50214962;1087188,30610491;1087188,30610491;1111349,95700774;1333619,94840929;1262424,76354257;1106018,91659502;1121754,08426484;
"El Salvador";;;;;;;;;;;;44883,9208942393;38005,1590713674;42304,3852106623;48323,3018056752;24591,5735167671;16852,9664660362;35339,6388650045;57265,6921754087;88650,0429922619;81341,3585554604;46947,5494411009;38865,0042992264;69045,5717970769;74720,5503009462;100687,876182288;105846,947549442;97506,4488392095;111951,84866724;122527,944969906;141702,493551162;109028,37489252;121754,084264833;130524,505588995;124505,588993982;126483,233018057;161908,856405848;122871,88306105;134651,762682718;151934,651762684;101031,814273431;100085,984522786;97936,371453139;126053,310404128;119346,517626828;143508,168529665;168701,633705934;149527,085124678;175236,457437662;129406,706792778;179191,745485814;
"Equatorial Guinea";;;;;;;;;;;;;;;;;;;;;;;;;;;;;;;;;;;;;;;;;;;;;;;;;;;;
"Eritrea";;;;;;;;;;;;;;;;;;;;;;;;;;;;;;;;;;;;;;;;;;;;;;;;;;;;
"Eritrea and Ethiopia";;;;;;;;;;;;;;;;;;;;;;;;;;;;;;;;;;;;;;;;;;;;;;;;;;;;
"Estonia";;;;;;;;;;;;;;;;;;;;;;;;;;;;;;;;;85,984522785899;85,984522785899;257,953568357697;171,969045571798;171,969045571798;257,953568357697;343,938091143596;343,938091143596;429,922613929495;601,891659501293;515,907136715394;1117,79879621669;1891,65950128978;1891,65950128978;1203,78331900259;1805,67497850388;2407,56663800517;2751,50472914877;2321,58211521927;2579,53568357697
"Ethiopia";;;;;;;;;;;;26139,2949269133;26827,1711092005;28632,8460877044;29922,6139294928;30008,5984522788;31212,3817712813;32244,1960447121;34909,716251075;37747,2055030097;41616,5090283751;43594,1530524508;49871,0232158214;54170,2493551164;59329,3207222703;58039,5528804818;61650,9028374896;61994,8409286332;61220,9802235601;61994,8409286332;91315,5631986247;93035,2536543427;98968,1857265698;108598,45227859;116423,043852107;122785,898538264;129836,629406708;134651,762682718;135769,561478935;138005,159071368;141530,52450559;171281,169389511;173946,689595874;196044,71195185;216766,981943251;243594,153052452;280223,559759245;291057,609630268;283404,987102323;303009,458297508;423989,681857268;
"Faeroe Islands";;;;;;;;;;;;;;;;;;;;;;;;;;;;;;;;;;;;;;;;;;;;;;;;;;;;
"Falkland Is (Malvinas)";;;;;;;;;;;;;;;;;;;;;;;;;;;;;;;;;;;;;;;;;;;;;;;;;;;;
"Fiji";;;;;;;;;;;;;;;;;;;;;;;;;;;;;;;;;;;;;;;;;;;;;;;;;;;;
"Finland";453052,450558902;689853,826311268;840068,787618233;719948,409286332;716766,981943254;804299,226139299;892605,331040418;999914,01547722;901891,659501295;751934,651762687;796044,711951853;913757,523645749;887618,228718835;904127,257093728;1086070,50730869;1044883,92089424;811263,972484957;1042132,4161651;837661,220980228;934651,762682722;878417,884780744;1173946,68959588;1125365,43422185;1167583,83490972;1138950,98882202;1060447,11951849;1065262,2527945;1186156,49183148;1148839,2089424;1120292,34737748;933705,932932077;1134737,74720551;1298968,18572658;1158727,42906277;1013499,57007739;1111349,95700774;1019776,44024076;1052622,52794498;1294153,05245057;1098882,20120379;1260533,10404128;1135425,6233878;926569,217540848;824677,558039557;1295786,7583835;1185210,66208083;988306,104901123;1219002,57953569;1471367,1539123;1090799,65606191;1111092,00343939;1072914,87532245
"France";3515649,18314705;3329148,75322444;3117884,78073948;3784178,84780742;3026655,20206364;4030524,50558902;4488134,13585557;3901031,81427345;4334909,7162511;4551418,74462599;4873086,84436804;4200085,98452281;4197936,37145316;4100429,92261395;4834221,84006881;5167841,7884781;4174548,5812554;6561650,90283752;5876870,16337062;5709630,26655205;5977300,08598456;6206878,7618229;6066809,97420468;5970335,3396389;5647549,44110063;5323817,71281172;5372570,93723133;6061736,88736031;6579707,65262256;4010060,18916597;4626311,26397251;4952966,46603614;5929578,67583838;5581513,32760106;6777128,11693899;6270421,32416168;5682803,09544285;5484866,72398971;5339638,86500433;6238865,00429926;5772742,9062769;6417368,87360279;5210490,11177991;5086758,383491;5148323,3018057;4449441,10060192;4828976,78417887;4980739,46689599;5469045,57179711;4918572,65692178;5332158,21152195;3878417,88478076
"French Guiana";;;;;;;;;;;;;;;;;;;;;;;;;;;;;;;;;;;;;;;;;;;;;;;;;;;;
"French Polynesia";;;;;;;;;;;;;;;;;;;;;;;;;;;;;;;;;;;;;;;;;;;;;;;;;;;;
"Gabon";;;;;;;;;;;;;429,922613929495;429,922613929495;8598,4522785899;12295,7867583836;13929,4926913156;25881,3413585556;25451,4187446261;26655,2020636287;22355,9759243337;35425,6233877904;41874,4625967328;47033,5339638868;52450,5588993984;57351,6766981946;59587,274290628;60017,1969045575;60963,0266552024;58039,5528804818;60619,0885640588;60791,0576096306;61220,9802235601;61049,0111779883;64144,4539982806;68013,7575236461;66208,0825451422;69561,4789337923;69819,43250215;71453,1384350821;69045,5717970769;75494,4110060193;79363,7145313848;77386,0705073091;76784,1788478078;69819,43250215;81255,3740326746;68873,6027515051;76870,1633705937;76182,2871883065;69561,4789337923;
"Gambia";;;;;;;;;;;;;;;;;;;;;;;;;;;;;;;;;;;;;;;;;;;;;;;;;;;;
"Georgia";;;;;;;;;;;;;;;;;;;;;;;;;;;;;;;651504,729148757;638263,112639728;559243,336199487;567669,819432505;582287,188306108;447377,472055032;515907,136715394;519948,409286331;547893,379191748;553912,295786761;503869,303525368;476526,225279452;581857,265692178;561134,995700777;520120,378331903;536199,484092866;457007,738607053;586242,476354259;615821,152192609;637317,282889083;805417,024935516;
"Germany";1034737,74720551;1025107,48065349;980739,466895964;962510,748065353;952364,574376617;1226397,24849528;1359071,36715392;1316509,0283749;1343078,24591574;1127601,03181428;1507050,73086845;1156921,75408427;1134909,71625108;1309802,2355976;1516766,98194326;1466294,06706794;1190713,67153913;1511006,0189166;1578503,86930353;1580137,57523647;1639638,86500431;1711521,92605332;1697076,52622529;1608168,52966467;1588478,0739467;1493637,14531385;1596388,650043;1748581,25537404;1725279,44969906;1566552,02063629;1498366,29406708;1280395,52880482;1495872,74290628;1537231,2983663;1713671,53912297;1872742,90627688;1887962,16680998;1492433,36199485;1480309,54428204;1689337,91917456;1868615,64918316;1954686,15649184;1988306,10490113;1656405,84694756;1812295,78675839;1683662,94067069;1713757,52364575;1797334,47979365;1800687,8761823;1604471,19518488;1756405,84694756;1579707,65262254
"Ghana";;;;;;;;;;;;250128,97678418;285554,600171971;332932,072227001;350644,883920896;339552,880481515;358899,398108342;377815,99312124;319948,40928633;398194,325021498;453654,342218403;459243,336199487;424849,527085127;219088,564058471;154686,156491832;256835,76956148;375924,33361995;402063,628546864;413413,585554602;449785,038693038;491917,454858128;525279,449699057;567669,819432505;540928,632846091;522957,867583838;524247,635425626;569647,463456581;589079,965606194;329320,722269993;444453,998280312;568357,695614792;568185,72656922;433018,056749787;334049,871023218;454084,264832333;484006,878761825;483147,033533966;320464,316423046;532674,118658644;591315,563198628;601461,736887364;
"Gibraltar";;;;;;;;;;;;;;;;;;;;;;;;;;;;;;;;;;;;;;;;;;;;;;;;;;;;
"Greece";39982,803095443;49957,0077386073;55546,0017196908;72828,8907996564;67927,7730008602;68873,6027515051;148753,224419605;142734,307824592;117626,82717111;176698,194325022;226655,20206363;228030,954428204;230180,567497852;191143,594153053;201805,674978505;173258,813413586;161564,918314704;165262,252794498;256921,754084266;306620,808254516;292777,300085986;292949,269131558;306190,885640586;201203,783319004;246087,704213243;241186,586414447;278159,931212383;239036,973344799;203439,380911437;163370,593293208;152106,620808255;266466,036113501;189423,903697335;196216,680997422;223473,774720552;303439,380911438;373860,705073089;333791,91745486;319604,471195187;394840,928632848;317540,842648325;180309,54428203;240756,663800517;409802,235597595;401719,69045572;431384,350816855;504299,226139298;222785,898538264;284780,739466898;462080,825451421;641444,539982806;329406,706792779
"Greenland";;;;;;;;;;;;;;;;;;;;;;;;;;;;;;;;;;;;;;;;;;;;;;;;;;;;
"Grenada";;;;;;;;;;;;;;;;;;;;;;;;;;;;;;;;;;;;;;;;;;;;;;;;;;;;
"Guadeloupe";;;;;;;;;;;;;;;;;;;;;;;;;;;;;;;;;;;;;;;;;;;;;;;;;;;;
"Guam";;;;;;;;;;;;;;;;;;;;;;;;;;;;;;;;;;;;;;;;;;;;;;;;;;;;
"Guatemala";;;;;;;;;;;;22355,9759243337;19174,5485812555;20034,3938091145;21582,1152192606;24419,6044711953;26913,1556319864;20120,3783319004;24333,6199484094;23645,7437661222;20120,3783319004;24763,5425623389;34221,8400687878;56577,8159931215;42648,3233018059;47635,425623388;119088,56405847;117798,796216682;127257,093723131;143680,137575237;147721,410146174;147721,410146174;124419,604471196;132244,196044713;140498,710232159;163284,608770422;160877,042132417;158469,475494412;179449,699054171;197248,495270852;216852,966466037;189165,950128978;167669,819432503;159157,351676699;265606,190885642;326655,20206363;305760,963026657;277558,039552882;316680,997420466;215821,152192606;283233,018056751;
"Guernsey";;;;;;;;;;;;;;;;;;;;;;;;;;;;;;;;;;;;;;;;;;;;;;;;;;;;
"Guinea";;;;;;;;;;;;;;;;;;;;;;;;;;;;;;;;;;;;;;;;;;;;;;;;;;;;
"Guinea-Bissau";;;;;;;;;;;;;;;;;;;;;;;;;;;;;;;;;;;;;;;;;;;;;;;;;;;;
"Guyana";;;;;;;;;;;;;;;;;;;;;;;;;;;;;;;;;;;;;;;;;;;;;;;;;;;;
"Haiti";;;;;;;;;;;;2321,58211521927;6792,77730008602;7222,69991401552;10834,0498710233;14789,3379191746;14617,3688736028;13241,6165090284;16337,0593293208;16680,9974204644;18916,5950128978;21410,1461736889;20808,2545141876;16938,9509888221;17196,9045571798;18572,6569217542;27343,0782459159;27515,0472914877;33705,9329320724;34909,716251075;39294,9269131558;28546,8615649185;27601,0318142736;23559,7592433363;20034,3938091145;21754,0842648324;23387,7901977645;17196,9045571798;26311,2639724851;34823,7317282891;24333,6199484094;24333,6199484094;22355,9759243337;21926,0533104042;22355,9759243337;22785,8985382632;23301,8056749786;13241,6165090284;15563,1986242477;17798,7962166811;15219,2605331041;
"Holy See";;;;;;;;;;;;;;;;;;;;;;;;;;;;;;;;;;;;;;;;;;;;;;;;;;;;
"Honduras";;;;;;;;;;;;20808,2545141876;26139,2949269133;30868,4436801377;34393,8091143596;36113,4995700776;37145,3138435084;40326,7411865866;55631,9862424767;63714,5313843512;67239,896818573;70593,2932072231;72742,9062768706;71453,1384350821;75150,4729148757;112209,802235598;122785,898538264;150214,961306966;163370,593293208;171453,138435083;195958,727429064;198796,216680998;188478,073946691;194153,05245056;156233,877901978;143852,106620809;175322,441960448;179277,730008599;165348,237317284;183576,956147894;194325,021496132;163714,531384352;138521,066208083;149699,05417025;120464,316423044;147721,410146174;177987,962166811;190369,73344798;196990,541702495;240498,71023216;255030,094582976;
"Hong Kong, China";;;;;;;;;;;;;;;;;;;;;;;;;;;;;;;;;;;;;;;;;;;;;;;;;;;;
"Hungary";;;;;;6448,83920894242;8598,4522785899;7050,73086844372;7652,62252794501;8168,5296646604;7566,63800515911;8254,5141874463;9458,29750644889;8684,4368013758;6964,74634565782;14015,4772141015;14187,4462596733;12811,693895099;11865,8641444541;12553,7403267413;9630,26655202069;14445,399828031;13671,5391229579;13327,6010318143;15563,1986242477;13327,6010318143;13241,6165090284;14531,3843508169;14531,3843508169;13585,554600172;15305,24505589;16680,9974204644;13585,554600172;14273,4307824592;13843,5081685297;14015,4772141015;17798,7962166811;18572,6569217542;13327,6010318143;15563,1986242477;15305,24505589;15993,1212381772;16680,9974204644;14703,3533963887;17626,8271711093;17368,8736027516;15993,1212381772;18056,7497850388;18314,7033533965;19604,471195185;16165,090283749;19088,5640584696
"Iceland";45227,8589853829;49785,0386930355;51246,7755803958;54342,2184006882;56405,8469475497;55374,032674119;54170,2493551164;57523,6457437664;59415,3052450562;74290,6276870167;123043,852106621;134049,871023217;148237,31728289;189767,841788479;196474,634565779;191917,454858127;204041,272570938;218916,595012899;226483,233018058;245055,889939812;265434,22184007;268271,711092005;296216,680997422;311951,848667242;324935,511607912;318486,67239897;333963,886500432;340240,756663802;362080,825451421;366208,082545144;361478,933791919;361478,933791919;370593,293207225;384006,878761825;388220,120378334;402579,535683579;410318,14273431;447721,410146176;483319,002579538;519948,409286331;546517,626827174;565606,190885644;599914,015477217;609458,297506452;613413,585554604;603525,365434225;627085,124677561;721754,084264836;1068529,66466037;1055803,95528805;1082717,11092004;1075408,42648324
"India";;;;;;;;;;;;2410146,17368875;2339036,97334481;2491745,48581257;2397420,46431644;2864230,43852108;2996044,71195186;3269045,57179709;4056061,90885643;3911607,91057612;4003181,4273431;4263370,59329323;4160275,15047294;4296818,57265694;4640240,75666383;4388564,0584695;4631040,41272573;4080997,42046434;4977128,11693898;5342390,36973348;6161306,96474638;6257523,6457438;6009114,35941534;6060017,19690459;7113241,61650907;6242132,41616512;5926913,15563202;6419690,455718;7136973,34479798;6952106,62080829;6402579,53568361;6336801,3757524;5511951,84866727;6477987,96216684;7284866,72398972;8747205,5030095;9778159,93121244;10368787,6182288;9479363,71453144;8960533,10404132;9838693,03525371;
"Indonesia";;;;;;;;;;;;66466,0361134999;56749,7850386933;88564,058469476;94067,0679277735;102579,535683578;93895,0988822017;95528,8048151338;119002,579535684;123301,805674979;115649,183147034;140068,787618229;113327,601031815;156147,893379193;182115,219260534;257093,723129838;432502,149613072;383233,018056752;454084,264832333;575064,488392092;490799,656061912;569819,432502153;757695,614789342;677901,977644028;524677,558039556;647463,456577819;701719,690455722;439036,9733448;832416,165090288;808340,498710236;861220,980223564;1002149,61306965;854084,264832335;782373,172828895;831814,273430787;922184,006878767;827429,062768706;970421,324161656;991229,578675844;978847,807394674;1519862,42476355;
"Iran";;;;;;;;;;;;230352,536543423;303353,396388652;244368,013757525;294153,05245056;296216,680997422;341788,478073948;362252,794496992;537317,282889083;465950,128976787;483233,018056752;535597,592433365;554342,218400691;533361,994840932;494411,006018919;477214,101461739;646345,657781603;721410,146173692;628632,846087708;646775,580395532;523043,852106624;606706,792777303;819432,502149617;844625,967325886;640154,772141018;626655,202063632;635597,592433365;595786,758383494;605331,040412729;425021,496130699;313843,508168531;434823,731728291;692175,408426487;954256,233877907;913757,523645749;1384350,81685297;1570593,29320723;1546603,61134997;430180,567497853;621926,053310408;819088,564058474;
"Iraq";;;;;;;;;;;;17196,9045571798;17196,9045571798;24935,5116079107;34393,8091143596;39638,8650042994;39466,8959587276;48667,2398968188;60877,0421324165;88736,0275150478;59329,3207222703;52450,5588993984;51590,7136715394;51590,7136715394;52450,5588993984;52450,5588993984;51590,7136715394;223559,759243337;223559,759243337;223559,759243337;223559,759243337;77386,0705073091;60189,1659501293;51590,7136715394;48151,3327601034;49011,1779879624;49011,1779879624;49957,0077386073;50988,8220120381;52020,6362854689;52536,5434221843;53138,4350816856;44453,9982803098;37231,2983662943;42390,3697334482;515907,136715394;524161,65090284;493207,222699917;299656,061908858;277472,055030096;409802,235597595;
"Ireland";80137,5752364579;63456,5778159935;56663,8005159074;56319,8624247638;67411,8658641448;80911,435941531;73258,8134135859;68529,6646603615;66294,0670679281;50128,9767841791;68959,587274291;40068,7876182289;58641,4445399831;55374,032674119;67583,8349097166;44797,9363714534;51074,806534824;64402,4075666384;60017,1969045575;71023,2158211526;72055,0300945834;74118,6586414449;68959,587274291;67411,8658641448;59157,3516766985;71625,1074806539;79019,7764402412;58555,4600171972;74978,5038693039;59501,2897678421;59931,2123817716;64144,4539982806;70249,3551160795;65778,1599312127;79105,7609630271;61306,964746346;62080,8254514191;58297,5064488395;78761,8228718835;72742,9062768706;72742,9062768706;51246,7755803958;78417,8847807399;51418,7446259676;54170,2493551164;54256,2338779023;62252,7944969909;57351,6766981946;83319,0025795361;77558,0395528809;51504,7291487535;60791,0576096306
"Isle of Man";;;;;;;;;;;;;;;;;;;;;;;;;;;;;;;;;;;;;;;;;;;;;;;;;;;;
"Israel";;;;;;;;;;;;;;;;;;;;;;171,969045571798;171,969045571798;85,984522785899;171,969045571798;171,969045571798;515,907136715394;859,84522785899;859,84522785899;257,953568357697;257,953568357697;515,907136715394;2493,55116079107;2235,59759243337;1977,64402407568;2149,61306964747;2063,62854686158;2149,61306964747;2149,61306964747;2837,48925193467;2665,52020636287;859,84522785899;1805,67497850388;2665,52020636287;2407,56663800517;2407,56663800517;1289,76784178848;1203,78331900259;1375,75236457438;1891,65950128978;2493,55116079107;2407,56663800517
"Italy";3942906,27687018;3588306,10490114;3350300,94582977;3937145,31384353;3352794,49699056;3665864,14445402;3759243,3361995;3640584,69475496;3669561,47893381;3539638,86500432;3471453,1384351;3360189,16595015;3555288,04815135;3226397,24849529;3249957,00773862;3527171,10920036;3368529,66466038;4397162,51074809;3911521,92605333;3950730,8684437;3890283,74892521;3700257,95356838;3565090,28374894;3563628,54686158;3645829,7506449;3533276,01031816;3533619,94840931;3396818,57265694;3497506,44883923;2928374,89251936;2719346,51762684;3631900,25795359;3628546,86156494;3561908,85640587;3839896,81857268;3248667,23989684;3614531,38435084;3577214,10146176;3544282,02923476;3900687,87618231;3800945,82975066;4025021,49613072;3398108,34049873;3153052,45055892;3640412,72570939;3101203,78331902;3180911,43594155;2821668,09974206;3578933,79191747;4225107,4806535;4395184,86672401;3985296,64660363
"Jamaica";;;;;;;;;;;;10834,0498710233;12123,8177128118;8512,467755804;10490,1117798797;11263,9724849528;9458,29750644889;9372,31298366299;9888,22012037838;9888,22012037838;10318,1427343079;10748,0653482374;11607,9105760964;12897,6784178848;12897,6784178848;12897,6784178848;12897,6784178848;10748,0653482374;8684,4368013758;10920,0343938092;7566,63800515911;8254,5141874463;7480,65348237321;6190,88564058473;7652,62252794501;8254,5141874463;8770,4213241617;9458,29750644889;9802,23559759249;9974,20464316428;9888,22012037838;5159,07136715394;8082,54514187451;10060,1891659502;11521,9260533105;13069,6474634566;14273,4307824592;13757,5236457438;13585,554600172;12037,8331900259;13069,6474634566;
"Japan";5030094,58297509;5846947,54944113;5365434,2218401;5930352,53654345;5913155,63198628;6540842,64832334;6822871,88306109;5894239,03697338;6315563,19862428;6478933,79191749;6483233,01805678;7239896,8185727;7317282,88908;5741874,46259676;7109200,34393813;7171625,10748069;7187446,2596733;6274118,65864148;6022957,86758387;6942648,32330184;7591745,48581259;7531728,28890804;7016852,96646607;7246173,68873607;6157953,56835773;7125881,34135859;6948925,19346521;6430524,50558903;7763628,54686161;7888306,10490116;7678847,80739471;8382889,07996565;7097592,43336203;8219260,53310408;5783834,90971628;7060877,04213245;6923387,7901978;7721324,16165094;7954686,15649187;7430438,52106625;7502407,56663804;7236973,34479798;7083233,01805679;8134737,74720555;8087962,16681002;6575236,4574377;7525709,37231302;6363628,5468616;6573344,79793641;6611865,86414449;7068959,58727433;7165262,25279454
"Jersey";;;;;;;;;;;;;;;;;;;;;;;;;;;;;;;;;;;;;;;;;;;;;;;;;;;;
"Jordan";;;;;;;;;;;;;;;;;;;;;;;;;;;257,953568357697;1633,70593293208;2321,58211521927;1461,73688736028;945,829750644889;601,891659501293;1289,76784178848;1891,65950128978;1203,78331900259;1547,72141014618;1891,65950128978;1461,73688736028;1117,79879621669;1203,78331900259;3353,39638865006;3697,33447979366;4557,17970765265;3525,36543422186;4557,17970765265;4901,11779879624;4385,21066208085;5245,05588993984;5331,04041272574;5073,08684436804;5245,05588993984;
"Kazakhstan";;;;;;;;;;;;;;;;;;;;;;;;;;;;;;;633361,994840932;619088,564058473;590369,733447982;655975,924333624;789251,934651767;716337,059329324;630352,536543426;558813,413585558;528030,954428206;527257,093723133;647549,441100605;694840,92863285;764402,407566642;741616,509028379;692777,300085988;675494,411006022;667927,773000863;702579,535683581;641444,539982806;591487,532244199;689767,841788482;
"Kenya";;;;;;;;;;;;29148,7532244198;34479,7936371455;35081,6852966468;47033,5339638868;55803,9552880484;50128,9767841791;64402,4075666384;92261,3929492696;112467,755803956;91143,5941530529;122098,022355977;128374,892519347;149613,069647464;148237,31728289;173344,797936372;144453,99828031;164316,423043853;199742,046431643;212295,786758385;212983,662940672;238177,12811694;240412,725709374;257351,676698196;263800,515907138;271969,045571799;288392,089423905;280223,559759245;281513,327601033;209372,312983664;113929,492691316;206620,808254515;268185,726569219;280309,544282031;246689,595872744;260189,16595013;281857,265692177;299914,015477216;244969,905417026;186586,414445401;294668,959587276;
"Kiribati";;;;;;;;;;;;;;;;;;;;;;;;;;;;;;;;;;;;;;;;;;;;;;;;;;;;
"North Korea";;;;;;;;;;;;787618,228718835;801375,752364579;815133,276010322;828890,799656066;842648,32330181;856405,846947554;870163,370593298;883920,894239042;897678,417884786;911435,941530529;925193,465176273;938950,988822017;952708,512467761;966466,036113505;1057609,63026656;1117798,79621669;1169389,50988823;1289767,84178848;1289767,84178848;1341358,55546002;1289767,84178848;1220980,22355977;1143594,15305246;1186586,41444541;1220980,22355977;1074806,53482374;920034,393809119;877042,13241617;885640,58469476;877042,13241617;911435,941530529;913155,631986247;1007738,60705074;1074806,53482374;1129148,75322443;1085124,67755805;1141874,46259674;1209630,26655203;1071711,09200345;1152880,48151333;
"South Korea";;;;;;;;;;;;113499,570077387;117540,842648324;110404,127257094;163886,500429924;144711,951848668;153826,311263973;119776,440240757;155460,017196905;200171,969045573;170593,293207224;232932,072227;172398,968185728;234135,855546003;206276,870163372;314617,368873604;345571,797076528;459501,289767844;306620,808254516;394496,990541705;546947,549441104;299742,046431644;266294,067067929;363456,577815995;201719,690455719;237317,282889081;208426,483233019;241874,462596734;367927,773000862;357609,630266554;344797,936371455;356921,754084267;277987,962166811;421496,130696477;372312,983662943;315821,152192607;298194,325021498;312209,802235599;263972,48495271;241874,462596734;316595,01289768;406104,901117801
"United Korea (former)";;;;;;;;;;;;;;;;;;;;;;;;;;;;;;;;;;;;;;;;;;;;;;;;;;;;
"Kosovo";;;;;;;;;;;;;;;;;;;;;;;;;;;;;;;;;;;;;;;;;4471,19518486675;4471,19518486675;4471,19518486675;4471,19518486675;9716,25107480659;9630,26655202069;8684,4368013758;8082,54514187451;6534,82373172832;10318,1427343079;13413,5855546002;
"Kuwait";;;;;;;;;;;;;;;;;;;;;;;;;;;;;;;;;;;;;;;;;;;;;;;;;;;;
"Kyrgyz Republic";;;;;;;;;;;;;;;;;;;;;;;;;;;;;;;858641,444539987;864832,330180572;791057,609630271;781169,389509892;1008082,54514188;955975,924333625;1053740,32674119;940154,77214102;854944,110060194;1044024,07566639;1176526,22527946;1068787,61822872;927515,047291492;1162166,80997421;1211865,86414446;1226053,31040413;1280051,59071368;1199312,12381772;923473,774720555;852106,620808259;888220,120378337;
"Lao";;;;;;;;;;;;;;;;;;;;;;;;;;;;;;;;;;;;;;;;;;;;;;;;;;;;
"Latvia";;;;;;;;;;;;;;;;;;;;;;;;;;;;;;;386586,414445402;281599,312123819;216766,981943251;247291,487532246;284178,847807396;252536,543422185;159931,212381772;253912,29578676;371109,20034394;237059,329320724;242390,369733449;243594,153052452;211865,864144455;194840,928632847;267325,88134136;285984,5227859;231986,242476356;234995,700773862;267325,88134136;297248,495270853;302665,520206364;
"Lebanon";;;;;;;;;;;;72141,0146173693;69389,5098882205;41100,6018916597;70507,3086844372;68787,6182287192;68787,6182287192;68787,6182287192;68787,6182287192;73086,8443680142;73086,8443680142;73086,8443680142;55889,9398108344;48151,3327601034;50300,9458297509;50300,9458297509;48151,3327601034;52450,5588993984;51590,7136715394;42992,2613929495;42992,2613929495;48151,3327601034;61908,8564058473;60877,0421324165;70249,3551160795;61650,9028374896;68615,6491831474;77472,055030095;67497,8503869307;28546,8615649185;38607,0507308686;28632,8460877044;58297,5064488395;117196,90455718;96302,6655202069;89939,8108340504;59759,2433361998;50300,9458297509;32072,2269991403;53482,3731728292;72141,0146173693;
"Lesotho";;;;;;;;;;;;;;;;;;;;;;;;;;;;;;;;;;;;;;;;;;;;;;;;;;;;
"Liberia";;;;;;;;;;;;;;;;;;;;;;;;;;;;;;;;;;;;;;;;;;;;;;;;;;;;
"Libya";;;;;;;;;;;;;;;;;;;;;;;;;;;;;;;;;;;;;;;;;;;;;;;;;;;;
"Liechtenstein";;;;;;;;;;;;;;;;;;;;;;;;;;;;;;;;;;;;;;;;;;;;;;;;;;;;
"Lithuania";;;;;;;;;;;;;;;;;;;;;;;;;;;;;;;35597,5924333622;29062,7687016339;26741,1865864146;33791,9174548583;38865,0042992264;32072,2269991403;28030,9544282031;25451,4187446261;35855,5460017199;35683,5769561481;29234,7377472057;28030,9544282031;30438,5210662082;27944,9699054172;36199,4840928635;38779,0197764404;34135,8555460019;36199,4840928635;34565,7781599314;36457,4376612212;46431,6423043855;
"Luxembourg";1719,69045571798;4901,11779879624;3869,30352536546;171,969045571798;6448,83920894242;8512,467755804;7738,60705073091;8340,4987102322;8426,4832330181;7308,68443680142;8254,5141874463;4729,14875322444;5588,99398108344;4041,27257093725;7136,71539122962;6104,90111779883;3955,28804815135;6964,74634565782;6792,77730008602;7824,59157351681;8426,4832330181;9286,32846087709;8168,5296646604;7910,57609630271;7910,57609630271;7480,65348237321;8598,4522785899;9544,28202923479;9458,29750644889;7308,68443680142;6018,91659501293;7222,69991401552;6018,91659501293;5760,96302665523;7394,66895958731;7566,63800515911;5159,07136715394;7136,71539122962;9888,22012037838;7308,68443680142;10662,0808254515;10146,1736887361;8512,467755804;6792,77730008602;8942,3903697335;8082,54514187451;9544,28202923479;10060,1891659502;11349,9570077387;9114,3594153053;9286,32846087709;5245,05588993984
"Macao, China";;;;;;;;;;;;;;;;;;;;;;;;;;;;;;;;;;;;;;;;;;;;;;;;;;;;
"Macedonia, FYR";;;;;;;;;;;;;;;;;;;;;;;;;;;;;;;42218,4006878764;72914,8753224424;72914,8753224424;44883,9208942393;59759,2433361998;68873,6027515051;73086,8443680142;77386,0705073091;93121,2381771286;119432,502149614;100601,891659502;53826,3112639728;65090,2837489255;118142,734307825;127429,062768702;128288,907996561;141874,462596733;86844,368013758;72226,9991401552;109200,343938092;208856,405846949;
"Madagascar";;;;;;;;;;;;;;;;;;;;;;;;;;;;;;;;;;;;;;;;;;;;;;;;;;;;
"Malawi";;;;;;;;;;;;;;;;;;;;;;;;;;;;;;;;;;;;;;;;;;;;;;;;;;;;
"Malaysia";;;;;;;;;;;;89939,8108340504;99226,1392949274;95270,8512467761;86500,4299226144;86414,4453998285;81513,3276010322;66122,0980223563;77042,1324161655;93981,0834049876;120034,393809115;133018,056749786;128030,954428204;149011,177987963;293981,083404989;320980,223559761;350988,82201204;422957,867583837;487962,166809977;450988,82201204;342992,261392951;379019,776440243;374978,503869306;419002,579535686;560963,026655205;534995,700773864;446001,719690458;333018,056749787;417454,85812554;647033,53396389;598968,185726572;606792,777300089;456061,908856408;434651,762682719;501289,767841791;446345,657781602;553912,295786761;558039,552880484;641530,524505592;598366,294067071;556491,831470338;
"Maldives";;;;;;;;;;;;;;;;;;;;;;;;;;;;;;;;;;;;;;;;;;;;;;;;;;;;
"Mali";;;;;;;;;;;;;;;;;;;;;;;;;;;;;;;;;;;;;;;;;;;;;;;;;;;;
"Malta";;;;;;;;;;;;;;;;;;;;;;;;;;;;;;;;;;;;;;;;;;;;;;;;;;;;
"Marshall Islands";;;;;;;;;;;;;;;;;;;;;;;;;;;;;;;;;;;;;;;;;;;;;;;;;;;;
"Martinique";;;;;;;;;;;;;;;;;;;;;;;;;;;;;;;;;;;;;;;;;;;;;;;;;;;;
"Mauritania";;;;;;;;;;;;;;;;;;;;;;;;;;;;;;;;;;;;;;;;;;;;;;;;;;;;
"Mauritius";;;;;;;;;;;;;;;;;;;;;;;;;;;;;;;;;;;;;;;;;;;;;;;;;;;;
"Mayotte";;;;;;;;;;;;;;;;;;;;;;;;;;;;;;;;;;;;;;;;;;;;;;;;;;;;
"Mexico";;;;;;;;;;;;1236543,42218401;1320034,39380912;1392003,43938092;1436715,39122959;1301117,79879622;1478847,80739468;1650214,96130697;1397420,46431643;1546345,65778161;1451934,65176269;2115047,29148754;1967497,85038694;1782889,07996562;2028718,8306105;2255975,92433363;1721066,20808255;1576870,1633706;1792605,33104042;2092261,39294928;2018744,62596734;1879105,76096304;2250214,96130698;2255803,95528806;1723817,7128117;2366981,94325023;2703525,36543424;2272656,9217541;2117368,87360276;2818744,62596734;2848925,19346519;2450730,86844369;2145399,82803097;1709372,31298367;2167325,88134137;2378245,91573518;2613413,58555461;2345313,84350818;3368701,63370595;2296904,55717972;3191831,47033536;3077901,97764404
"Micronesia, Fed. Sts.";;;;;;;;;;;;;;;;;;;;;;;;;;;;;;;;;;;;;;;;;;;;;;;;;;;;
"Moldova";;;;;;;;;;;;;;;;;;;;;;;;;;;;;;;22098,022355976;30008,5984522788;22269,9914015478;32244,1960447121;23903,6973344799;27858,9853826313;31470,335339639;32846,0877042134;7222,69991401552;7824,59157351681;4987,10232158214;6276,87016337063;10404,1272570938;5503,00945829754;5073,08684436804;5417,02493551164;6620,80825451422;2837,48925193467;7050,73086844372;4729,14875322444;6792,77730008602;
"Monaco";;;;;;;;;;;;;;;;;;;;;;;;;;;;;;;;;;;;;;;;;;;;;;;;;;;;
"Mongolia";;;;;;;;;;;;;;;;;;;;;;;;;;;;;;;;;;;;;;;;;;;;;;;;;;;;
"Montenegro";;;;;;;;;;;;;;;;;;;;;;;;;;;;;;;;;;;;;;;;;;;;;;160447,119518488;150472,914875323;110404,127257094;132330,180567499;178073,946689597;236457,437661222;
"Montserrat";;;;;;;;;;;;;;;;;;;;;;;;;;;;;;;;;;;;;;;;;;;;;;;;;;;;
"Morocco";;;;;;;;;;;;130696,474634566;137231,298366295;102493,551160792;114961,306964747;87360,2751504734;85812,5537403272;117368,873602752;121754,084264833;136027,515047292;130266,552020637;88048,1513327606;49183,1470335342;41358,5554600174;31470,335339639;41788,4780739469;55288,048151333;70937,2312983667;80481,5133276015;99484,0928632851;104901,117798797;105417,024935512;82889,0799656066;38091,1435941533;72226,9991401552;52536,5434221843;168271,711092004;179105,760963028;152794,496990542;70937,2312983667;61736,8873602755;74892,519346518;73086,8443680142;125193,465176269;138263,112639726;84178,8478073951;85812,5537403272;78675,8383490976;79879,6216681002;220808,254514189;298194,325021498;
"Mozambique";;;;;;;;;;;;19260,5331040414;18314,7033533965;16423,0438521067;57437,6612209805;44883,9208942393;52536,5434221843;53568,3576956151;69131,5563198628;36543,4221840071;25881,3413585556;4901,11779879624;21840,0687876183;20292,3473774722;20980,2235597594;32244,1960447121;14875,3224419605;15477,2141014618;14273,4307824592;24419,6044711953;24419,6044711953;27773,0008598454;27944,9699054172;29578,6758383493;31470,335339639;32588,1341358557;38607,0507308686;84006,8787618233;587876,182287192;660877,04213242;829922,613929497;1018142,73430783;1089767,84178848;934651,762682722;1003267,41186587;1140498,71023216;1265434,22184008;1381169,3895099;1299570,07738608;1457437,66122099;1431384,35081686;
"Myanmar";;;;;;;;;;;;41014,6173688738;46947,5494411009;49527,0851246778;48839,2089423906;48753,2244196047;54944,1100601895;61650,9028374896;63284,6087704217;66208,0825451422;68443,6801375756;73946,6895958731;79707,6526225284;85382,6311263977;86930,3525365439;86242,4763542567;89595,8727429068;88048,1513327606;80395,5288048156;106620,808254515;102579,535683578;106620,808254515;130524,505588995;146603,611349958;138779,019776441;139638,8650043;141960,447119519;144969,905417026;81599,3121238182;89251,9346517632;162682,717110921;156663,800515908;181513,327601033;178417,88478074;207050,730868445;257695,614789339;285898,538263114;311177,987962168;350042,992261395;451934,651762685;438950,988822014;
"Namibia";;;;;;;;;;;;;;;;;;;;;;;;;;;;;;;;113671,539122958;98796,216680998;83147,0335339643;57781,5993121241;97506,4488392095;73430,7824591577;52450,5588993984;85296,6466036118;100515,907136716;113499,570077387;119346,517626828;118314,703353397;133533,963886501;136457,437661222;133447,979363715;119088,56405847;134479,793637146;121668,099742047;122871,88306105;108684,436801376;
"Nauru";;;;;;;;;;;;;;;;;;;;;;;;;;;;;;;;;;;;;;;;;;;;;;;;;;;;
"Nepal";;;;;;;;;;;;5760,96302665523;7222,69991401552;6964,74634565782;8254,5141874463;6448,83920894242;11092,003439381;11951,84866724;13155,6319862425;14617,3688736028;17454,8581255375;20894,2390369735;27429,0627687018;30610,49011178;32846,0877042134;36715,3912295789;46431,6423043855;47979,3637145316;48323,3018056752;61478,9337919178;75408,4264832334;77386,0705073091;72141,0146173693;74892,519346518;79879,6216681002;99656,0619088569;101547,721410147;91315,5631986247;97248,4952708518;121324,161650903;140326,741186587;158985,382631127;182201,20378332;194582,975064489;206706,792777301;216423,043852108;235167,669819434;239294,926913157;241014,617368875;266723,989681859;275494,41100602;
"Netherlands";;;;;;;;;;;;;;;;;;;;;;;;;;257,953568357697;257,953568357697;85,984522785899;171,969045571798;3181,42734307826;7308,68443680142;8942,3903697335;10318,1427343079;7910,57609630271;8598,4522785899;7566,63800515911;6878,76182287192;7910,57609630271;9630,26655202069;7738,60705073091;12209,8022355977;10060,1891659502;9458,29750644889;6190,88564058473;8168,5296646604;7566,63800515911;9114,3594153053;9200,34393809119;8770,4213241617;8426,4832330181;9028,37489251939;4901,11779879624
"Netherlands Antilles";;;;;;;;;;;;;;;;;;;;;;;;;;;;;;;;;;;;;;;;;;;;;;;;;;;;
"New Caledonia";;;;;;;;;;;;;;;;;;;;;;;;;;;;;;;;;;;;;;;;;;;;;;;;;;;;
"New Zealand";478503,869303528;516766,981943253;588822,012037836;594926,913155635;673086,844368017;746001,71969046;812037,83319003;865864,144454003;899742,046431647;884952,708512472;978761,822871888;1127858,98538264;1227429,06276871;1230954,42820293;1220722,26999141;1450816,85296647;1283490,97162511;1254686,15649184;1393809,11435942;1607222,69991402;1627515,0472915;1680051,59071368;1546603,61134997;1736715,39122959;1728890,79965607;1694496,99054171;1873430,78245917;1898366,29406708;1991573,51676699;1905674,97850388;1993379,1917455;1968357,6956148;1813499,5700774;2019862,42476355;2221324,16165091;2367325,88134137;2251160,79105762;1999570,07738608;2176784,17884782;1970593,29320723;2100859,84522787;1863972,48495272;2138521,06620809;2031040,41272572;2315219,26053312;2005588,99398109;2026827,17110921;2032588,13413587;1920464,31642305;2082459,15735169;2125021,49613071;2156405,84694756
"Ngorno-Karabakh";;;;;;;;;;;;;;;;;;;;;;;;;;;;;;;;;;;;;;;;;;;;;;;;;;;;
"Nicaragua";;;;;;;;;;;;17454,8581255375;31642,3043852108;31900,2579535685;35081,6852966468;35167,6698194327;37833,1900257956;23215,8211521927;27944,9699054172;37919,1745485815;44196,0447119521;42562,33877902;36543,4221840071;21668,0997420465;20206,3628546863;22699,9140154773;25193,4651762684;34479,7936371455;33276,0103181429;46001,719690456;34651,7626827173;28976,784178848;22098,022355976;41530,5245055892;32932,0722269993;34995,7007738609;37059,3293207225;34995,7007738609;25451,4187446261;33791,9174548583;18056,7497850388;16938,9509888221;26053,3104041274;25537,403267412;27601,0318142736;37231,2983662943;26483,2330180569;26311,2639724851;45915,7351676701;25537,403267412;43336,1994840931;
"Niger";;;;;;;;;;;;;;;;;;;;;;;;;;;;;;;;;;;;;;;;;;;;;;;;;;;;
"Nigeria";;;;;;;;;;;;135339,638865005;124419,604471196;159759,2433362;171023,215821153;205760,963026656;249957,007738608;248409,286328462;199828,030954429;284178,847807396;239294,926913157;205503,009458299;212639,724849528;171023,215821153;229406,706792779;265778,159931214;312123,817712813;282373,172828892;344625,967325883;355975,924333622;377214,101461739;509974,204643167;520980,223559762;479105,760963029;478245,91573517;472914,875322444;472914,875322444;480911,435941533;496560,619088567;528632,846087707;483920,89423904;508082,545141877;707996,560619092;640412,725709376;697162,510748069;667927,773000863;538521,066208085;535425,623387793;491917,454858128;389423,903697337;548065,34823732;
"Niue";;;;;;;;;;;;;;;;;;;;;;;;;;;;;;;;;;;;;;;;;;;;;;;;;;;;
"Norfolk Island";;;;;;;;;;;;;;;;;;;;;;;;;;;;;;;;;;;;;;;;;;;;;;;;;;;;
"Northern Cyprus";;;;;;;;;;;;;;;;;;;;;;;;;;;;;;;;;;;;;;;;;;;;;;;;;;;;
"Northern Mariana Islands";;;;;;;;;;;;;;;;;;;;;;;;;;;;;;;;;;;;;;;;;;;;;;;;;;;;
"Norway";2684780,73946691;2899398,10834051;3267497,85038695;3418658,64144456;3809372,31298368;4252106,62080828;4191229,57867586;4583061,0490112;5176698,19432505;4933018,05674981;4970593,29320725;5438091,14359418;5796818,57265695;6265434,2218401;6586156,49183151;6649183,14703357;7044969,90541706;6192777,30008602;6939466,89595876;7626655,20206367;7189423,90369737;7982287,18830615;7953482,37317287;9087532,24419609;9106018,91659506;8803353,3963887;8271797,07652627;8879879,62166815;9360017,19690461;10180567,4978504;10416595,0128977;9469819,4325022;10031900,2579536;10252192,6053311;9599570,07738612;10449699,0541703;8930524,50558904;9438950,98882206;9948667,23989687;10442992,261393;12194153,0524506;10357953,5683578;11123989,6818573;9069647,46345663;9353482,37317288;11667067,9277731;10263886,50043;11492347,3774721;11955631,9862425;10772398,9681858;10106276,8701634;10388392,089424
"Oman";;;;;;;;;;;;;;;;;;;;;;;;;;;;;;;;;;;;;;;;;;;;;;;;;;;;
"Pakistan";;;;;;;;;;;;316337,059329322;316337,059329322;374462,59673259;356405,846947551;374806,534823734;467411,865864147;445829,750644886;639896,81857266;707824,591573521;749269,131556324;777558,039552885;819002,579535688;977214,101461742;1102837,48925194;1052536,54342219;1186930,35253655;1311263,97248496;1435081,68529665;1459157,35167671;1455288,04815134;1573774,72055031;1815305,2450559;1671195,18486673;1965434,22184008;1995356,83576957;1793465,17626828;1896818,57265693;1930266,55202065;1658469,47549442;1478417,88478075;1628632,84608771;1921840,06878763;2316766,98194326;2207308,68443681;2653654,34221842;2747463,45657783;2468357,6956148;2388993,98108342;2415563,19862426;2735253,65434223;
"Palau";;;;;;;;;;;;;;;;;;;;;;;;;;;;;;;;;;;;;;;;;;;;;;;;;;;;
"Panama";;;;;;;;;;;;7136,71539122962;7136,71539122962;8770,4213241617;9114,3594153053;8426,4832330181;11865,8641444541;29320,7222699916;61822,8718830614;69045,5717970769;82889,0799656066;114703,353396389;92347,3774720555;74462,5967325885;128288,907996561;165864,144453999;180223,559759244;174720,550300947;189079,965606192;187532,244196046;190283,748925194;175064,48839209;162596,732588135;197334,479793638;205588,993981084;207910,576096304;258211,521926055;249613,069647465;184006,878761824;268701,633705934;293895,098882203;214875,322441962;292433,361994842;242734,307824593;324935,511607912;320206,362854688;307824,591573518;315219,260533106;341616,509028377;335253,65434222;360619,08856406;
"Papua New Guinea";;;;;;;;;;;;;;;;;;;;;;;;;;;;;;;;;;;;;;;;;;;;;;;;;;;;
"Paraguay";;;;;;;;;;;;14101,4617368874;16509,0283748926;25967,3258813415;38005,1590713674;45227,8589853829;45571,7970765265;30266,5520206364;21324,161650903;38177,1281169392;56663,8005159074;59587,274290628;55546,0017196908;67497,8503869307;88134,1358555465;346431,642304387;1018228,71883062;1592777,30008599;1714015,47721411;2090025,79535685;2335253,65434223;2521410,1461737;2331556,31986244;2699398,10834051;3129320,72227001;3619260,53310406;3850472,91487534;4369475,49441103;4371109,20034396;4464230,43852109;4599484,09286331;3896560,61908858;4145485,81255376;4451504,72914878;4465262,25279452;4399484,09286331;4624591,57351679;4619518,48667242;4769045,5717971;4725623,38779022;4648753,22441963;
"Peru";;;;;;;;;;;;368529,664660363;381341,358555462;410060,189165952;448495,270851249;470077,38607051;498108,340498713;518056,749785041;532416,165090287;576354,256233881;602751,504729152;687532,244196048;721926,053310408;697076,526225283;748323,301805679;806706,792777304;865004,299226144;935339,638865009;896216,680997425;903439,380911441;900171,969045577;988134,135855551;833104,041272575;1014531,38435082;1096044,71195185;1102407,56663801;1145571,79707653;1135167,66981944;1186844,36801376;1249699,05417026;1390197,76440241;1513843,50816854;1551160,79105762;1593637,14531385;1506878,76182288;1554514,18744627;1694153,05245057;1680911,43594154;1646431,64230439;1686328,46087705;1722699,91401549;
"Philippines";;;;;;;;;;;;;;161220,980223561;202923,473774722;193465,176268273;240240,756663802;188907,99656062;241272,570937233;246775,58039553;302837,489251936;320292,347377474;324419,604471197;341186,586414447;453826,311263975;477472,055030097;517368,873602754;451160,791057612;538607,050730871;557609,630266555;521238,17712812;442390,36973345;381771,281169392;432502,149613072;504041,27257094;535855,546001723;604471,19518487;521840,068787621;435597,592433364;674118,658641448;670593,293207226;610834,049871026;604729,148753228;676698,194325025;738865,00429923;721152,192605335;854600,17196905;736285,468615653;846345,657781604;841616,509028379;670937,23129837;
"Pitcairn";;;;;;;;;;;;;;;;;;;;;;;;;;;;;;;;;;;;;;;;;;;;;;;;;;;;
"Poland";54342,2184006882;51934,651762683;64832,3301805678;55631,9862424767;60619,0885640588;77042,1324161655;77042,1324161655;82287,1883061053;86414,4453998285;69647,4634565782;152278,589853827;134909,716251076;129234,737747206;125193,465176269;182459,157351678;171109,200343939;141444,539982804;168271,711092004;167755,803955289;155374,03267412;201977,644024077;183748,925193466;132674,118658642;144024,075666381;121066,208082546;159243,336199485;133190,025795358;142820,292347378;154170,249355117;138349,097162511;121840,068787619;122527,944969906;129578,67583835;127944,969905418;149011,177987963;162252,794496991;166036,113499571;168615,649183148;198538,263112641;185296,646603612;181083,404987103;199914,015477215;195958,727429064;143680,137575237;179019,776440242;189251,934651764;175580,395528806;202235,597592434;185038,693035255;204213,24161651;251074,806534825;200429,922613931
"Portugal";268099,742046433;295872,742906278;303611,349957009;346259,673258815;366208,082545144;341788,478073948;453654,342218403;471281,169389512;446087,704213244;542648,323301809;499054,170249358;530524,505588997;609286,32846088;629836,62940671;673086,844368017;551160,791057613;411607,910576098;856921,754084269;929578,675838354;964144,453998286;689165,95012898;431556,319862427;595098,882201207;690111,779879625;839638,865004304;919432,502149618;732072,226999144;787016,337059334;1051848,6672399;500343,938091146;787360,275150477;777558,039552885;399484,092863287;734135,855546006;916423,043852112;717368,873602755;1269217,54084266;1126827,17110921;1116337,05932933;626483,23301806;973602,751504734;1206706,79277731;670679,277730012;1351934,65176269;848581,255374037;406792,777300088;946001,719690461;867755,803955293;584522,785898541;712295,786758387;1388478,0739467;992691,315563204
"Puerto Rico";;;;;;;;;;;;;;;;;;;;;;;;;;;;;;;;;;;;;;;;;;;;;;;;;;;;
"Qatar";;;;;;;;;;;;;;;;;;;;;;;;;;;;;;;;;;;;;;;;;;;;;;;;;;;;
"Reunion";;;;;;;;;;;;;;;;;;;;;;;;;;;;;;;;;;;;;;;;;;;;;;;;;;;;
"Romania";;;;;;;;;;;;386500,429922616;631384,350816856;648925,19346518;728804,81513328;804901,117798801;697076,526225283;803525,365434226;912639,724849532;974978,503869309;1086586,41444541;1095184,866724;1019260,53310405;863112,639724854;973860,705073092;1093121,23817713;929492,691315568;963800,515907142;1270507,30868444;1176096,30266553;981169,389509894;1254342,21840069;1006018,91659502;1097850,38693036;1121754,08426484;1435339,63886501;1354686,15649184;1505503,00945831;1623301,80567499;1572656,92175409;1270679,27773002;1283147,03353397;1379707,65262254;1140068,78761823;1419862,42476355;1737489,25193466;1578331,90025796;1372828,89079966;1478503,86930353;1335683,57695616;1678675,83834911;
"Russia";;;;;;;;;;;;;;;;;;;;;;;;;;;;;;;14266294,067068;14408770,4213242;14775838,3490972;14909630,2665521;15045399,828031;15082631,1263973;13183834,9097163;13463800,5159072;13628288,9079966;13799828,0309545;14108082,545142;14952622,527945;13948151,3327602;13393121,2381772;15118056,7497851;14847549,4411007;14905674,978504;15223387,7901978;14167067,9277731;14977042,1324162;14314961,3069648;
"Rwanda";;;;;;;;;;;;;;;;;;;;;;;;;;;;;;;;;;;;;;;;;;;;;;;;;;;;
"St. Barthlemy";;;;;;;;;;;;;;;;;;;;;;;;;;;;;;;;;;;;;;;;;;;;;;;;;;;;
"St. Helena";;;;;;;;;;;;;;;;;;;;;;;;;;;;;;;;;;;;;;;;;;;;;;;;;;;;
"St. Kitts and Nevis";;;;;;;;;;;;;;;;;;;;;;;;;;;;;;;;;;;;;;;;;;;;;;;;;;;;
"St. Lucia";;;;;;;;;;;;;;;;;;;;;;;;;;;;;;;;;;;;;;;;;;;;;;;;;;;;
"St. Martin";;;;;;;;;;;;;;;;;;;;;;;;;;;;;;;;;;;;;;;;;;;;;;;;;;;;
"St. Vincent and the Grenadines";;;;;;;;;;;;;;;;;;;;;;;;;;;;;;;;;;;;;;;;;;;;;;;;;;;;
"St.-Pierre-et-Miquelon";;;;;;;;;;;;;;;;;;;;;;;;;;;;;;;;;;;;;;;;;;;;;;;;;;;;
"Samoa";;;;;;;;;;;;;;;;;;;;;;;;;;;;;;;;;;;;;;;;;;;;;;;;;;;;
"San Marino";;;;;;;;;;;;;;;;;;;;;;;;;;;;;;;;;;;;;;;;;;;;;;;;;;;;
"Sao Tome and Principe";;;;;;;;;;;;;;;;;;;;;;;;;;;;;;;;;;;;;;;;;;;;;;;;;;;;
"Saudi Arabia";;;;;;;;;;;;;;;;;;;;;;;;;;;;;;;;;;;;;;;;;;;;;;;;;;;;
"Senegal";;;;;;;;;;;;;;;;;;;;;;;;;;;;;;;;;;;;;;;;;;;16680,9974204644;28976,784178848;25193,4651762684;22957,867583835;20120,3783319004;15563,1986242477;19690,4557179709;20550,3009458299;21410,1461736889;
"Serbia";;;;;;;;;;;;;;;;;;;;;;;;;;;;;;;814359,415305249;980653,482373178;975322,441960452;902837,48925194;902837,48925194;1048409,28632847;1239036,9733448;1097506,44883921;1108512,46775581;1179707,65262253;1031814,27343079;1070507,30868444;1010318,14273431;847033,533963891;956233,877901983;1034565,77815994;942820,292347382;863026,655202068;822355,975924338;906362,854686161;1022441,96044712;
"Serbia and Montenegro";;;;;;;;;;;;;;;;;;;;;;;;;;;;;;;;;;;;;;;;;;;;;;;;;;;;
"Serbia excluding Kosovo";;;;;;;;;;;;;;;;;;;;;;;;;;;;;;;;;;;;;;;;;;;;;;;;;;;;
"Seychelles";;;;;;;;;;;;;;;;;;;;;;;;;;;;;;;;;;;;;;;;;;;;;;;;;;;;
"Sierra Leone";;;;;;;;;;;;;;;;;;;;;;;;;;;;;;;;;;;;;;;;;;;;;;;;;;;;
"Singapore";;;;;;;;;;;;;;;;;;;;;;;;;;;;;;;;;;;;;;;;;;;;;;;;;;;;
"Slovak Republic";;;;;;;;;;;;126913,155631987;132932,072227;113671,539122958;191143,594153053;172141,01461737;173602,75150473;207050,730868445;194239,036973346;161994,840928634;194067,067927774;169045,571797077;148409,286328462;157523,645743767;133705,932932073;182029,234737748;144024,075666381;166122,098022357;150902,837489253;168701,633705934;161650,90283749;121066,208082546;166552,020636286;298108,340498712;374462,59673259;419604,471195187;363456,577815995;349441,100601894;366895,958727431;384694,754944112;396818,572656924;423645,743766124;452966,466036116;299226,139294928;352536,543422186;398796,216681;378245,91573517;382717,110920036;347291,487532246;375580,395528807;451848,667239899;316680,997420466
"Slovenia";;;;;;;;;;;;;;;;;;;;;;;;;;;;;;;253654,342218402;310232,158211524;294325,021496132;260963,026655203;292261,392949271;279621,668099744;315821,152192607;265864,144454;296560,619088566;321668,099742048;329664,660361137;326397,248495273;284780,739466898;254256,233877903;352020,63628547;297592,433361996;308770,421324163;280825,451418746;345485,812553742;405245,055889942;387962,166809976;306018,916595014
"Solomon Islands";;;;;;;;;;;;;;;;;;;;;;;;;;;;;;;;;;;;;;;;;;;;;;;;;;;;
"Somalia";;;;;;;;;;;;;;;;;;;;;;;;;;;;;;;;;;;;;;;;;;;;;;;;;;;;
"Somaliland";;;;;;;;;;;;;;;;;;;;;;;;;;;;;;;;;;;;;;;;;;;;;;;;;;;;
"South Africa";;;;;;;;;;;;9630,26655202069;71711,0920034398;84694,7549441105;97334,4797936377;96302,6655202069;161306,964746347;167153,912295788;163972,484952709;98366,2940670684;85296,6466036118;142132,416165091;87360,2751504734;51160,7910576099;48151,3327601034;53654,342218401;139552,880481514;139036,973344799;271883,061049013;237231,298366295;86844,368013758;170249,35511608;64660,361134996;12553,7403267413;92347,3774720555;45485,8125537406;113413,585554601;179879,621668101;137145,313843509;62424,7635425627;94668,9595872748;170679,27773001;204901,117798797;60275,1504729152;81685,296646604;114531,384350817;249183,147033535;79879,6216681002;108340,498710233;124849,527085125;183834,909716252;
"South Ossetia";;;;;;;;;;;;;;;;;;;;;;;;;;;;;;;;;;;;;;;;;;;;;;;;;;;;
"Spain";1343422,18400689;1374032,67411867;1382029,23473775;1817626,82717112;1775236,45743767;1692777,30008599;2343766,12209803;1948151,33276011;2096990,5417025;2631384,35081687;2387962,16680999;2735683,57695616;3049785,03869305;2485984,52278591;2628374,89251936;2241186,58641446;1799828,03095444;3407394,66895961;3460963,02665522;3989423,90369736;2540842,64832332;1886672,3989682;2264058,46947551;2325623,38779021;2707136,71539124;2690197,76440242;2278073,94668961;2354514,18744627;3030610,4901118;1663714,53138436;2185210,66208084;2345829,7506449;1626827,17110921;2096044,71195186;2423043,85210663;1987274,2906277;3422355,97592435;2990369,733448;2923903,6973345;1965864,14445401;2542562,33877903;3527687,01633708;1970765,2622528;3530008,5984523;2723645,74376614;1536715,39122959;2226139,29492692;2341616,50902839;2023387,79019778;2264058,46947551;3635253,65434224;2630524,50558901
"Sri Lanka";;;;;;;;;;;;71711,0920034398;73602,7515047296;60877,0421324165;86070,5073086849;94754,9441100607;97506,4488392095;106620,808254515;117454,858125538;125623,387790198;127171,109200345;135167,669819433;138263,112639726;104643,164230439;179793,637145315;205932,932072228;227429,062768703;187188,306104902;223301,80567498;240928,632846089;270421,324161652;267927,773000861;249355,116079107;326397,248495273;351590,713671541;382803,095442822;279621,668099744;296388,650042994;336629,406706795;358555,460017199;274892,519346519;267325,88134136;231470,33533964;283404,987102323;254600,171969047;296732,588134137;398452,278589856;339380,911435943;355030,094582977;335683,57695615;484436,801375755;
"Sudan";;;;;;;;;;;;21066,2080825453;31384,3508168531;36715,3912295789;39896,8185726571;43078,2459157354;48495,270851247;45571,7970765265;46861,564918315;51160,7910576099;49183,1470335342;50644,8839208945;54256,2338779023;56147,893379192;59759,2433361998;63370,5932932076;74978,5038693039;77300,0859845232;76698,1943250219;76956,1478933796;82373,1728288912;89251,9346517632;93637,145313844;93809,1143594158;96388,6500429928;83576,9561478938;92347,3774720555;90627,6870163375;89681,8572656926;104041,272570938;101719,690455719;109028,37489252;110662,080825452;100000,000000001;95184,8667239902;108426,483233019;117798,796216682;124763,542562339;125795,35683577;277558,039552882;330352,536543424;
"Suriname";;;;;;;;;;;;;;;;;;;;;;;;;;;;;;;;;;;;;;;;;;;;;;;;;;;;
"Svalbard";;;;;;;;;;;;;;;;;;;;;;;;;;;;;;;;;;;;;;;;;;;;;;;;;;;;
"Swaziland";;;;;;;;;;;;;;;;;;;;;;;;;;;;;;;;;;;;;;;;;;;;;;;;;;;;
"Sweden";2668099,74204645;3144110,06018918;3333877,90197766;3256061,90885642;3701547,72141017;3991659,50128979;3911349,95700776;4237833,19002582;4190799,65606193;3596732,58813416;3567411,86586416;4472226,99914018;4621066,20808257;5148065,34823734;4923903,69733451;4956835,76956151;4714703,35339641;4599742,04643167;4965864,14445402;5251934,65176271;5061736,8873603;5137833,19002582;4734823,73172831;5463800,51590717;5838865,00429926;6103869,3035254;5238779,01977647;6177815,99312127;6008426,48323305;6169045,57179711;6234135,85554604;5437317,28288911;6391401,54772144;6418830,61049015;5081685,29664663;5855717,97076529;4448839,20894241;5937747,20550304;6448839,20894242;6164316,42304388;6757007,73860709;6797936,37145318;5705932,93207226;4603611,34995703;5169647,46345661;6259931,2123818;5307222,69991404;5688650,04299229;5938865,00429926;5662252,79449702;5709200,34393812;5697678,41788481
"Switzerland";1764402,40756665;1857609,63026656;1820206,3628547;1936629,4067068;1895958,72742907;2124075,66638006;2378589,85382632;2561650,9028375;2522012,0378332;2339036,97334481;2657781,59931214;2310834,04987104;2103955,28804816;2399226,13929494;2387790,19776442;2878331,90025797;2231040,41272572;3074720,55030096;2741358,55546003;2713585,55460019;2820722,26999142;3050816,85296648;3124075,66638007;3045571,79707654;2594067,06792779;2755717,97076528;2829062,76870165;2981169,3895099;3077472,05503011;2559931,21238178;2561908,85640586;2758125,53740328;2811693,8950989;3076010,31814275;3359329,32072229;3023989,68185728;2471625,10748067;2927171,10920036;2877987,96216682;3439724,8495271;3167153,9122958;3551848,66723992;3027858,98538265;2993895,09888222;2901805,67497852;2684952,70851248;2661994,84092865;3030954,42820294;3098538,26311266;3071625,10748067;3100687,8761823;2763542,56233879
"Syria";;;;;;;;;;;;4385,21066208085;5331,04041272574;1461,73688736028;28374,8925193467;64488,3920894242;105760,963026656;152020,636285469;180137,575236458;202149,613069649;220206,362854687;228546,86156492;254428,202923475;240928,632846089;285898,538263114;287360,275150474;245915,735167671;245915,735167671;242132,416165092;238349,097162512;234565,778159932;230782,459157353;226999,140154773;223215,821152194;219432,502149614;215821,152192606;219260,533104042;223559,759243337;232158,211521927;233877,901977645;277815,99312124;293207,222699916;210748,065348238;237145,313843509;358985,382631128;371883,061049013;339208,942390372;299054,170249357;246689,595872744;160447,119518488;222871,88306105;
"Taiwan";;;;;;;;;;;;;;;;;;;;;;;;;;;;;;;;;;;;;;;;;;;;;;;;;;;;
"Tajikistan";;;;;;;;;;;;;;;;;;;;;;;;;;;;;;;1418744,62596733;1410146,17368874;1369561,4789338;1471883,06104902;1435167,66981944;1255030,09458298;1274720,55030095;1179105,76096303;1216595,01289768;1326483,23301806;1205932,93207223;1221496,13069648;1303869,30352537;1404643,16423045;1404901,1177988;1458899,39810835;1436027,5150473;1471539,12295788;1358555,4600172;1358555,4600172;1362424,76354257;
"Tanzania";;;;;;;;;;;;26569,2175408428;27601,0318142736;25451,4187446261;25279,4496990543;37059,3293207225;42992,2613929495;44711,9518486675;44711,9518486675;45141,874462597;58813,4135855549;62166,809974205;62510,7480653486;63542,5623387794;67239,896818573;76096,3026655206;88907,9965606196;98968,1857265698;107652,622527946;122012,037833191;133190,025795358;148409,286328462;141874,462596733;145915,735167671;128890,799656063;132330,180567499;150300,945829751;125365,434221841;178675,838349098;186156,491831471;184178,847807396;223731,728288909;233877,901977645;219174,548581257;202665,520206364;152880,481513328;123473,774720551;215907,136715392;228202,923473776;226053,310404128;221324,161650904;
"Thailand";;;;;;;;;;;;176096,302665521;148581,255374033;161650,90283749;211349,95700774;292261,392949271;312725,709372315;280739,46689596;181427,343078247;280567,497850388;109458,297506449;255717,970765264;329836,629406709;314703,35339639;350902,837489254;317368,873602753;477558,039552883;350386,930352538;324849,527085126;478933,791917457;427773,000859848;394325,021496133;364402,40756664;318314,703353398;388134,135855548;577128,116938954;631126,397248499;619088,564058473;445141,874462599;303869,303525367;518142,734307827;541960,447119521;642390,369733451;627601,031814277;519346,51762683;498538,263112642;698624,247635429;697678,417884784;611607,9105761;614617,368873606;476096,302665523;
"Timor-Leste";;;;;;;;;;;;;;;;;;;;;;;;;;;;;;;;;;;;;;;;;;;;;;;;;;;;
"Togo";;;;;;;;;;;;6534,82373172832;4901,11779879624;3267,41186586416;6534,82373172832;8168,5296646604;6534,82373172832;13069,6474634566;14703,3533963887;3267,41186586416;3267,41186586416;3267,41186586416;4901,11779879624;1633,70593293208;3267,41186586416;6534,82373172832;6534,82373172832;6534,82373172832;6534,82373172832;8168,5296646604;8168,5296646604;16595,0128976785;11006,0189165951;19776,4402407568;12725,7093723131;21926,0533104042;16337,0593293208;7996,56061908861;14789,3379191746;8856,4058469476;8598,4522785899;4213,24161650905;7394,66895958731;10490,1117798797;6964,74634565782;6362,85468615652;7824,59157351681;7910,57609630271;7824,59157351681;8082,54514187451;8340,4987102322;
"Tokelau";;;;;;;;;;;;;;;;;;;;;;;;;;;;;;;;;;;;;;;;;;;;;;;;;;;;
"Tonga";;;;;;;;;;;;;;;;;;;;;;;;;;;;;;;;;;;;;;;;;;;;;;;;;;;;
"Transnistria";;;;;;;;;;;;;;;;;;;;;;;;;;;;;;;;;;;;;;;;;;;;;;;;;;;;
"Trinidad and Tobago";;;;;;;;;;;;;;;;;;;;;;;;;;;;;;;;;;;;;;;;;;;;;;;;;;;;
"Tunisia";;;;;;;;;;;;4471,19518486675;4643,16423043855;6276,87016337063;1891,65950128978;2751,50472914877;4643,16423043855;2665,52020636287;2493,55116079107;3611,34995700776;2063,62854686158;2579,53568357697;3267,41186586416;2493,55116079107;5674,97850386933;9802,23559759249;4643,16423043855;10146,1736887361;4213,24161650905;3095,44282029236;3955,28804815135;9458,29750644889;5846,94754944113;5503,00945829754;3439,38091143596;3353,39638865006;5760,96302665523;3783,31900257956;6190,88564058473;7738,60705073091;5503,00945829754;4643,16423043855;5503,00945829754;14273,4307824592;13241,6165090284;12467,7558039554;7910,57609630271;4213,24161650905;2579,53568357697;6792,77730008602;4299,22613929495;
"Turkey";86156,4918314708;108770,421324162;96646,6036113505;180911,435941532;141702,493551162;187360,275150474;201031,814273432;204815,133276011;273000,859845229;296216,680997422;260791,057609632;224419,604471196;275580,395528806;223817,712811695;288564,058469477;507652,622527948;720120,378331904;737059,329320726;802665,520206367;884694,754944115;975752,364574382;1084780,7394669;1218142,73430783;975322,441960452;1154428,20292348;1035683,57695615;1020894,23903698;1600859,84522787;2489165,95012899;1542476,35425624;1990369,73344799;1950386,93035255;2284436,80137576;2919260,53310406;2629922,61392951;3055975,92433364;3480223,55975926;3423559,75924335;3631040,41272573;2981685,29664662;2655116,07910578;2064488,39208944;2896216,68099744;3037833,19002581;3962510,74806537;3401633,70593295;3804299,22613932;3082631,12639726;2860705,07308686;3091831,47033536;4453654,34221842;4476956,1478934
"Turkmenistan";;;;;;;;;;;;;;;;;;;;;;;;;;;;;;;60189,1659501293;60189,1659501293;343,938091143596;429,922613929495;343,938091143596;343,938091143596;429,922613929495;429,922613929495;515,907136715394;429,922613929495;429,922613929495;257,953568357697;257,953568357697;257,953568357697;257,953568357697;257,953568357697;257,953568357697;257,953568357697;257,953568357697;257,953568357697;257,953568357697;
"Turks and Caicos Islands";;;;;;;;;;;;;;;;;;;;;;;;;;;;;;;;;;;;;;;;;;;;;;;;;;;;
"Tuvalu";;;;;;;;;;;;;;;;;;;;;;;;;;;;;;;;;;;;;;;;;;;;;;;;;;;;
"Uganda";;;;;;;;;;;;;;;;;;;;;;;;;;;;;;;;;;;;;;;;;;;;;;;;;;;;
"Ukraine";;;;;;;;;;;;;;;;;;;;;;;;;;;;;;;904041,272570942;1006878,76182288;677815,993121242;949183,147033539;1041960,44711952;855803,955288053;742218,40068788;847463,45657782;1353310,40412726;1231642,30438522;969389,509888225;1034565,77815994;827773,00085985;794325,021496135;1010576,09630267;1063026,65520207;1107996,56061909;872141,014617374;978675,838349102;1026311,26397249;1130868,44368014;
"United Arab Emirates";;;;;;;;;;;;;;;;;;;;;;;;;;;;;;;;;;;;;;;;;;;;;;;;;;;;
"United Kingdom";271195,184866725;333619,948409288;325451,418744628;283748,925193467;308168,529664662;358813,413585556;345399,828030956;376612,209802238;305846,947549443;275838,349097164;385812,553740329;288736,027515049;291573,516766984;331728,288907998;349613,069647465;322527,944969907;317110,920034396;332760,103181429;343508,168529666;365004,299226141;334565,778159933;373774,720550303;389509,888220122;391401,547721412;342820,292347379;351676,698194327;409802,235597595;355717,970765264;424161,65090284;408340,498710234;447721,410146176;397592,433361997;466981,943250218;369905,417024938;438005,15907137;415993,121238179;291745,485812555;358469,475494413;440068,787618231;458813,413585557;437317,282889082;348753,224419606;411607,910576098;277472,055030096;416423,043852109;423215,821152195;394926,913155634;437661,220980226;444368,013757526;452450,5588994;309888,22012038;489595,872742909
"United States";12679277,7300087;13200343,9380912;14676698,1943251;14416165,0902838;15371453,1384352;16847807,394669;16934651,7626828;19279449,6990543;19279449,6990543;21711092,0034395;21537403,267412;22656405,8469477;23300773,8607052;22818916,595013;26145571,7970767;26059931,2123819;24638263,1126399;19143508,1685298;24352794,4969907;24297592,4333621;23970851,2467757;22638950,9888221;26853396,3886502;28843594,1530526;27890025,795357;24416165,0902839;25258125,5374034;20365176,2682718;17920378,3319004;22025881,3413587;23486844,3680139;24781169,38951;21871969,0455719;24359415,3052452;22593981,0834051;27009114,3594154;30174032,6741188;28648065,3482375;25459587,2742908;23896216,6809975;21771625,1074808;16186758,3834911;22960791,0576098;23956061,9088565;23311951,8486674;23426053,3104043;25096216,6809976;21463370,5932933;22073430,7824593;23696474,6345659;22550816,8529666;28178159,9312125
"Uruguay";;;;;;;;;;;;126311,263972486;85640,5846947554;133791,917454859;117540,842648324;97420,4643164236;105073,086844369;134823,73172829;140240,756663801;111779,879621669;299140,154772143;331642,304385212;430782,459157354;618400,687876186;611177,98796217;554772,14101462;627171,109200347;624505,588993984;466122,098022358;335597,592433364;602665,520206366;525623,387790201;681169,389509892;627601,031814277;642132,416165094;503525,365434225;495958,727429065;557695,614789341;787102,32158212;472914,875322444;606276,870163374;790541,702493555;819862,424763547;733447,979363718;409458,297506451;574634,565778163;309028,374892521;693809,114359419;386930,352536546;452278,589853829;745141,874462601;
"USSR";;;;;;;;;;;;;;;;;;;;;;;;;;;;;;;;;;;;;;;;;;;;;;;;;;;;
"Uzbekistan";;;;;;;;;;;;;;;;;;;;;;;;;;;;;;;571625,107480657;518572,656921757;540068,787618232;632674,118658645;615305,245055893;532072,226999143;561049,011177991;496732,588134138;495098,882201206;489423,903697337;505503,0094583;512381,771281172;531900,257953571;655202,06362855;774720,55030095;742046,431642308;787618,228718835;550300,945829754;976784,178847813;802235,597592438;932072,226999145;
"Wallis et Futuna";;;;;;;;;;;;;;;;;;;;;;;;;;;;;;;;;;;;;;;;;;;;;;;;;;;;
"Vanuatu";;;;;;;;;;;;;;;;;;;;;;;;;;;;;;;;;;;;;;;;;;;;;;;;;;;;
"Venezuela";;;;;;;;;;;;463456,577815996;517626,827171112;535253,654342221;662682,717110924;767927,773000864;909544,28202924;1045829,75064489;1051762,68271712;1224419,6044712;1254256,23387791;1297334,47979364;1359759,24333621;1553138,43508169;1740584,69475495;1947377,47205504;2163284,60877043;2652020,63628548;2940928,6328461;2980739,46689598;3179965,6061909;3829922,61392951;4064574,37661223;4082373,17282891;4409630,26655204;4423903,6973345;4630008,5984523;4924161,65090286;4980481,51332763;5210662,08082548;5407222,69991404;5196990,54170252;5119002,57953571;5204815,13327604;6025365,43422187;6640498,71023219;7016337,05932936;7141788,47807398;7466981,94325026;7391401,54772145;6601891,65950132;
"West Bank and Gaza";;;;;;;;;;;;;;;;;;;;;;;;;;;;;;;;;;;;;;;;;;;;;;;;;;;;
"West Germany";;;;;;;;;;;;;;;;;;;;;;;;;;;;;;;;;;;;;;;;;;;;;;;;;;;;
"Western Sahara";;;;;;;;;;;;;;;;;;;;;;;;;;;;;;;;;;;;;;;;;;;;;;;;;;;;
"Vietnam";;;;;;;;;;;;52794,496990542;36285,4686156494;36113,4995700776;36113,4995700776;42992,2613929495;47893,3791917457;51590,7136715394;68787,6182287192;85984,522785899;127944,969905418;129578,67583835;134135,855546002;105159,071367154;137489,251934652;126999,140154773;120980,22355976;119002,579535684;153998,280309545;330008,59845228;461650,902837492;543164,230438524;621496,130696478;684866,723989686;794754,944110064;909888,220120383;1032502,14961308;1002321,58211522;953998,280309549;1184350,81685297;1251160,79105762;1565778,15993122;1564746,34565779;1632502,14961308;1532072,22699915;1457007,73860706;1754772,14101463;1980653,48237318;2234393,80911437;2577901,97764404;2368873,60275152;
"Virgin Islands (U.S.)";;;;;;;;;;;;;;;;;;;;;;;;;;;;;;;;;;;;;;;;;;;;;;;;;;;;
"North Yemen (former)";;;;;;;;;;;;;;;;;;;;;;;;;;;;;;;;;;;;;;;;;;;;;;;;;;;;
"South Yemen (former)";;;;;;;;;;;;;;;;;;;;;;;;;;;;;;;;;;;;;;;;;;;;;;;;;;;;
"Yemen";;;;;;;;;;;;;;;;;;;;;;;;;;;;;;;;;;;;;;;;;;;;;;;;;;;;
"Yugoslavia";;;;;;;;;;;;;;;;;;;;;;;;;;;;;;;;;;;;;;;;;;;;;;;;;;;;
"Zambia";;;;;;;;;;;;78073,9466895963;266895,95872743;266294,067067929;503955,288048154;522098,022355979;606878,761822875;751934,651762687;683834,909716255;766208,082545146;790541,702493555;857007,738607055;892519,346517632;855546,001719695;829406,706792782;858469,475494416;834393,809114364;689165,95012898;710232,158211526;555889,939810837;683662,940670683;772312,983662945;560275,150472918;699914,015477218;695700,773860709;676784,178847811;611693,895098886;678073,9466896;648237,317282892;663112,639724853;666380,051590717;678675,838349101;696646,603611354;709974,204643168;727429,062768706;763800,515907141;846431,64230439;842734,307824596;831126,3972485;892777,300085989;969303,525365439;
"Zimbabwe";;;;;;;;;;;;208512,467755805;308082,545141876;299828,03095443;412295,786758386;453224,419604474;491143,594153055;518228,718830613;476870,163370596;515735,167669822;344625,967325883;333276,010318144;303783,319002581;298538,263112641;261392,949269133;245571,797076528;203869,303525367;95270,8512467761;236887,360275152;286242,476354258;375666,380051593;271023,215821154;271797,076526227;177300,085984524;180137,575236458;196474,634565779;185984,5227859;182545,141874464;165606,190885641;253654,342218402;280309,544282031;257781,599312125;328804,815133278;460791,057609633;474720,550300948;501633,705932935;368357,695614791;367583,834909718;302407,566638007;320636,285468617;349441,100601894;
"land";;;;;;;;;;;;;;;;;;;;;;;;;;;;;;;;;;;;;;;;;;;;;;;;;;;;
"South Sudan";;;;;;;;;;;;;;;;;;;;;;;;;;;;;;;;;;;;;;;;;;;;;;;;;;;;
"Christian";;;;;;;;;;;;;;;;;;;;;;;;;;;;;;;;;;;;;;;;;;;;;;;;;;;;
"Coastline";;;;;;;;;;;;;;;;;;;;;;;;;;;;;;;;;;;;;;;;;;;;;;;;;;;;
"Curaao";;;;;;;;;;;;;;;;;;;;;;;;;;;;;;;;;;;;;;;;;;;;;;;;;;;;
"Sint Maarten (Dutch part)";;;;;;;;;;;;;;;;;;;;;;;;;;;;;;;;;;;;;;;;;;;;;;;;;;;;
"St. Martin (French part)";;;;;;;;;;;;;;;;;;;;;;;;;;;;;;;;;;;;;;;;;;;;;;;;;;;;
"Antarctica";;;;;;;;;;;;;;;;;;;;;;;;;;;;;;;;;;;;;;;;;;;;;;;;;;;;
"Virgin Islands, British";;;;;;;;;;;;;;;;;;;;;;;;;;;;;;;;;;;;;;;;;;;;;;;;;;;;
"Hawaiian Trade Zone";;;;;;;;;;;;;;;;;;;;;;;;;;;;;;;;;;;;;;;;;;;;;;;;;;;;
"U.S. Pacific Islands";;;;;;;;;;;;;;;;;;;;;;;;;;;;;;;;;;;;;;;;;;;;;;;;;;;;
"Wake Island";;;;;;;;;;;;;;;;;;;;;;;;;;;;;;;;;;;;;;;;;;;;;;;;;;;;
"Bonaire";;;;;;;;;;;;;;;;;;;;;;;;;;;;;;;;;;;;;;;;;;;;;;;;;;;;
"Sark";;;;;;;;;;;;;;;;;;;;;;;;;;;;;;;;;;;;;;;;;;;;;;;;;;;;
"Chinese Taipei";;;;;;;;;;;;;;;;;;;;;;;;;;;;;;;;;;;;;;;;;;;;;;;;;;;;
"Saint Eustatius";;;;;;;;;;;;;;;;;;;;;;;;;;;;;;;;;;;;;;;;;;;;;;;;;;;;
"Saba";;;;;;;;;;;;;;;;;;;;;;;;;;;;;;;;;;;;;;;;;;;;;;;;;;;;
