"Coal consumption total (tonnes oil equivalent)";1965;1966;1967;1968;1969;1970;1971;1972;1973;1974;1975;1976;1977;1978;1979;1980;1981;1982;1983;1984;1985;1986;1987;1988;1989;1990;1991;1992;1993;1994;1995;1996;1997;1998;1999;2000;2001;2002;2003;2004;2005;2006;2007;2008;2009;2010;2011
"Abkhazia";;;;;;;;;;;;;;;;;;;;;;;;;;;;;;;;;;;;;;;;;;;;;;;
"Afghanistan";;;;;;;;;;;;;;;;;;;;;;;;;;;;;;;;;;;;;;;;;;;;;;;
"Akrotiri and Dhekelia";;;;;;;;;;;;;;;;;;;;;;;;;;;;;;;;;;;;;;;;;;;;;;;
"Albania";;;;;;;;;;;;;;;;;;;;;;;;;;;;;;;;;;;;;;;;;;;;;;;
"Algeria";70000;68000;52000;55000;70000;83000;30000;30000;30000;30000;30000;30000;61000;30000;72000;57000;168000;857000;731000;754000;754000;918000;993000;1002000;904000;626000;711000;603000;601000;594000;573000;483000;333000;505000;530000;464000;500000;598000;599000;607000;552000;583000;578000;578000;192000;;
"American Samoa";;;;;;;;;;;;;;;;;;;;;;;;;;;;;;;;;;;;;;;;;;;;;;;
"Andorra";;;;;;;;;;;;;;;;;;;;;;;;;;;;;;;;;;;;;;;;;;;;;;;
"Angola";;;;;;;;;;;;;;;;;;;;;;;;;;;;;;;;;;;;;;;;;;;;;;;
"Anguilla";;;;;;;;;;;;;;;;;;;;;;;;;;;;;;;;;;;;;;;;;;;;;;;
"Antigua and Barbuda";;;;;;;;;;;;;;;;;;;;;;;;;;;;;;;;;;;;;;;;;;;;;;;
"Argentina";875000;893000;911000;930000;949000;968000;938000;890000;904000;1062000;1124000;1064000;996000;1099000;1115000;945000;921000;1023000;719000;707000;885000;982000;1037000;1105000;1108000;956000;820000;814000;738000;1040000;927000;883000;820000;835000;877000;779000;637000;538000;652000;753000;949000;255000;381000;1137000;1158000;976000;1080432
"Armenia";;;;;;;;;;;;;;;;;;;;;;;;;;;;;;;;;;;;;;;;;;;;;;;
"Aruba";;;;;;;;;;;;;;;;;;;;;;;;;;;;;;;;;;;;;;;;;;;;;;;
"Australia";16005943,7873495;16598293,0828405;17085847,6805425;17530041,0796005;17990255,428285;18039075,9787635;17946705,429785;18693378,9783735;19596001,024157;20698718,5690255;21595678,614869;22463009,209691;23435978,7577995;23972999,606139;25012283,702506;26091516,802503;26826038,3970141;26768418,5216799;26497821,8828737;28135287,1307432;29573099,56716;30839841,5006622;32364809,5049858;34336537,0863676;35907711,2101912;36484930,918008;37424120,5362603;37872773,5740989;38174859,6644401;38977155,838862;40353929,9377352;42032479,9333214;44107455,5290117;45765450,9005546;45990131,0421973;46700089,6835699;48223977,9767915;51050928,331048;49368182,0260318;50784652,4248107;53541848,0820713;56027186,0374101;54136439,2433213;54610502,2800025;54472756,3704895;43847885,6695538;49811005,6695538
"Austria";4691000;4394000;4027000;4013000;3807000;3974000;3472000;3555000;3550000;3425000;3247000;3147000;2887000;2814000;3075000;3265000;3080000;3035000;3127000;3603000;3473000;3228000;3295000;3039000;3116000;3593000;3600000;2802000;2433000;2452000;2771000;2967000;3085000;2752000;2781000;2831000;3080000;2984000;3308000;3261000;3059000;3082000;2968000;2803000;2270000;2579000;2475043,205
"Azerbaijan";;;;;;;;;;;;;;;;;;;;;92000;92000;92000;92000;92000;89000;67000;30000;30000;30000;30000;30000;30000;;;;30000;30000;30000;30000;30000;30000;30000;30000;30000;30000;30000
"Bahamas";;;;;;;;;;;;;;;;;;;;;;;;;;;;;;;;;;;;;;;;;;;;;;;
"Bahrain";;;;;;;;;;;;;;;;;;;;;;;;;;;;;;;;;;;;;;;;;;;;;;;
"Bangladesh";;;;;;;;110000;140000;150000;144000;115000;88000;82000;89000;99000;127000;114000;56000;30000;62000;95000;109000;64000;154000;281000;90000;84000;30000;30000;321000;176000;323000;93000;30000;330000;350000;350000;350000;350000;371000;473000;448000;628000;628000;900000;954558
"Barbados";;;;;;;;;;;;;;;;;;;;;;;;;;;;;;;;;;;;;;;;;;;;;;;
"Belarus";;;;;;;;;;;;;;;;;;;;;1058000;1196000;1288000;1334000;1334000;1150000;1058000;736000;598000;248000;253000;460000;552000;368000;87000;92000;103000;100000;92000;114000;97000;69000;30000;30000;30000;30000;30000
"Belgium";;;;;;;;;;;;;;;;;;;;;;;;;;;;;;;;;;;;;;;;;;;;;;;
"Belize";;;;;;;;;;;;;;;;;;;;;;;;;;;;;;;;;;;;;;;;;;;;;;;
"Benin";;;;;;;;;;;;;;;;;;;;;;;;;;;;;;;;;;;;;;;;;;;;;;;
"Bermuda";;;;;;;;;;;;;;;;;;;;;;;;;;;;;;;;;;;;;;;;;;;;;;;
"Bhutan";;;;;;;;;;;;;;;;;;;;;;;;;;;;;;;;;;;;;;;;;;;;;;;
"Bolivia";;;;;;;;;;;;;;;;;;;;;;;;;;;;;;;;;;;;;;;;;;;;;;;
"Bosnia and Herzegovina";;;;;;;;;;;;;;;;;;;;;;;;;;;;;;;;;;;;;;;;;;;;;;;
"Botswana";;;;;;;;;;;;;;;;;;;;;;;;;;;;;;;;;;;;;;;;;;;;;;;
"Brazil";1735000;1880000;1943000;1912000;2134000;2358000;2424000;2439000;2415000;2517000;3018000;3449000;4196000;4602000;5076000;5517000;5688000;5934000;6646000;8303000;9881000;10069000;10115000;10043000;9907000;9533000;10232000;9896000;10274000;10321000;10796000;11339000;11495000;11350000;11902000;12509000;12215000;11451000;11770000;12770000;12663000;12536000;13359000;13483000;11262000;13928000;13864000
"British Virgin Islands";;;;;;;;;;;;;;;;;;;;;;;;;;;;;;;;;;;;;;;;;;;;;;;
"Brunei";;;;;;;;;;;;;;;;;;;;;;;;;;;;;;;;;;;;;;;;;;;;;;;
"Bulgaria";5996000;6183000;6714000;7294000;7333000;8021000;7917000;8160000;8223000;8083000;8474000;7899000;7867000;8388000;8649000;9072000;9212000;9678000;9641000;9656000;10078000;10359000;10350000;9642000;9841000;8755000;7547000;7567000;8134000;7507000;7564000;7627000;7743000;7346000;6383000;6408000;7104000;6540000;7218000;7138000;6833000;6852000;7664000;7512000;6362000;6818000;8439585,182
"Burkina Faso";;;;;;;;;;;;;;;;;;;;;;;;;;;;;;;;;;;;;;;;;;;;;;;
"Burundi";;;;;;;;;;;;;;;;;;;;;;;;;;;;;;;;;;;;;;;;;;;;;;;
"Cambodia";;;;;;;;;;;;;;;;;;;;;;;;;;;;;;;;;;;;;;;;;;;;;;;
"Cameroon";;;;;;;;;;;;;;;;;;;;;;;;;;;;;;;;;;;;;;;;;;;;;;;
"Canada";15476000;15172000;15032000;16331000;15767000;16928000;16090000;15183000;15637000;15888000;15457000;18300000;23384000;19228000;18207000;22174668,0042037;22641205,6940861;23924739,6579726;25031408,2354065;27882320,6267316;26800563,676316;24839471,6728766;26696856,7880003;28668840,1643259;28608627,1137862;27136978,1217158;26267937,3268367;26759171,6824305;23758359,6063819;25190813,9868157;25224109,1048055;26252292,9206076;27911555,3644788;30756401,0700296;30525556,5109391;31788955,7657399;33962740,0401261;31581327,0278016;27004657,4949842;28450869,3990637;33269203,2100888;29128809,5920512;29846278,7809305;29896436,4192223;25187064,1062386;24005899,4936467;21825764,3068692
"Cape Verde";;;;;;;;;;;;;;;;;;;;;;;;;;;;;;;;;;;;;;;;;;;;;;;
"Cayman Islands";;;;;;;;;;;;;;;;;;;;;;;;;;;;;;;;;;;;;;;;;;;;;;;
"Central African Republic";;;;;;;;;;;;;;;;;;;;;;;;;;;;;;;;;;;;;;;;;;;;;;;
"Chad";;;;;;;;;;;;;;;;;;;;;;;;;;;;;;;;;;;;;;;;;;;;;;;
"Channel Islands";;;;;;;;;;;;;;;;;;;;;;;;;;;;;;;;;;;;;;;;;;;;;;;
"Chile";1165000;1200000;1200000;1200000;1200000;1283000;1239000;1024000;1112000;1054000;842000;850000;915000;892000;987000;1090000;1088000;725000;869000;1172000;1173000;1114000;1148000;1600000;2162000;2419000;1987000;1750000;1800000;2150000;2350000;3200000;4150000;3700000;3860000;2984000;2341000;2358850;2255500;2613000;2560350;3196700;3794253,89310566;4057411,67435102;3709301,05;4204613,23543125;5293730
"China";112337556;120172320;106819840;106024582;128031629;162900255,999999;187823249;198924200,6;201810588,65;199920240;225243950,549999;231099493,8;254074259,959999;281014477,119999;290828030,959999;304885273;302250546,8;320148413,739999;343423451,22;374941206,799999;399798393,929999;422122913,25;455657937,839999;486698485,019999;508814297,849999;507083457,526;524375475,123;540544971,779999;572470556,672;612119475,744;665200477,219999;670018836,457;677393645,1528;674617662,4224;705968194,447999;709637722,874;720808817,291999;760423128,1896;900248860,266599;1065598039,88965;1186200887,89062;1317667186,2475;1392547876,95228;1441058925,49998;1579459829,53895;1676213161,80499;1839445696,89271
"Christmas Island";;;;;;;;;;;;;;;;;;;;;;;;;;;;;;;;;;;;;;;;;;;;;;;
"Cocos Island";;;;;;;;;;;;;;;;;;;;;;;;;;;;;;;;;;;;;;;;;;;;;;;
"Colombia";2014000;2014000;2210000;2013000;2149000;2243000;1893000;1827000;2052000;2302000;1794000;2081000;2149000;2166000;2190000;2260000;2310000;2555000;2960000;3020000;2892000;2882000;3239000;3147000;3269000;3547000;3746000;3646000;3715000;3559000;3379000;2890000;3021000;2811000;2359000;2703000;2662000;2189000;2427000;1998000;2668000;2436000;2353000;2778000;3485000;4007000;4290000
"Comoros";;;;;;;;;;;;;;;;;;;;;;;;;;;;;;;;;;;;;;;;;;;;;;;
"Congo, Dem. Rep.";;;;;;;;;;;;;;;;;;;;;;;;;;;;;;;;;;;;;;;;;;;;;;;
"Congo, Rep.";;;;;;;;;;;;;;;;;;;;;;;;;;;;;;;;;;;;;;;;;;;;;;;
"Cook Is";;;;;;;;;;;;;;;;;;;;;;;;;;;;;;;;;;;;;;;;;;;;;;;
"Costa Rica";;;;;;;;;;;;;;;;;;;;;;;;;;;;;;;;;;;;;;;;;;;;;;;
"Cote d'Ivoire";;;;;;;;;;;;;;;;;;;;;;;;;;;;;;;;;;;;;;;;;;;;;;;
"Croatia";;;;;;;;;;;;;;;;;;;;;;;;;;;;;;;;;;;;;;;;;;;;;;;
"Cuba";;;;;;;;;;;;;;;;;;;;;;;;;;;;;;;;;;;;;;;;;;;;;;;
"Cyprus";;;;;;;;;;;;;;;;;;;;;;;;;;;;;;;;;;;;;;;;;;;;;;;
"Czech Republic";35326000;35222000;34062000;35259000;36647000;37099999,9999999;38653000;38102000;37283000;37145000;37938000;38678000;39514000;39668000;39680000;38451000;38295000;38592000;38375000;39098000;38249000;38076000;37633000;38074000;36608000;33470000;30409000;25366000;23667000;23191000;23453000;23640000;22774000;20501000;19008000;20959000;21185000;20605000;20751000;20892000;20412000;21058000;21239000;19858000;17383000;18154000;19167671,46
"Czechoslovakia";;;;;;;;;;;;;;;;;;;;;;;;;;;;;;;;;;;;;;;;;;;;;;;
"Denmark";2087000;2366000;2202000;2517000;2186000;2040000;1365000;1322000;1820000;2134000;2486000;2530000;3345000;3446000;4187000;5932000;5398000;5671000;5433000;6272000;7120000;7300000;7151000;6916000;5521000;6039000;8351000;6737000;7201000;7760000;6550000;8950000;6710000;5607000;4728000;4029000;4188000;4197000;5684000;4580000;3686000;5626976,45218305;4724000;4103000;3990000;3794000;3210798,715
"Djibouti";;;;;;;;;;;;;;;;;;;;;;;;;;;;;;;;;;;;;;;;;;;;;;;
"Dominica";;;;;;;;;;;;;;;;;;;;;;;;;;;;;;;;;;;;;;;;;;;;;;;
"Dominican Republic";;;;;;;;;;;;;;;;;;;;;;;;;;;;;;;;;;;;;;;;;;;;;;;
"East Germany";;;;;;;;;;;;;;;;;;;;;;;;;;;;;;;;;;;;;;;;;;;;;;;
"Ecuador";;;;;;;;;;;;;;;;;;;;;;;;;;;;;;;;;;;;;;;;;;;;;;;
"Egypt";403000;274000;422000;439000;474000;437000;351000;318000;300000;483000;562000;558000;608000;657000;748000;602000;777000;796000;750000;762000;803000;808000;864000;942000;982000;888000;971000;990000;1160000;1163000;1178000;1181000;1195000;1244000;1045000;1357000;1216000;1305000;1353000;1306000;1256000;1211000;1207000;1181000;1156000;881000;896646,56
"El Salvador";;;;;;;;;;;;;;;;;;;;;;;;;;;;;;;;;;;;;;;;;;;;;;;
"Equatorial Guinea";;;;;;;;;;;;;;;;;;;;;;;;;;;;;;;;;;;;;;;;;;;;;;;
"Eritrea";;;;;;;;;;;;;;;;;;;;;;;;;;;;;;;;;;;;;;;;;;;;;;;
"Eritrea and Ethiopia";;;;;;;;;;;;;;;;;;;;;;;;;;;;;;;;;;;;;;;;;;;;;;;
"Estonia";;;;;;;;;;;;;;;;;;;;;;;;;;;;;;;;;;;;;;;;;;;;;;;
"Ethiopia";;;;;;;;;;;;;;;;;;;;;;;;;;;;;;;;;;;;;;;;;;;;;;;
"Faeroe Islands";;;;;;;;;;;;;;;;;;;;;;;;;;;;;;;;;;;;;;;;;;;;;;;
"Falkland Is (Malvinas)";;;;;;;;;;;;;;;;;;;;;;;;;;;;;;;;;;;;;;;;;;;;;;;
"Fiji";;;;;;;;;;;;;;;;;;;;;;;;;;;;;;;;;;;;;;;;;;;;;;;
"Finland";2001000;1860000;1791000;2161000;2594000;2453000;2206000;1785000;2028000;2062000;1788000;2547000;2597000;3509000;3200000;3760000;1847000;1850000;2780000;2710000;3489000;2980000;3700000;3600000;3200000;3250000;3508000;3040000;3746000;4896000;4120000;5006000;4493000;3285000;3262000;3279000;3860000;4144000;5509000;5046000;2928000;4734000;4396000;3047000;3347000;4306000;3315724,889
"France";45055000;41341000;41804000;40045000;39787000;37826000;33838000;29548000;29450000;30329000;26459000;30030000;29821000;30469000;28500000;27700000;25100000;28600000;25300000;25170000;22980000;19580000;17900000;17100000;19600000;19100000;20100000;17900000;14712000;13722000;14519000;15391000;13448000;16127000;14349000;13898000;12110000;12418000;13251000;12840000;13260000;12060000;12300000;11940000;9850800;10720800;9021000
"French Guiana";;;;;;;;;;;;;;;;;;;;;;;;;;;;;;;;;;;;;;;;;;;;;;;
"French Polynesia";;;;;;;;;;;;;;;;;;;;;;;;;;;;;;;;;;;;;;;;;;;;;;;
"Gabon";;;;;;;;;;;;;;;;;;;;;;;;;;;;;;;;;;;;;;;;;;;;;;;
"Gambia";;;;;;;;;;;;;;;;;;;;;;;;;;;;;;;;;;;;;;;;;;;;;;;
"Georgia";;;;;;;;;;;;;;;;;;;;;;;;;;;;;;;;;;;;;;;;;;;;;;;
"Germany";163519000;152661000;147060000;149170999,999999;153590000;151669000;144519999,999999;140079999,999999;141211000;139630000;128331999,999999;134386000;130880000;132287000;139511000;139550000;141267000;140105000;141006000;147412000;147649000;143439000;141297000;140111999,999999;138224999,999999;129580000;113274000;104370000;97930000;95550000;90580000;89880000;86800000;84770000;80220000;84893000;84965000;84631000;87185000;85371000;82139103,8501958;83524410,0506353;85674023,1202828;80108913,7288621;71725422,757237;76621763,6381007;77553262,6349479
"Ghana";;;;;;;;;;;;;;;;;;;;;;;;;;;;;;;;;;;;;;;;;;;;;;;
"Gibraltar";;;;;;;;;;;;;;;;;;;;;;;;;;;;;;;;;;;;;;;;;;;;;;;
"Greece";2107000;2103000;2010000;2270000;2197000;2528000;3726000;3980000;4681000;4930000;6456000;7629000;8114000;7215000;3961000;3961000;3921000;3981000;4882000;5213000;6045000;5769000;6586000;7392000;7947000;8037000;7750000;8384000;7889000;8382000;8240000;7772000;7641000;8777000;9104000;9218000;9347000;9845000;9422000;9044040;8815203,9;8056476,5;8536134,9;8138995,1;8083636,7;7358018,2;7324320
"Greenland";;;;;;;;;;;;;;;;;;;;;;;;;;;;;;;;;;;;;;;;;;;;;;;
"Grenada";;;;;;;;;;;;;;;;;;;;;;;;;;;;;;;;;;;;;;;;;;;;;;;
"Guadeloupe";;;;;;;;;;;;;;;;;;;;;;;;;;;;;;;;;;;;;;;;;;;;;;;
"Guam";;;;;;;;;;;;;;;;;;;;;;;;;;;;;;;;;;;;;;;;;;;;;;;
"Guatemala";;;;;;;;;;;;;;;;;;;;;;;;;;;;;;;;;;;;;;;;;;;;;;;
"Guernsey";;;;;;;;;;;;;;;;;;;;;;;;;;;;;;;;;;;;;;;;;;;;;;;
"Guinea";;;;;;;;;;;;;;;;;;;;;;;;;;;;;;;;;;;;;;;;;;;;;;;
"GuineaBissau";;;;;;;;;;;;;;;;;;;;;;;;;;;;;;;;;;;;;;;;;;;;;;;
"Guyana";;;;;;;;;;;;;;;;;;;;;;;;;;;;;;;;;;;;;;;;;;;;;;;
"Haiti";;;;;;;;;;;;;;;;;;;;;;;;;;;;;;;;;;;;;;;;;;;;;;;
"Holy See";;;;;;;;;;;;;;;;;;;;;;;;;;;;;;;;;;;;;;;;;;;;;;;
"Honduras";;;;;;;;;;;;;;;;;;;;;;;;;;;;;;;;;;;;;;;;;;;;;;;
"Hong Kong, China";123000;106000;85000;61000;30000;30000;30000;30000;30000;30000;30000;30000;30000;30000;30000;30000;30000;895000;2102000;2744000;3397000;3931000;4926000;5699000;6106000;5492000;5926000;6282000;7275000;5197000;5602000;4163000;3513000;4367000;3931000;3725000;4941000;5362000;6566000;6575327,85;6657428,505;7013188,785;7540784,37;6977250,645;7584041,01;6349443,885;7705259,355
"Hungary";10910000;10463000;9077000;8959000;9093000;9241000;8945000;8693000;8738000;8334000;7940000;8045000;8183000;8175000;8238000;8078000;8117000;8463000;7956000;7742000;7604000;7515000;7511000;7087000;6348000;5587000;5792000;4611000;3970000;3613000;3557000;3695000;3730000;3373000;3442000;3246000;3420000;3106000;3351000;3069000;2681565;2869155;2894655;2838565;2491525;2642350;2729095
"Iceland";;;;;;;;;;;;;;;;;;;;;;;;;;;;;;;;;;;;;;;;;;;;;;;
"India";35546633,8028;35461338,0282;36052042,2535;37302211,268;39625211,268;37558802,817;38080154,93;40213507,042;39677507,042;44785563,38;48143267,606;50131971,831;52480323,944;50787971,831;53954676,056;56712380,282;63249116,68;63062303,12;66158820,74;69458504,8;72543916,44;78010449,29;85921514,12;91656698,46;99955100,9;95457509,3;101760765,84;108218360,7;112507305,8;115829059,4;124952926,999999;134394902,6;135898839,1;136064546,299999;135752135,1;144243214,499999;145189223,7;151847541,199999;156801851,4;172258457,199999;184437716,4;195442749,76;210271329,14;230376397,5;253823797,199999;270811279,38;295615083,158118
"Indonesia";129000;158000;111000;83000;100000;87000;100000;100000;67000;73000;93000;93000;100000;133000;200000;253000;270000;255000;255000;267000;900000;1446000;2267000;2368000;3554000;3954000;4091000;4060000;4030000;4760000;5662000;6922000;8245000;9254000;11555000;13739622,75;16843568,34;17993056,845;24153418,365;22190266,41;25430702,64;30131967,435;37804050;30089908,815;34621425;41205000;43966350
"Iran";211000;232000;256000;282000;311000;343000;378000;642000;705000;803000;690000;616000;618000;630000;599000;605000;479000;542000;542000;813000;852000;890000;907000;920000;945000;1071000;1134000;1200000;1250000;1300000;1361000;1150000;938000;985000;1034000;1066000;1060000;1143000;1107000;1035000;1199000;1236000;1311000;881000;973000;781000;762256
"Iraq";;;;;;;;;;;;;;;;;;;;;;;;;;;;;;;;;;;;;;;;;;;;;;;
"Ireland";2231000;2518000;2626000;3104000;2934000;894000;732000;650000;843000;816000;475000;495000;532000;551000;828000;732000;853000;869000;1000000;985000;1054000;1534000;2163000;2186000;2249000;2085000;2044000;1876000;1856000;1733000;1777000;1925000;1804000;1870000;1591000;1815000;1879000;1751000;1746000;1802000;1886000;1633000;1601000;1422000;1154000;1240000;1264000
"Isle of Man";;;;;;;;;;;;;;;;;;;;;;;;;;;;;;;;;;;;;;;;;;;;;;;
"Israel";;;;;;;;;;;;;;;;30000;30000;555000;1046000;1693000;1847000;2051000;2184000;2093000;2261000;2349000;2543000;3134000;3541000;3756000;4096000;4976000;5410000;5810000;5704000;6223000;7191000;7600000;7879000;7955000;7909532,2;7817651,7526;7997457,743536;7869498,41994;7704588,8378;7701331,9716;7902362,21
"Italy";8626000;8972000;9832000;9522000;9774000;9870000;9535000;8873000;9003000;9804000;9830000;9747000;9585000;9750000;10700000;12554000;12866000;14385000;13464000;15270000;15076000;14819000;14710000;13788000;14386000;14081000;13605000;12173000;10361000;11158000;11957000;11149000;10993000;11629000;11624000;12184000;13056000;13300000;13973000;15954000;15986000;16389000;16602000;16442000;12935000;14288000;15419115,07
"Jamaica";;;;;;;;;;;;;;;;;;;;;;;;;;;;;;;;;;;;;;;;;;;;;;;
"Japan";43598000;45541000;50886000;53942000;58151000;60199000;53861000;50459000;53668000;57338000;54440000;52527000;52482000;46466000;50435000;57604000;63585000;62000000;63000000;69890000;73747000;69549000;69371000;76207000;75618000;75961000;79004000;77988000;79172000;82026000;86199000;88275000;89788000;88447000;91477000;98871000;103047000;106604000;112187000;120782000;121282000;119105276,877;125335313,005;128663576,972;108782008,489;123712852,18;117732505,501
"Jersey";;;;;;;;;;;;;;;;;;;;;;;;;;;;;;;;;;;;;;;;;;;;;;;
"Jordan";;;;;;;;;;;;;;;;;;;;;;;;;;;;;;;;;;;;;;;;;;;;;;;
"Kazakhstan";;;;;;;;;;;;;;;;;;;;;38134000;40066000;41630000;43424000;41446000;40158000;38180000;39928000;36432000;34514000;27494000;25852000;22448000;22908000;19826000;23184000;22464000;22754000;25181000;26548524,24;27214737,2;29774636,6526544;31691102,8;33405808,94;32590697,44;31593114,4212306;30183810,20592
"Kenya";;;;;;;;;;;;;;;;;;;;;;;;;;;;;;;;;;;;;;;;;;;;;;;
"Kiribati";;;;;;;;;;;;;;;;;;;;;;;;;;;;;;;;;;;;;;;;;;;;;;;
"North Korea";;;;;;;;;;;;;;;;;;;;;;;;;;;;;;;;;;;;;;;;;;;;;;;
"South Korea";4952000;5607000;5349000;5050000;5274000;5629000;5689000;5831000;7374000;7605000;8035000;8957000;9778000;9894000;11843000;13199000;15244000;15450000;16491000;19867000;22022000;23331000;23639000;25162000;24493000;24385000;24535000;23618000;25882000;26701000;28120000;32237000;34758000;36082000;38216000;43034000;45711000;49095000;51113000;53125000;54770080;54787700;59654000;66060000;68604000;75896000;79393000
"United Korea (former)";;;;;;;;;;;;;;;;;;;;;;;;;;;;;;;;;;;;;;;;;;;;;;;
"Kosovo";;;;;;;;;;;;;;;;;;;;;;;;;;;;;;;;;;;;;;;;;;;;;;;
"Kuwait";;;;;;;;;;;;;;;;;;;;;;;;;;;;;;;;;;;;;;;;;;;;;;;
"Kyrgyz Republic";;;;;;;;;;;;;;;;;;;;;;;;;;;;;;;;;;;;;;;;;;;;;;;
"Lao";;;;;;;;;;;;;;;;;;;;;;;;;;;;;;;;;;;;;;;;;;;;;;;
"Latvia";;;;;;;;;;;;;;;;;;;;;;;;;;;;;;;;;;;;;;;;;;;;;;;
"Lebanon";;;;;;;;;;;;;;;;;;;;;;;;;;;;;;;;;;;;;;;;;;;;;;;
"Lesotho";;;;;;;;;;;;;;;;;;;;;;;;;;;;;;;;;;;;;;;;;;;;;;;
"Liberia";;;;;;;;;;;;;;;;;;;;;;;;;;;;;;;;;;;;;;;;;;;;;;;
"Libya";;;;;;;;;;;;;;;;;;;;;;;;;;;;;;;;;;;;;;;;;;;;;;;
"Liechtenstein";;;;;;;;;;;;;;;;;;;;;;;;;;;;;;;;;;;;;;;;;;;;;;;
"Lithuania";;;;;;;;;;;;;;;;;;;;;598000;690000;690000;690000;644000;598000;598000;460000;30000;69000;51000;92000;115000;104000;115000;78000;78000;126000;155000;158194,87;171714,71;238399,72;227649,98;194494,99;145534,99;191874,95;204139,96
"Luxembourg";;;;;;;;;;;;;;;;;;;;;;;;;;;;;;;;;;;;;;;;;;;;;;;
"Macao, China";;;;;;;;;;;;;;;;;;;;;;;;;;;;;;;;;;;;;;;;;;;;;;;
"Macedonia, FYR";;;;;;;;;;;;;;;;;;;;;;;;;;;;;;;;;;;;;;;;;;;;;;;
"Madagascar";;;;;;;;;;;;;;;;;;;;;;;;;;;;;;;;;;;;;;;;;;;;;;;
"Malawi";;;;;;;;;;;;;;;;;;;;;;;;;;;;;;;;;;;;;;;;;;;;;;;
"Malaysia";30000;30000;30000;30000;30000;30000;30000;104000;99000;99000;30000;30000;30000;30000;30000;30000;93000;85000;221000;239000;319000;237000;327000;260000;1197000;1326000;1562000;1640000;1371000;1523000;1669000;1677000;1622000;1731000;1940000;2486000;2971000;3642000;5316000;6632000;6889000;7298000;8847000;9782000;10623000;13752547,4;15023980,21
"Maldives";;;;;;;;;;;;;;;;;;;;;;;;;;;;;;;;;;;;;;;;;;;;;;;
"Mali";;;;;;;;;;;;;;;;;;;;;;;;;;;;;;;;;;;;;;;;;;;;;;;
"Malta";;;;;;;;;;;;;;;;;;;;;;;;;;;;;;;;;;;;;;;;;;;;;;;
"Marshall Islands";;;;;;;;;;;;;;;;;;;;;;;;;;;;;;;;;;;;;;;;;;;;;;;
"Martinique";;;;;;;;;;;;;;;;;;;;;;;;;;;;;;;;;;;;;;;;;;;;;;;
"Mauritania";;;;;;;;;;;;;;;;;;;;;;;;;;;;;;;;;;;;;;;;;;;;;;;
"Mauritius";;;;;;;;;;;;;;;;;;;;;;;;;;;;;;;;;;;;;;;;;;;;;;;
"Mayotte";;;;;;;;;;;;;;;;;;;;;;;;;;;;;;;;;;;;;;;;;;;;;;;
"Mexico";688306,10490112;737699,43632368;904963,21773192;947788,28699723;960829,27295309;1078508,64622146;1350100,31527658;1496966,65711283;1609725,80491067;1759076,14407185;2028231,58498137;1567569,50415592;2209969,42772523;2347353,58746537;2296622,71902169;2328747,49211809;2060141,3967708;2391492,30916213;2372671,25250788;2449699,05417025;2688115,02818382;3432167,76535779;3329487,91439763;3567306,77366963;3395313,84350817;3436443,10690742;3359892,99703831;3376397,24849527;3835482,94640298;4461975,7332569;4858292,72953091;5617130,02770612;5603014,23521544;5714674,69188879;5793350,53023789;5902741,95089328;6892725,01671921;7784454,66704882;8902521,7349766;7093291,22480176;9309449,96178466;9133427,12811694;9097667,95643451;6770161,98528709;8391098,73889367;9367377,0899016;9894558,53874081
"Micronesia, Fed. Sts.";;;;;;;;;;;;;;;;;;;;;;;;;;;;;;;;;;;;;;;;;;;;;;;
"Moldova";;;;;;;;;;;;;;;;;;;;;;;;;;;;;;;;;;;;;;;;;;;;;;;
"Monaco";;;;;;;;;;;;;;;;;;;;;;;;;;;;;;;;;;;;;;;;;;;;;;;
"Mongolia";;;;;;;;;;;;;;;;;;;;;;;;;;;;;;;;;;;;;;;;;;;;;;;
"Montenegro";;;;;;;;;;;;;;;;;;;;;;;;;;;;;;;;;;;;;;;;;;;;;;;
"Montserrat";;;;;;;;;;;;;;;;;;;;;;;;;;;;;;;;;;;;;;;;;;;;;;;
"Morocco";;;;;;;;;;;;;;;;;;;;;;;;;;;;;;;;;;;;;;;;;;;;;;;
"Mozambique";;;;;;;;;;;;;;;;;;;;;;;;;;;;;;;;;;;;;;;;;;;;;;;
"Myanmar";;;;;;;;;;;;;;;;;;;;;;;;;;;;;;;;;;;;;;;;;;;;;;;
"Namibia";;;;;;;;;;;;;;;;;;;;;;;;;;;;;;;;;;;;;;;;;;;;;;;
"Nauru";;;;;;;;;;;;;;;;;;;;;;;;;;;;;;;;;;;;;;;;;;;;;;;
"Nepal";;;;;;;;;;;;;;;;;;;;;;;;;;;;;;;;;;;;;;;;;;;;;;;
"Netherlands";9511000;8572000;8274000;7645000;6660000;4793000;3613000;3083000;3081000;2893000;2540000;3191000;3231000;3136000;3281000;3892000;4090000;5396000;5268000;6664000;7011000;6802000;7101000;8396000;8200000;9539000;8241000;7662000;8230000;8964000;9786000;9340000;9517000;9395000;7686000;8565000;8476000;8890000;9144000;9100455;8693101,3;8455756,1;9003783,5;8477757,2;7934396,7;7935063,4;7804390,2
"Netherlands Antilles";;;;;;;;;;;;;;;;;;;;;;;;;;;;;;;;;;;;;;;;;;;;;;;
"New Caledonia";;;;;;;;;;;;;;;;;;;;;;;;;;;;;;;;;;;;;;;;;;;;;;;
"New Zealand";1645000;1600000;1461000;1375000;1410000;1411000;1255000;1286000;1457000;1499962,26234833;1411575,18868826;1454573,89892042;1385311,4550492;1277826,0246489;1139294,44922136;1171816,42304385;1167493,31231489;1144500,57323015;1268164,23043852;1179463,79096207;1089082,59291105;1251664,2782077;1044700,48724563;1132068,88315659;1232525,79535684;1198012,08560237;1142317,04404318;1257813,36581638;1239114,12056941;1171307,68128404;1212971,00410815;1176274,4817044;1264302,56998185;1149695,4714818;1178423,61708226;1122490,20731824;1398375,13136524;1398204,83424095;2006556,08101653;2068507,92968377;2286824,30495844;2246654,24668004;1713190,26464125;2124117,46441196;1605084,7902933;1389604,71004108;1416611,25441865
"NgornoKarabakh";;;;;;;;;;;;;;;;;;;;;;;;;;;;;;;;;;;;;;;;;;;;;;;
"Nicaragua";;;;;;;;;;;;;;;;;;;;;;;;;;;;;;;;;;;;;;;;;;;;;;;
"Niger";;;;;;;;;;;;;;;;;;;;;;;;;;;;;;;;;;;;;;;;;;;;;;;
"Nigeria";;;;;;;;;;;;;;;;;;;;;;;;;;;;;;;;;;;;;;;;;;;;;;;
"Niue";;;;;;;;;;;;;;;;;;;;;;;;;;;;;;;;;;;;;;;;;;;;;;;
"Norfolk Island";;;;;;;;;;;;;;;;;;;;;;;;;;;;;;;;;;;;;;;;;;;;;;;
"Northern Cyprus";;;;;;;;;;;;;;;;;;;;;;;;;;;;;;;;;;;;;;;;;;;;;;;
"Northern Mariana Islands";;;;;;;;;;;;;;;;;;;;;;;;;;;;;;;;;;;;;;;;;;;;;;;
"Norway";763000;702000;738000;751000;837000;862000;811000;886000;910000;1022000;980000;991000;833000;873000;992000;1005000;939000;1021000;943000;1147000;1169000;1040000;989000;986000;957000;811480,8;722211,2;725567,2;783961,6;884641,6;965856,8;960487,2;953104;1033648;969212,8;992704,8;882628;767181,6;745703,2;842356;718855,2;616161,6;678583,2;698048;492660,8;634284;647708
"Oman";;;;;;;;;;;;;;;;;;;;;;;;;;;;;;;;;;;;;;;;;;;;;;;
"Pakistan";1379000;1164000;1118000;1231000;1108000;923000;731000;586000;582000;533000;517000;512000;557000;593000;661000;704000;799000;906000;1028000;1166000;1323000;1501000;1704000;1782000;1952000;2069000;2048000;2103000;2208000;2192000;2210000;2240000;2094000;2096000;2097000;2028000;2105000;2360000;2910000;3764166,5;4138748;4238166;5105261;5258333,5;4677231;4486253,5;4223414,419
"Palau";;;;;;;;;;;;;;;;;;;;;;;;;;;;;;;;;;;;;;;;;;;;;;;
"Panama";;;;;;;;;;;;;;;;;;;;;;;;;;;;;;;;;;;;;;;;;;;;;;;
"Papua New Guinea";;;;;;;;;;;;;;;;;;;;;;;;;;;;;;;;;;;;;;;;;;;;;;;
"Paraguay";;;;;;;;;;;;;;;;;;;;;;;;;;;;;;;;;;;;;;;;;;;;;;;
"Peru";30000;30000;30000;30000;30000;30000;30000;53955,28804815;59950,3200535;53955,28804815;30000;30000;30000;30000;30000;51972,86710614;79941,72160122;73946,68959587;86939,90637241;100936,27591478;74949,84236171;80944,87436706;108937,6134518;108937,6134518;136906,46794688;103921,84962262;186873,02952135;195877,51982421;288812,45820197;267817,90388841;272809,78312793;275819,24142543;276822,39419127;328365,33868348;318548,77233209;495151,42829846;434484,57055508;663322,82411388;715916,69055126;746059,04270565;751218,1140728;594821,82096112;825379,76497564;750310,49966562;798963,40880864;769967,51695806;823187,6717302
"Philippines";30000;30000;30000;30000;30000;30000;30000;30000;30000;30000;55000;64000;136000;139000;122000;143000;146000;164000;528000;846000;1201000;925000;1042000;1249000;1070000;1028000;1267000;1147000;1313000;1310000;1435000;1999000;2373000;2721000;2883000;4280000;4530000;4720000;4737000;4988314,359;5713365,756;5546643,158;5934833,90675955;6996838,02888;6677990,25453;7730802,59336;8270094,602
"Pitcairn";;;;;;;;;;;;;;;;;;;;;;;;;;;;;;;;;;;;;;;;;;;;;;;
"Poland";59481000;60278000;61369000;64322000;67577000;70179999,9999999;71837000;75147000;75455999,9999999;77583000;83701000;87515999,9999999;90620000;94839000;95983000;101644000;90630000;93815000;93588000;97586000;99855000;102408000;106099999,999999;103179000;98591000;80214000;77605000;73019000;74025000;72307000;71700000;73160000;70128000;63760000;60991000;57606000;58028000;56720000;57747000;57253063;55677797;58038981;57923838;55958903;51914289;56381108;59767470
"Portugal";601000;612000;604000;544000;511000;467000;432000;382000;565000;439000;412000;400000;363000;428000;447000;350000;397000;366000;400000;495000;769000;1450000;1888000;2177000;2429000;2848000;2984000;3021000;3290000;3427000;4202000;3920000;3566000;3565000;3647000;4533000;3678000;4106000;3760000;3699500;3805200;3794000;3301900;2909200;3273900;1891400;2590000
"Puerto Rico";;;;;;;;;;;;;;;;;;;;;;;;;;;;;;;;;;;;;;;;;;;;;;;
"Qatar";;;;;;;;;;;;;;;;;;;;;;;;;;;;;;;;;;;;;;;;;;;;;;;
"Reunion";;;;;;;;;;;;;;;;;;;;;;;;;;;;;;;;;;;;;;;;;;;;;;;
"Romania";4053000;4365000;4837000;5303000;6128000;6658000;7032000;7586000;8494000;9246000;9798000;9603000;10283000;11831000;12220000;12858000;13140000;12976000;16053000;15864000;16926000;17177000;18538000;19990000;20716000;11704000;9645000;10320000;9535000;9410000;9714000;9544000;8386000;7032000;6688000;7038000;7161000;7602000;7760000;7379924;7583789,6;8511108,8;7367113,6;7387626,8;6608354,8;6063898;7070150,8
"Russia";;;;;;;;;;;;;;;;;;;;;195592000;200422000;205114000;200789999,999999;194396000;180642000;165599999,999999;154744000;140759999,999999;126449000;119385000;116060000;107099999,999999;100660000;101010000;105210000;102410000;103039999,999999;104020000;99539999,9999999;94219999,9999999;96669999,9999999;93449999,9999999;100380000;91910000;90230000;90928608,61
"Rwanda";;;;;;;;;;;;;;;;;;;;;;;;;;;;;;;;;;;;;;;;;;;;;;;
"St. Barthélemy";;;;;;;;;;;;;;;;;;;;;;;;;;;;;;;;;;;;;;;;;;;;;;;
"St. Helena";;;;;;;;;;;;;;;;;;;;;;;;;;;;;;;;;;;;;;;;;;;;;;;
"St. Kitts and Nevis";;;;;;;;;;;;;;;;;;;;;;;;;;;;;;;;;;;;;;;;;;;;;;;
"St. Lucia";;;;;;;;;;;;;;;;;;;;;;;;;;;;;;;;;;;;;;;;;;;;;;;
"St. Martin";;;;;;;;;;;;;;;;;;;;;;;;;;;;;;;;;;;;;;;;;;;;;;;
"St. Vincent and the Grenadines";;;;;;;;;;;;;;;;;;;;;;;;;;;;;;;;;;;;;;;;;;;;;;;
"St.PierreetMiquelon";;;;;;;;;;;;;;;;;;;;;;;;;;;;;;;;;;;;;;;;;;;;;;;
"Samoa";;;;;;;;;;;;;;;;;;;;;;;;;;;;;;;;;;;;;;;;;;;;;;;
"San Marino";;;;;;;;;;;;;;;;;;;;;;;;;;;;;;;;;;;;;;;;;;;;;;;
"Sao Tome and Principe";;;;;;;;;;;;;;;;;;;;;;;;;;;;;;;;;;;;;;;;;;;;;;;
"Saudi Arabia";;;;;;;;;;;;;;;;;;;;;;;;;;;;;;;;;;;;;;;;;;;;;;;
"Senegal";;;;;;;;;;;;;;;;;;;;;;;;;;;;;;;;;;;;;;;;;;;;;;;
"Serbia";;;;;;;;;;;;;;;;;;;;;;;;;;;;;;;;;;;;;;;;;;;;;;;
"Serbia and Montenegro";;;;;;;;;;;;;;;;;;;;;;;;;;;;;;;;;;;;;;;;;;;;;;;
"Serbia excluding Kosovo";;;;;;;;;;;;;;;;;;;;;;;;;;;;;;;;;;;;;;;;;;;;;;;
"Seychelles";;;;;;;;;;;;;;;;;;;;;;;;;;;;;;;;;;;;;;;;;;;;;;;
"Sierra Leone";;;;;;;;;;;;;;;;;;;;;;;;;;;;;;;;;;;;;;;;;;;;;;;
"Singapore";30000;30000;30000;30000;30000;30000;30000;30000;30000;30000;;;;;;;;;30000;;30000;;;;;;;;;;;;;;;;;;;;;;;;;;
"Slovak Republic";5805000;5878000;5668000;5961000;6270000;6321000;6631000;6595000;6392000;6410000;6642000;6851000;7053000;7091000;7133000;6889000;7021000;6971000;7127000;7420000;7199000;7241000;7131000;7234000;7360000;6867000;6290000;6220000;5608000;4996000;5120000;4995000;4665000;4474000;4259000;4022000;4125000;4015000;4227000;4103925;3924996;3843960;3846367,8;3711700,5;3516057,9;3357865,2;3251241,3
"Slovenia";;;;;;;;;;;;;;;;;;;;;;;;;;;;;;;;;;;;;;;;;;;;;;;
"Solomon Islands";;;;;;;;;;;;;;;;;;;;;;;;;;;;;;;;;;;;;;;;;;;;;;;
"Somalia";;;;;;;;;;;;;;;;;;;;;;;;;;;;;;;;;;;;;;;;;;;;;;;
"Somaliland";;;;;;;;;;;;;;;;;;;;;;;;;;;;;;;;;;;;;;;;;;;;;;;
"South Africa";24657000;24345000;25048000;26219000;26477000;27352000;29245550;29453170;31374250;32867090;35079680;36832140;38155950;37058120;39528330;42698443;50611237;55468231;56313909;60680427,9999999;62312343;63176064;64284579;69557969;64903210;66364324,9999999;65135359;61184293,9999999;63034994;66835265;70211721;74339649;77005290;76406616;74867772,9999999;74630563,9999999;73434763;75928535;81437510;85424805;82947920;83952530;89066449,9999999;95134500;89934000;91316750;92857660,1
"South Ossetia";;;;;;;;;;;;;;;;;;;;;;;;;;;;;;;;;;;;;;;;;;;;;;;
"Spain";9597000;9120000;8944000;9392000;9286000;9731000;9954000;10015000;9875000;9169000;10332000;9584000;10227000;10229000;10648000;13337000;15178000;17253000;17636000;18057000;19121000;18695000;18003000;15248000;19173000;18974000;18992000;19277000;18418000;18018000;18721000;15857000;18010000;18300000;20987000;22347000;20105000;22679000;21046000;22000000;22514000;19849000;21865000;15470000;11791000;9784000;14884316,62
"Sri Lanka";;;;;;;;;;;;;;;;;;;;;;;;;;;;;;;;;;;;;;;;;;;;;;;
"Sudan";;;;;;;;;;;;;;;;;;;;;;;;;;;;;;;;;;;;;;;;;;;;;;;
"Suriname";;;;;;;;;;;;;;;;;;;;;;;;;;;;;;;;;;;;;;;;;;;;;;;
"Svalbard";;;;;;;;;;;;;;;;;;;;;;;;;;;;;;;;;;;;;;;;;;;;;;;
"Swaziland";;;;;;;;;;;;;;;;;;;;;;;;;;;;;;;;;;;;;;;;;;;;;;;
"Sweden";1173000;1242000;1145000;1137000;1100000;1500000;1500000;1500000;1600000;1900000;2000000;1900000;1500000;1600000;1800000;1700000;1552000;1600000;2200000;2600000;2900000;2900000;2751000;2659000;1801000;2179000;2427000;2163000;2124000;2111000;2100000;2361000;2146000;2039000;1953000;1867000;2023000;2166000;2195000;2306200;2219100;2272400;2186600;1957150;1646450;2130700;1959750
"Switzerland";1167000;940000;725000;636000;610000;393000;236000;217000;202000;143000;99000;84000;125000;117000;115000;225000;398000;348000;319000;449000;445000;379000;357000;309000;321000;328000;272000;182000;150000;155000;168000;126000;92000;75000;77000;119000;132000;115000;123000;121000;138000;136000;163000;145000;136000;141000;138180
"Syria";;;;;;;;;;;;;;;;;;;;;;;;;;;;;;;;;;;;;;;;;;;;;;;
"Taiwan";2985000;2969000;3013000;3037000;2788000;2724000;2419000;2304000;2062000;2099000;1914000;2027000;2321000;2561000;3233000;3825000;3530000;4088000;5624000;6678000;7089000;8698000;9577000;11004000;11607000;11018830,72;11998901,76;14149297,92;15475962,24;16446361,6;16926131,84;19234605,44;21685106,56;23593400,96;24753855,36;28681597,44;30639637,12;32674439,04;35130342,4;36566424,96;38067671,68;39582019,84;41834925,44;40201025,28;38713228,16;40275297,92;41630238,72
"Tajikistan";;;;;;;;;;;;;;;;;;;;;;;;;;;;;;;;;;;;;;;;;;;;;;;
"Tanzania";;;;;;;;;;;;;;;;;;;;;;;;;;;;;;;;;;;;;;;;;;;;;;;
"Thailand";30000;65000;116000;128000;136000;145000;165000;138000;136000;137000;138000;164000;133000;167000;362000;379000;483000;623000;409000;786000;1589000;1627000;2094000;2271000;2763000;3737000;4466000;4794000;5379000;6125000;7067000;8656000;8731000;7268000;7918000;7795000;8815000;9180000;9381000;10357284;11223840,000154;12374432,68104;14128976,15442;15283753,95384;14475398,69286;15291321,99282;13855586,89446
"TimorLeste";;;;;;;;;;;;;;;;;;;;;;;;;;;;;;;;;;;;;;;;;;;;;;;
"Togo";;;;;;;;;;;;;;;;;;;;;;;;;;;;;;;;;;;;;;;;;;;;;;;
"Tokelau";;;;;;;;;;;;;;;;;;;;;;;;;;;;;;;;;;;;;;;;;;;;;;;
"Tonga";;;;;;;;;;;;;;;;;;;;;;;;;;;;;;;;;;;;;;;;;;;;;;;
"Transnistria";;;;;;;;;;;;;;;;;;;;;;;;;;;;;;;;;;;;;;;;;;;;;;;
"Trinidad and Tobago";;;;;;;;;;;;;;;;;;;;;;;;;;;;;;;;;;;;;;;;;;;;;;;
"Tunisia";;;;;;;;;;;;;;;;;;;;;;;;;;;;;;;;;;;;;;;;;;;;;;;
"Turkey";3670000;4084000;3620000;3935000;4180000;4615000;4750000;5036000;5096000;5525000;5717000;6013000;6204000;6356000;6558000;6794000;6939000;7693000;8549000;9872000;11708000;12871000;13593000;13136000;14929000;15915000;17073000;16986000;15752000;15843000;16510000;18588000;20769000;21552000;20022000;22452000;18440000;19271000;20672000;21776000;21840000;25909000;28855000;29182000;30440000;30864000;32449798,44
"Turkmenistan";;;;;;;;;;;;;;;;;;;;;322000;322000;322000;276000;322000;368000;322000;138000;;30000;30000;30000;;;;;;;;;;;;;;;
"Turks and Caicos Islands";;;;;;;;;;;;;;;;;;;;;;;;;;;;;;;;;;;;;;;;;;;;;;;
"Tuvalu";;;;;;;;;;;;;;;;;;;;;;;;;;;;;;;;;;;;;;;;;;;;;;;
"Uganda";;;;;;;;;;;;;;;;;;;;;;;;;;;;;;;;;;;;;;;;;;;;;;;
"Ukraine";;;;;;;;;;;;;;;;;;;;;76498000;75946000;75256000;70977999,9999999;64722000;74796000;62100000;63940000;56304000;46304000;42076000;33212000;38042000;36892000;38502000;39065702;39737658;38943760;40287260;39129440;37368560;39652460;39669940;40162600;35091100;37869040;42370140
"United Arab Emirates";;;;;;;;;;;;;;;;;;;;;;;;;;;;;;;;;;;;;;;;;;;;;;;
"United Kingdom";117397000;111730000;104371000;104450000;101810000;96024000;85100000;74542000;80738000;71080000;71505000;72766000;73005000;71121000;76450000;71065000;70679000;65919000;66532000;47276000;62879000;67908000;69569000;67532000;65004000;64945000;65055000;61168000;53266000;49734000;47456000;44366000;39568000;38580500;34300700;36728100;38911900;35710100;38103900;36616204,2768417;37429276,2229011;40932319;38387509;35615105;29912675;31024306;30817392
"United States";291826415,856444;306000475,888071;300221460,263854;310727845,931835;312009561,467333;309060901,650044;292275053,104091;304333198,049923;326876052,915608;319099148,335596;319096828,563216;342312726,108313;350831101,513218;346886655,330388;378991189,082811;388648261,692354;400862922,884509;386097354,062938;400533195,976266;430172437,977256;440448967,823213;434954890,393531;453805324,513047;474919084,704434;480549931,181073;483142273,645253;478582036,706374;481878170,560347;499837316,607059;501710017,620337;506227518,913916;529239463,123776;540415027,836578;545715663,492751;544879176,239129;568994601,419836;552230515,524262;551971466,124602;562478004,821671;566138816,36577;574207281,94929;565659081,495623;573276793,070686;564097242,559356;496235154,386493;526087873,145007;501947394,793089
"Uruguay";;;;;;;;;;;;;;;;;;;;;;;;;;;;;;;;;;;;;;;;;;;;;;;
"USSR";;;;;;;;;;;;;;;;;;;;;;;;;;;;;;;;;;;;;;;;;;;;;;;
"Uzbekistan";;;;;;;;;;;;;;;;;;;;;3450000;4186000;4186000;3404000;4094000;4140000;4002000;2852000;1886000;1762000;1389000;1196000;1200000;1200000;900000;1025000;1050000;1030000;690000;1242000;1242000;1748000;1380000;1380000;1380000;1334920;1334000
"Wallis et Futuna";;;;;;;;;;;;;;;;;;;;;;;;;;;;;;;;;;;;;;;;;;;;;;;
"Vanuatu";;;;;;;;;;;;;;;;;;;;;;;;;;;;;;;;;;;;;;;;;;;;;;;
"Venezuela";30000;30000;30000;30000;30000;30000;30000;30000;30000;30000;30000;30000;30000;30000;30000;30000;30000;30000;30000;30000;30000;30000;30000;30000;268000;218000;;30000;30000;56000;30000;30000;30000;30000;105000;30000;30000;30000;30000;;30000;30000;30000;30000;52000;1929000;2009555,04
"West Bank and Gaza";;;;;;;;;;;;;;;;;;;;;;;;;;;;;;;;;;;;;;;;;;;;;;;
"West Germany";;;;;;;;;;;;;;;;;;;;;;;;;;;;;;;;;;;;;;;;;;;;;;;
"Western Sahara";;;;;;;;;;;;;;;;;;;;;;;;;;;;;;;;;;;;;;;;;;;;;;;
"Vietnam";3213000;3375000;3699001,6;4104000;4374000;4671000;5130000;5373000;6264000;6696000;6912000;7074000;7082370;7254900;7297830;7459560;7500600;7585650;7882650;7833510;7761690;7661520;7363170;7409340;7116930;6938460;6751890;5860620;5397030;5039550;4877550;4375350;4578120;4241160;4330260;4704000;4984000;5320000;5544000;8176000;8008000;9520000;10080000;10024000;14000000;13876632;15023008
"Virgin Islands (U.S.)";;;;;;;;;;;;;;;;;;;;;;;;;;;;;;;;;;;;;;;;;;;;;;;
"North Yemen (former)";;;;;;;;;;;;;;;;;;;;;;;;;;;;;;;;;;;;;;;;;;;;;;;
"South Yemen (former)";;;;;;;;;;;;;;;;;;;;;;;;;;;;;;;;;;;;;;;;;;;;;;;
"Yemen";;;;;;;;;;;;;;;;;;;;;;;;;;;;;;;;;;;;;;;;;;;;;;;
"Yugoslavia";;;;;;;;;;;;;;;;;;;;;;;;;;;;;;;;;;;;;;;;;;;;;;;
"Zambia";;;;;;;;;;;;;;;;;;;;;;;;;;;;;;;;;;;;;;;;;;;;;;;
"Zimbabwe";;;;;;;;;;;;;;;;;;;;;;;;;;;;;;;;;;;;;;;;;;;;;;;
"Åland";;;;;;;;;;;;;;;;;;;;;;;;;;;;;;;;;;;;;;;;;;;;;;;
"South Sudan";;;;;;;;;;;;;;;;;;;;;;;;;;;;;;;;;;;;;;;;;;;;;;;
"Christian";;;;;;;;;;;;;;;;;;;;;;;;;;;;;;;;;;;;;;;;;;;;;;;
"Coastline";;;;;;;;;;;;;;;;;;;;;;;;;;;;;;;;;;;;;;;;;;;;;;;
"Curaçao";;;;;;;;;;;;;;;;;;;;;;;;;;;;;;;;;;;;;;;;;;;;;;;
"Sint Maarten (Dutch part)";;;;;;;;;;;;;;;;;;;;;;;;;;;;;;;;;;;;;;;;;;;;;;;
"St. Martin (French part)";;;;;;;;;;;;;;;;;;;;;;;;;;;;;;;;;;;;;;;;;;;;;;;
"Antarctica";;;;;;;;;;;;;;;;;;;;;;;;;;;;;;;;;;;;;;;;;;;;;;;
"Virgin Islands, British";;;;;;;;;;;;;;;;;;;;;;;;;;;;;;;;;;;;;;;;;;;;;;;
"Hawaiian Trade Zone";;;;;;;;;;;;;;;;;;;;;;;;;;;;;;;;;;;;;;;;;;;;;;;
"U.S. Pacific Islands";;;;;;;;;;;;;;;;;;;;;;;;;;;;;;;;;;;;;;;;;;;;;;;
"Wake Island";;;;;;;;;;;;;;;;;;;;;;;;;;;;;;;;;;;;;;;;;;;;;;;
