"Total GNI, PPP (current international $)";"1961";"1962";"1963";"1964";"1965";"1966";"1967";"1968";"1969";"1970";"1971";"1972";"1973";"1974";"1975";"1976";"1977";"1978";"1979";"1980";"1981";"1982";"1983";"1984";"1985";"1986";"1987";"1988";"1989";"1990";"1991";"1992";"1993";"1994";"1995";"1996";"1997";"1998";"1999";"2000";"2001";"2002";"2003";"2004";"2005";"2006";"2007";"2008";"2009";"2010";"2011"
"Abkhazia";;;;;;;;;;;;;;;;;;;;;;;;;;;;;;;;;;;;;;;;;;;;;;;;;;;
"Afghanistan";;;;;;;;;;;;;;;;;;;;;;;;;;;;;;;;;;;;;;;;;;13363780107,0509;16780503844,0344;18936445931,4207;22408872945,1924;27298432147,8066;30703643998,493;28094524918,861;33416936845,5373;36340804707,5381;
"Akrotiri and Dhekelia";;;;;;;;;;;;;;;;;;;;;;;;;;;;;;;;;;;;;;;;;;;;;;;;;;;
"Albania";;;;;;;;;;;;;;;;;;;;;;;;7371643811,67912;7724703707,05067;8337068005,52006;8514918283,85722;8685519126,0614;9897639044,09016;9281307284,97579;6634427298,83816;6148467101,2526;7107574553,55267;7951700525,80064;9361086150,68892;10453469508,8387;9556552382,70517;10916774576,7086;12143604080,0089;13447863253,3259;14821516688,109;15395730913,2491;16631426533,833;18015371677,5324;19546091949,439;22082450569,2379;23436223756,7999;26355382354,896;27320511767,4538;27475758369,581;28631731781,3348
"Algeria";;;;;;;;;;;;;;;;;;;;55490412049,0387;62514618959,1946;70510933423,3043;77571181979,5384;84781291946,2516;90640899218,6902;93483673795,6637;95502819312,1877;96729413911,7479;104791797161,967;109668971184,076;110310420095,856;115090885515,894;116345031849,941;116945481767,877;122703724103,845;129708509321,566;134858839079,31;144417134612,144;150344137487,383;156584006309,84;167552956381,922;176720107726,679;192772365834,939;207922776648,404;224059955915,877;238702270156,434;259608445212,63;273273945203,032;287980297083,302;285929875049,84;301065051175,923
"American Samoa";;;;;;;;;;;;;;;;;;;;;;;;;;;;;;;;;;;;;;;;;;;;;;;;;;;
"Andorra";;;;;;;;;;;;;;;;;;;;;;;;;;;;;;;;;;;;;;;;;;;;;;;;;;;
"Angola";;;;;;;;;;;;;;;;;;;;;;;;;15478914849,3;16284542410,9416;18386825926,2951;17814316785,9274;18707970471,5464;18485725979,3616;19063524445,1111;13620695150,2607;10575318288,4502;8721660681,58906;15063168043,2235;18207518360,8471;21408164952,8909;22519295538,9653;22281496887,9421;24963458002,0554;26632103875,9563;32154725533,9832;34704666867,7322;39592021681,5967;47417675782,745;58747469064,0836;76032244781,3058;84682885191,2287;95248196267,1763;98675465036,4678;103737426639,269
"Anguilla";;;;;;;;;;;;;;;;;;;;;;;;;;;;;;;;;;;;;;;;;;;;;;;;;;;
"Antigua and Barbuda";;;;;;;;;;;;;;;;;;;;243134945,28386;275336180,252948;289403110,215674;321493538,486812;367657597,350642;404619966,020949;403413690,235614;453112663,935364;523985539,180329;556950651,317308;593507944,211456;652361429,435005;678036907,711918;745897975,287973;806831879,197239;790251528,624891;835196634,886072;933094462,557038;992305085,636164;1046143051,19495;1062656074,27968;1139304675,60454;1163582259,8923;1255827894,04704;1375944020,17153;1493170657,11492;1747585892,97805;1625363954,14245;1677931711,85247;1525501415,96783;1426855698,78119;1404083123,58582
"Argentina";;;;;;;;;;;;;;;;;;;;134135403412,674;136332345849,691;132297056519,969;143354144783,163;152838704046,985;145268346057,557;161648147494,021;170994727012,52;172961085496,522;159035588391,762;168115802274,828;198510857079,494;229772670150,828;250108215642,666;269862499683,384;267156740642,837;286297152411,6;315194839340,569;330644655194,857;323585305380,218;327932853712,521;319857477295,834;276355349979,485;311021341348,202;349852855341,602;404846242890,313;457830677149,973;513990158988,238;559844401515,114;565470339642,727;626520625873,636;703278101129,56
"Armenia";;;;;;;;;;;;;;;;;;;;;;;;;;;;;;7244647114,0707;6859172649,68336;3409665862,37094;3490634804,56189;4088548704,73029;4468511932,56433;4955370922,34239;5381868754,27801;5699851063,4851;5961979045,50489;6437216776,70162;7231595019,96753;8372117153,48225;9716270127,91484;10996370617,2696;12899134331,5944;15170332361,9696;17697670007,7688;19527141808,2999;16598078962,2466;17425075978,8761;19050238731,923
"Aruba";;;;;;;;;;;;;;;;;;;;;;;;;;;;;;;;;;;;;;;;;;;;;;;;;;;
"Australia";;;;;;;;;;;;;;;;;;;;132263976623,684;149220800494,136;163165170764,722;168696309700,925;184620170070,905;198188465476,488;210522982384,59;221350129233,215;240086886511,468;261149463034,634;282914161970,927;294277190571,778;307465483024,742;326831172350,212;346246617133,057;364048599793,837;387380692980,189;410594047944,503;440632358869,84;466044180577,509;492189206280,132;519185660711,63;553211083336,814;580355337019,337;616241412114,547;643291156606,098;683728597577,895;732523699197,258;772276465702,088;833500952482,014;811982931579,059;
"Austria";;;;;;;;;;;;;;;;;;;;78784994485,2592;85854915685,2674;92993899623,9403;99743134347,1408;103451917762,81;109255126800,521;113946512526,975;118886168157,326;126824494129,213;136698381505,167;148134314285,114;157614623107,313;165066196744,122;169512670671,488;176766500354,372;184250679217,915;192922346513,766;197258557692,475;206423340265,55;213431718869,776;227698589191,628;228469463804,985;243160491701,119;251798479699,738;266413954724,157;273986822014,516;299238360906,227;312231977819,712;331009931887,364;322662994384,733;334041572823,94;354241704431,148
"Azerbaijan";;;;;;;;;;;;;;;;;;;;;;;;;;;;;;;;;15667744388,5111;12832784466,0689;11539159774,0374;11715199064,2711;12855168387,8156;14330778844,7742;15510070690,0477;16817210409,9755;18805333553,7364;21073379970,7245;23951344445,1009;26559900184,0665;33040791239,2245;45692821195,4948;57046629593,0276;68109027678,4021;77624631457,7457;83689360381,015;82664904699,2632
"Bahamas";;;;;;;;;;;;;;;;;;;;2396051066,26874;2347039317,73034;2728956939,68944;2944155573,87328;3481617814,35913;3772124076,87458;3942732669,22959;4207649355,55645;4454753264,22757;5053154184,13069;5119335586,4553;5077840037,32269;5111055780,46954;5160136520,85917;5421774006,4347;6801773073,41562;7806668213,73652;6401762245,67763;7010389340,0744;7540148829,63346;8000575291,68991;8378429609,99381;8747414369,92943;8868057901,21133;9224441239,30684;9795680887,92591;10378463025,5892;10753052485,0827;10900894306,6803;10484747791,4553;10233487570,9532;
"Bahrain";;;;;;;;;;;;;;;;;;;;3467434519,32612;3698287967,94256;3567633530,9504;3882051682,83254;4247677680,80274;3992355295,21556;4027413297,47344;4578967934,27466;4845087793,64215;5084686068,98812;5339186881,1619;7635704271,11696;8040910883,65997;8870344401,41763;8969824385,00301;9872071262,43154;10522707303,775;10690270348,361;11490054159,1809;11975771052,9875;13055675448,3816;13786340724,4453;14420124346,3384;15973168952,5129;17331094457,1178;19719534968,4684;21862153511,0306;24576264000,5021;25996514737,5734;24766935504,7755;26801669108,0428;
"Bangladesh";;;;;;;;;;;;;;;;;;;;25325489454,5561;30090088661,9232;32698921393,4268;35777185723,7365;38939739389,6977;41030540934,4736;43853134155,9691;47003219492,3916;49693361479,7191;52920560659,8933;57984495467,1251;61987954996,359;66673251130,2808;71456359530,5881;76188534362,3463;81739587237,6668;86971607325,305;93657149012,4638;99947957747,6908;106549366291,687;115590503053,73;124219559534,3;133216624741,6;144439848483,472;157445301798,681;172087969083,679;192008424730,313;212092369202,221;233201014827,166;249731978981,115;268461759515,385;291453041965,312
"Barbados";;;;;;;;;;;;;;;;;;;;;;;;;2174182196,57164;2369574849,48588;2469863029,9198;2718217090,85305;2990324146,20605;2998276492,09119;2927438544,35441;2877071116,93679;2945676866,1056;3141727956,07391;3251315137,65126;3371902131,36656;3673740760,77692;3870792266,55321;4008038563,71219;4175264198,26459;4035834839,51079;3936323425,44525;4106313165,13053;4379185894,2404;4620527159,262;4657960252,26856;4811210862,7838;4885991552,71522;5142479700,35582;;
"Belarus";;;;;;;;;;;;;;;;;;;;;;;;;;;;;;47323771553,1723;48368276687,3612;44645911521,0387;42176922789,7542;37909491203,6603;34697187688,5081;36357243529,9647;41121382141,4427;45196564607,2631;47544588249,2406;51379929632,3262;55003071959,8963;58843262843,2738;64531541770,8744;73919620392,1789;83519164429,4467;94491874757,8768;105023241089,877;117883108745,209;118165413334,556;128935240615,664;137940739879,399
"Belgium";;;;;;;;;;;;;;;;;;;;100530436405,03;109733440615,241;116559720496,027;121485772891,965;129434934803,381;135991740902,396;141686025662,702;149665064720,153;162122235313,401;173574663658,437;186169035568,535;197045856748,865;204762715696,565;209283998603,331;222264520077,099;231711435701,111;236327683937,429;247832664761,357;253224987910,972;264325807203;289968227491,888;297956542387,106;314666343698,43;319002193625,794;328493717009,578;339509754952,532;364224791919,849;382653850801,964;402231482097,179;393969759440,478;417859600824,882;432250531081,815
"Belize";;;;;;;;;;;;;;;;;;;;230632333,066458;255545726,080678;265573438,400072;269773765,573353;280978066,989125;291730155,944041;321061968,099674;365067330,849333;411581389,783849;479921884,248768;561315676,438242;636214786,974265;721587094,962238;781458320,801206;796836198,524454;823202138,112759;847460530,935835;895811983,235542;935903832,571732;1017242157,36962;1160612586,49909;1222070976,07263;1312389176,98957;1456595351,53785;1530495168,26934;1637747573,84856;1767911229,96941;1799949065,69614;1911325676,12865;2021413350,50419;2028931036,71514;2164586795,26917
"Benin";;;;;;;;;;;;;;;;;;;;1950957912,85533;2345237638,94365;2537990603,32177;2504881369,07104;2759567087,40089;3082509900,52715;3222844213,02586;3271359879,50046;3511250844,94506;3502953587,47427;3769400946,59611;4101067122,04102;4303683542,92728;4595834360,60233;4871699521,00738;5222279211,31002;5616373175,2879;6120139475,48271;6541151386,68681;6943202228,51592;7513316745,89766;8039008412,7231;8534388444,10864;9029815536,5722;9587385049,1106;10229954473,9211;10806614588,7659;11657036806,602;12775199777,0032;13490573399,4364;14024013138,2138;14850087112,7019
"Bermuda";;;;;;;;;;;;;;;;;;;;;;;;;;;;;;;;;;;;;;;;;;;;;;;;;;;
"Bhutan";;;;;;;;;;;;;;;;;;;;;183805527,659293;208728257,159078;229897317,587568;263302419,490695;281483446,970154;335098607,287457;435770306,971056;510473970,48447;664523342,425386;716801943,59327;754157163,373401;767973871,226912;840140317,068972;929343081,550178;941813773,471331;1050691536,60628;1168137270,07834;1156561547,44538;1178595363,87626;1340620383,68478;1497689368,71304;1646185884,63251;1776133605,23255;1992613870,11239;1996665792,01;2567439896,67004;2807161341,39226;2803967777,60064;3205529087,86665;3606387530,47353;4047913128,21155
"Bolivia";;;;;;;;;;;;;;;;;;;;9666784433,70743;11323147954,7643;10058754512,1728;10419413630,9165;10374494731,7223;10396827521,0961;10375287565,416;11158090087,6715;11924357079,4027;12892492847,8983;14050983990,7926;15360368532,0171;16137858909,7891;17159926195,1448;18407837842,9006;19685899838,4659;21140210809,3459;22556449390,9961;24163348893,6215;24507334131,9493;25581681000,1173;26627285699,4798;27733486476,503;28743645261,1718;30576889244,8477;33141749560,0214;36028315802,8298;38659901152,8552;42168169838,2233;43742744044,6177;45837159600,8938;49662380888,6698
"Bosnia and Herzegovina";;;;;;;;;;;;;;;;;;;;;;;;;;;;;;;;;;3170338536,0699;3926720203,24345;7984737037,91049;11146543804,4038;16670219747,0506;17899594152,9927;18487603564,0866;19498500598,2077;20537600003,5871;21549303255,9482;23216269932,4057;24999561035,9365;27988301304,8256;30804663710,9298;33972904813,2794;33522209341,4303;33368909256,0567;34533276119,1315
"Botswana";;;;;;;;;;;;;;;;;;;;1560608231,64146;2015638191,02029;2383250204,42221;2633800764,18991;2787873332,26871;3096059176,0817;3450779450,94794;3797930065,03255;4979462815,95239;5718440594,59979;6743257299,70412;7830570873,91998;8319117065,14284;9031179529,15131;8458704075,07955;9464517971,69239;9696700682,83245;11173553028,4232;13185716077,2664;13126049326,4195;13936849789,2477;15381838991,3963;15437718273,3186;17246023348,2142;18646697905,8653;19885510140,6951;21882037174,3012;23828348571,539;25407776654,5219;25554504204,1043;27375653353,7702;29568428972,2897
"Brazil";;;;;;;;;;;;;;;;;;;;405324339075,875;435266416492,827;470753014633,027;466335028354,288;508514714840,422;566627582327,617;631253832146,282;678045574387,745;699340395965,057;822723935319,19;754843503469,006;795693989536,313;811593620415,343;863229813876,992;935068831086,771;1001422653897,47;1040962314202,51;1092300570976,2;1104537323433,98;1111675994489,2;1189808981749,38;1223689729642,54;1276354277693,67;1321915385639,45;1440154387693;1537249095459,99;1656326231903,9;1815822822991,6;1945823980629,56;1967872211653,21;2144299854270,72;2261060112142,08
"British Virgin Islands";;;;;;;;;;;;;;;;;;;;;;;;;;;;;;;;;;;;;;;;;;;;;;;;;;;
"Brunei";;;;;;;;;;;;;;;;;;;;;;;;;;;;;8745593846,08065;9176167160,91099;9786493353,1477;10468136407,4661;10730220537,4242;11293070454,8134;12073348425,9271;12640797386,5064;12694929813,4163;12801375935,9341;13385528833,4564;14064818062,5446;14778374983,4741;15599884043,8374;16391047400,8583;16936858199,571;17566847030,2451;18931013113,8711;19609357096,7668;19628794490,6215;19508063793,4593;;
"Bulgaria";;;;;;;;;;;;;;;;;;;;24186794549,3132;27915535962,0666;30367913304,8716;32757585517,5945;35233520977,3975;37229005650,6887;39550270553,4934;42970130653,8448;48959780709,4343;48616048806,6953;43481686387,4134;40169176170,4957;41635529761,3007;41859189426,6036;43397019775,1739;45061164025,0586;37120152130,1688;38994334124,0695;44191265842,6599;45860971181,1461;49592267478,589;54295668975,8821;60920764485,9934;65293835438,0759;69851790655,9884;76142705994,6885;83131142059,2472;87443901096,1219;100827811904,067;100486093453,769;101755015390,037;104511589989,022
"Burkina Faso";;;;;;;;;;;;;;;;;;;;2107292632,98504;2394667237,97148;2782589813,85912;2901341842,60786;2965425470,4037;3315344136,11101;3662864023,26082;3757269460,76749;4108107084,54481;4356417324,30299;4504222912,57746;5076800126,0671;5192524627,20296;5477534620,80957;5652936735,63824;6135488860,81375;6979842948,01188;7536921055,26562;8200488065,37593;8930096681,12498;9290322766,37873;10129305628,1669;10795700424,0545;11912734162,6889;12802474843,4966;14277985251,0777;15853911388,611;16903110387,8058;18278275532,1691;19014950753,1674;20749294737,285;22220555172,5989
"Burundi";;;;;;;;;;;;;;;;;;;;1194320069,63347;1457448243,41417;1522937109,85354;1640260824,70645;1696638441,27825;1948963553,95423;2054793179,13462;2213372990,10136;2415368178,28609;2554045301,03754;2751127772,25427;2997414394,33564;3082164312,53136;2959639481,1003;2898830673,45146;2731045248,77728;2547732307,27689;2563753763,79112;2733085486,77995;2732120465,75862;2847168444,07239;2973094157,04444;3163702445,26101;3209719711,46626;3454637560,99725;3579489308,92657;3860248296,33988;4151219354,28882;4449182901,68109;4656097211,31355;4885370489,19929;5228731291,58538
"Cambodia";;;;;;;;;;;;;;;;;;;;;;;;;;;;;;;;;;;7238430384,11461;7712721707,20057;8412016502,72405;8903997196,50943;10008743472,4632;11058204038,7652;12197866730,1426;13097333877,6817;14599039346,0437;16524730033,8008;19223632022,389;22066140894,4647;24983324922,3373;27086566075,3252;27472097196,8921;29293947029,9037;32400546115,4441
"Cameroon";;;;;;;;;;;;;;;;;;;;7274298969,04289;10057016082,6744;11970461790,9507;13337479267,2296;15241798754,7077;17039803427,1514;18950899978,7364;19087980961,7287;18381328578,219;18424979102,8098;17528948813,4576;17080107787,252;17000970721,2513;16865967404,97;16683575008,9918;17614234994,6036;18817644622,4716;20132501342,7122;21745218702,331;23133616335,0626;24214167412,6886;26342886189,4622;27321200725,7319;29739880919,7816;32139626325,4659;33886810280,114;36621078316,9386;39405179057,5477;41026844690,7936;42631662759,5534;44309477825,5661;47174080820,1775
"Canada";;;;;;;;;;;;;;;;;;;;263906127171,72;296763360274,595;305459589364,811;327907863396,182;359345074392,997;388214684843,931;405244693612,56;436254138030,908;473127075426,946;502877747470,101;522421769837,199;531051937720,839;546770247208,213;572815693441,218;611811686178,304;642768731052,44;666606199466,182;708905607028,229;744859899304,714;797112049781,241;851326568057,971;884103108687,326;914346677215,212;965961300143,521;1027447738222,04;1110784515255,98;1189061073291,64;1246703294190,62;1282544380362,8;1256632260253,84;1309482759133,36;1369987015204,83
"Cape Verde";;;;;;;;;;;;;;;;;;;;138861660,263182;169367176,331515;178217722,495285;199166759,712351;217982759,048153;245180137,890994;261972968,191223;285024929,708203;313821099,285795;347349580,963865;361370765,085894;377505289,481383;397129800,93939;434800566,655188;473068708,16291;518026431,25156;560517248,819601;615872333,350687;674822255,298452;762534930,789826;826244892,710344;910924223,454385;961854443,216299;1034293492,68845;1106811843,7455;1199549598,15966;1355413352,33708;1542186268,86443;1662720371,3854;1748298237,36286;1828040450,36724;2004174026,5572
"Cayman Islands";;;;;;;;;;;;;;;;;;;;;;;;;;;;;;;;;;;;;;;;;;;;;;;;;;;
"Central African Republic";;;;;;;;;;;;;;;;;;;;1040526590,33789;1122183214,71505;1263962873,9618;1199231539,17391;1363737320,85665;1470530414,99044;1553073776,2196;1506059393,84775;1582674675,55526;1676828526,42988;1711946407,97301;1766791776,81251;1689271435,00593;1725771229,95968;1828507592,78245;2017409062,47259;1969032917,95022;2121934736,39302;2247921659,65605;2387392901,64354;2481518411,56767;2558514713,26337;2583221843,32922;2452566749,71657;2548753554,43408;2696016698,44356;2885296621,78017;3067697352,43974;3182191290,31037;3298404390,92206;3450518056,88101;3654890696,26516
"Chad";;;;;;;;;;;;;;;;;;;;1421178443,094;1575806729,62761;1767050318,9465;2125687992,35923;2229132566,1686;2798396394,62323;2732612598,63986;2741801978,99063;3277394941,72187;3553677550,65414;3521248408,44883;3987292551,36041;4409546193,7176;3762305809,58375;4161244307,45057;4399647276,55361;4563896800,62785;4893178126,44363;5362122380,8316;5399975292,74987;5405042569,15787;6168440489,15584;6684574187,96811;6723683069,01331;9346359757,99822;10847223161,7224;11145774203,5295;11886743062,8805;11680571752,6404;13739235525,5279;15312823624,2093;15804354002,5128
"Channel Islands";;;;;;;;;;;;;;;;;;;;;;;;;;;;;;;;;;;;;;;;;;;;;;;;;;;
"Chile";;;;;;;;;;;;;;;;;;;;25162497894,2652;28477699534,5829;26104522117,2455;25905615011,2764;28479057302,6136;30783475057,6956;33880720588,3983;38622680391,141;43477210310,4931;50942944294,7198;56279066582,4277;63680381441,6357;74761203615,5449;83199862276,1096;89703251721,6307;103198305861,307;113680081909,081;123438365091,756;129866032898,723;129803862365,647;137391427976,224;145451893382,244;150040853033,9;156768963129,791;166977448305,371;189172168299,919;198893354333,728;216342917377,355;238477043932,945;240749671969,033;257401116396,318;282086472830,886
"China";;;;;;;;;;;;;;;;;;;;245336975496,21;282252731579,424;327513493645,388;378792345523,947;453158411461,233;528347598516,03;586042948566,046;672703012734,396;775004836938,385;838143807836,109;905054886886,101;1021150490169,62;1188786860084,57;1380078685393,93;1594345231736,23;1783306434470,24;1999710650243,74;2234548338744,66;2430883045954,4;2653267494673,59;2951384780047,63;3261412516522,13;3631368542722,21;4101327143071,19;4656288582815,5;5325984094861,94;6228116323464,97;7349675594702,14;8247191419485,1;9079478616625,61;10080232286787;11360732897190,9
"Christmas Island";;;;;;;;;;;;;;;;;;;;;;;;;;;;;;;;;;;;;;;;;;;;;;;;;;;
"Cocos Island";;;;;;;;;;;;;;;;;;;;;;;;;;;;;;;;;;;;;;;;;;;;;;;;;;;
"Colombia";;;;;;;;;;;;;;;;;;;;67530500477,2725;75107510723,4244;78928156881,6644;82904637494,3338;88503314537,3855;93138515930,4363;101832222422,418;109604444814,58;118809495430,736;126046568989,417;138646250001,92;147742750915,527;158856078310,61;167678641004,239;183987680011,619;198203100311,407;205009595668,432;215887231409,761;221149797194,522;215024684315,441;228101448904,4;236415177193,962;245669367144,552;258733198335,861;279947716980,051;302675324716,952;333641595003,832;366289452415,956;386258157599,979;397749812450,756;417655285976,026;452398505760,658
"Comoros";;;;;;;;;;;;;;;;;;;;190277339,554403;215543921,85357;244004994,599777;263292927,664219;284029366,435008;298053494,262047;310684676,386578;326463602,268691;344885824,707175;352502266,172597;380979889,128797;372953421,015238;420171145,703134;438968123,183891;422381940,884238;448686559,606151;449479340,82524;476373096,011865;487888856,096676;505889690,67389;524574745,986846;555186346,667551;583952100,596436;607279835,553045;624806286,469666;674997705,937319;708139656,051413;734539696,106496;755253456,434944;775765458,153229;798881848,282883;841900462,761784
"Congo, Dem. Rep.";;;;;;;;;;;;;;;;;;;;;;6102042075,97247;11495418903,9698;11947328248,2655;15172784731,3174;14476823604,7952;14803326780,6014;14738387889,4943;16094230835,1702;15354885959,5996;14407102468,9608;13123117990,0351;11936695877,5617;10972115240,1722;11085579492,1694;12084624368,3519;11600484303,9672;11619184635,6546;11036280221,2519;10422833421,1606;10461662432,6746;11411470483,7766;12594708145,7881;13642764179,6208;14782725096,1856;16411845184,4615;17752967331,2454;18222373820,7316;19873614051,1625;21560130697,864;23379621246,4628
"Congo, Rep.";;;;;;;;;;;;;;;;;;;;2293464830,5917;3075782747,32592;3999976084,07516;4312965795,63014;4917796330,46014;4978962329,53578;5148208947,04857;5306838963,57036;4737306522,91909;4964493884,9893;5093707055,84132;5432393845,66076;5928229174,615;5926946663,2159;5681942431,75066;4100626439,74591;4294713739,72893;5432945647,4442;6063575931,0893;5517403852,81792;6132849410,99439;6463455575,90055;7138253178,22624;7439011389,94442;7287706242,51353;7913759490,22298;8643148136,91326;9116691188,1698;10574004417,4658;11299620048,4821;12841419378,5015;13581360382,277
"Cook Is";;;;;;;;;;;;;;;;;;;;;;;;;;;;;;;;;;;;;;;;;;;;;;;;;;;
"Costa Rica";;;;;;;;;;;;;;;;;;;;6816465118,43205;6801962439,1055;6340439822,21538;7350051076,85351;8259736512,62346;8664006360,8681;9458076462,90317;10395084124,0147;11112870151,0924;12077003571,0784;13362427563,8487;14295219305,5465;15944827306,0339;17503946734,6188;18928941423,0972;20005317135,4668;20616077095,8677;22099673628,3267;23949473818,4466;24062696525,3865;26074712065,7151;28024597322,4187;29477653400,3895;31872412232,9025;34132224550,2791;37439330120,0177;42346282025,4645;47212580729,3154;49731269998,2389;49490491073,4127;52577979037,4549;56493675843,4307
"Cote d'Ivoire";;;;;;;;;;;;;;;;;;;;10116498748,1053;11292082859,1774;11882697378,7732;11497723801,7203;11977739141,4192;12540235398,5674;13566940334,9437;13720422416,6314;14287643406,0675;14437501834,4167;14733825366,941;15531967755,4868;16002574456,5489;16264925561,31;17315243807,6037;19050661279,1629;21215061064,0128;23208926051,8374;24700181539,3777;25318541268,2459;24840763576,6707;25597656857,8862;25665097782,3604;25984804130,0484;27367136979,3311;28700361364,5578;29805867219,9634;31202009514,9012;32728449362,6955;34261490564,4903;35504428999,9558;34771857751,8231
"Croatia";;;;;;;;;;;;;;;;;;;;;;;;;;;;;;45404176016,5856;37128207812,9392;33098213943,429;31189905798,7916;33755022048,2379;37291242997,2213;40379033529,423;44015471179,3479;45123904847,2231;44441141924,1305;47433274220,0356;50829719096,9539;54928436715,0542;57608295797,895;63052737644,7926;66326420035,538;72499560122,5776;80951442514,281;87126312313,358;84319491778,1553;82545810306,9151;85195805774,5813
"Cuba";;;;;;;;;;;;;;;;;;;;;;;;;;;;;;;;;;;;;;;;;;;;;;;;;;;
"Cyprus";;;;;;;;;;;;;;;;;;;;2624282294,03545;2935121877,73872;3297104711,57667;3575338673,38736;4043110672,34486;4376581292,41928;4632659565,46901;5165372264,8551;5805373984,18473;6518755692,4063;7271174566,90345;7577391926,62396;8429202899,18692;8690642158,62402;9361788067,81794;9821063969,68341;10233518368,5052;10609406033,67;12382524845,4791;11920225370,3598;12613012673,0305;13881387772,0076;14679610346,1587;15404554138,3868;16421927124,7313;17728792730,016;19372103214,3295;20714947868,2192;23626918416,7193;24599847626,984;24843738451,5582;
"Czech Republic";;;;;;;;;;;;;;;;;;;;;;;;;;;;;;;;121550285047,866;122956740667,329;128761044465,429;138615487309,384;146162667068,279;147055210647,545;146868147278,989;149543740250,216;156975978812,966;167289992338,64;172663155580,597;184798688223,895;195244457618,948;208484614656,674;226606389796,868;244033226447,992;257188755589,574;250758423764,383;247756587151,956;256038259284,359
"Czechoslovakia";;;;;;;;;;;;;;;;;;;;;;;;;;;;;;;;;;;;;;;;;;;;;;;;;;;
"Denmark";;;;;;;;;;;;;;;;;;;;50821157561,1639;54620265061,7746;59672832642,7306;63816044031,4029;68632999285,6772;73491428237,5193;79073368467,5843;81920360447,595;84464378233,9844;87881776339,8317;92533678565,6118;96979320614,0823;101663355948,12;104512990089,189;112722514929,204;119074535227,824;125064694322,706;131707572657,378;137107381938,624;142064259191,247;150646122172,704;155444557605,861;163392827214,927;163012313892,721;175262560826,584;182397082911,388;199652103014,396;208182142632,44;222270206816,281;214907579802,069;228095951891,888;235781540823,356
"Djibouti";;;;;;;;;;;;;;;;;;;;;;;;;;;;;;;1148616552,73049;1169787952,62355;1124418280,65616;1119709699,62127;1106791598,48168;1076992210,99127;1081523691,72546;1093884080,87608;1136896467,93856;1172656156,71006;1215702267,44244;1272814317,67354;1414563145,41405;1531752256,54806;1628194823,16997;1787187720,12876;1921010241,28482;2054448652,57397;2132326235,33181;;
"Dominica";;;;;;;;;;;;;;;;;;;;144648666,629158;177760414,674567;195457380,135943;207039041,575107;222797383,93777;225043640,674942;254276330,499312;276890733,167098;313670360,706796;318985299,328085;354784243,11157;364216504,421519;381123526,718751;398741081,253496;404426215,408867;418246120,084973;427746984,391303;444230508,387195;482597993,67723;472804213,489354;459510776,556516;493062289,954234;487043335,27225;538481534,070747;564870401,666146;587945437,875479;663143371,009739;702774918,212793;779470537,36828;791156069,234329;810079859,581577;843002334,75091
"Dominican Republic";;;;;;;;;;;;;;;;;;;;10087064111,6512;11402591200,2068;12410856958,3915;13463270988,6751;14141471694,8345;13840994094,8353;15012749459,4646;16815253518,7154;17616882637,6865;19348122083,1027;19032769023,7238;20020732216,7401;22562198038,4449;24325336359,3075;25572647282,9767;27604618915,0497;30319050974,6504;33355536359,6201;36140787582,4748;39016375617,1445;42182033648,9794;43897727575,6083;47217532770,9132;46976411790,057;48025554988,7451;55802818108,7218;64047100013,1943;71577207923,5901;77876700461,9497;81577365817,1436;89203091613,8638;95391911630,8553
"East Germany";;;;;;;;;;;;;;;;;;;;;;;;;;;;;;;;;;;;;;;;;;;;;;;;;;;
"Ecuador";;;;;;;;;;;;;;;;;;;;20880606251,8298;23444891424,3286;24287465255,8816;24548165244,1548;26056206693,9804;27220192219,9585;28721204793,2077;28398576916,8713;31549238406,9046;32956162006,006;35430082131,0932;39340665378,0913;41670163883,5063;43710441262,9949;47020610048,7168;49208838612,8824;51156563782,9768;54521185311,3395;56048758687,8217;51714992966,1182;53716071106,9412;59496110827,9146;64234815734,6486;67664394039,8671;75345102824,4477;83116856912,5437;90374419625,3389;94998683217,2968;105847507024,238;107399723264,126;113502633257,573;121881090833,642
"Egypt";;;;;;;;;;;;;;;;;;;;48302714978,1786;54379238458,6209;63505712283,7295;71129043060,2535;78248033122,0118;83441339427,36;86443239620,9888;100748259846,703;110554393340,813;119583553838,21;129498768780,574;137540508943,217;146963698037,213;153839763035,403;164849844241,308;177346151779,639;190553564112,95;205780214732,273;217516453633,719;233435173873,633;250855694597,862;266044252983,743;274067422492,543;288089856746,523;307899373601,276;332275442757,207;369323152916,428;408619695634,667;447247298970,188;469668201989,146;489151308775,522;508213534568,727
"El Salvador";;;;;;;;;;;;;;;;;;;;9491141935,84475;9242061525,19665;9130372927,02668;9615112733,69189;10117361245,9626;10554088135,6946;10807960711,8271;11403256043,2466;12049711685,0761;12637113005,7935;13842048800,3841;14800024131,0445;16361689986,4932;17910499425,942;19491211719,7807;21279777562,1578;22047241588,8854;23298101415,5109;24538392778,2697;25520382899,6675;26725491718,3348;27799522221,332;28812766211,0914;29926563769,7708;31309410095,0043;33511566521,171;36134586731,9384;38644992562,382;40188904126,1466;38992577757,5202;40030319963,7918;41654403633,9289
"Equatorial Guinea";;;;;;;;;;;;;;;;;;;;;;;;;407689706,611385;404735586,561353;437468024,16762;460788724,430553;468319145,501305;504591860,252246;514783151,507537;599636279,665628;668058645,944694;668780698,179809;793036383,498331;878185906,626197;1627805536,03537;2139934369,6746;1651516565,59281;2824932863,31377;3296988482,80698;4358289856,96822;4418956132,65531;5865738603,17196;7658025588,9861;8573308378,16122;10460153758,8227;13873843139,1601;17684526360,8992;15394007473,1305;17362565137,6212
"Eritrea";;;;;;;;;;;;;;;;;;;;;;;;;;;;;;;;1092860640,94415;1267085878,59435;1567841869,73566;1671100241,68935;1813832750,50999;2008082896,01803;2094047670,7033;2131532828,07246;1876745405,18964;2317335370,17078;2412098049,87843;2392494577,24837;2488801161,93276;2651395441,20501;2714436282,42783;2837883631,8766;2608442349,26044;2736250562,30057;2828526578,12547;3159088140,89763
"Eritrea and Ethiopia";;;;;;;;;;;;;;;;;;;;;;;;;;;;;;;;;;;;;;;;;;;;;;;;;;;
"Estonia";;;;;;;;;;;;;;;;;;;;;;;;;;;;;;;;;;;9102024087,23776;9871011544,05395;10901871815,9834;11590635584,1997;11905252690,8526;13092971619,665;14018964747,8145;15619176109,1266;17191574481,4231;18974547809,9766;21427645203,8466;24400219475,5433;27050916651,1471;28119123940,6518;25767996167,8058;25966333012,1226;27909816529,7538
"Ethiopia";;;;;;;;;;;;;;;;;;;;;11351832796,4779;12151686203,2422;13666487575,2591;13765020648,5764;12590412305,6826;14120000526,1451;16524740463,4556;17162579397,0605;17720965693,1953;18927441780,8207;18174788764,983;16937466418,554;19487675763,9418;20507333238,159;22351760934,1163;25646404177,7376;26803456905,1781;26311346137,5176;28119067352,4716;30451489934,6693;33763758510,5554;34872863945,9021;34746070466,0547;40628662860,8251;47099600259,0601;53906969525,4066;62026341437,2704;70238855394,2785;77076290044,3057;85511455042,4062;94252922932,967
"Faeroe Islands";;;;;;;;;;;;;;;;;;;;;;;;;;;;;;;;;;;;;;;;;;;;;;;;;;;
"Falkland Is (Malvinas)";;;;;;;;;;;;;;;;;;;;;;;;;;;;;;;;;;;;;;;;;;;;;;;;;;;
"Fiji";;;;;;;;;;;;;;;;;;;;1026268530,25282;1200818908,49993;1171768947,94161;1176055530,93753;1324402106,01573;1321633178,52242;1459846588,12574;1399004078,2445;1455178925,94225;1617973145,26562;1742181152,51064;1765209704,02148;1904432972,13118;1986629167,96483;2099540490,91373;2265107716,83369;2432634194,19079;2413243456,25031;2439396194,8688;2693498502,8529;2853686795,74188;2894613601,61467;3086042899,96434;3158542146,90129;3418334124,23608;3607411989,35245;3592879669,99442;3729568984,25323;3843268991,46892;3914424930,1746;3842349186,93255;3983889099,77001
"Finland";;;;;;;;;;;;;;;;;;;;42286905198,5039;46600891672,1239;50800850280,6751;54404770657,1838;58295420080,6422;62222185718,8152;65495589686,9268;69730858544,8525;76062881332,7315;82128902748,9077;85320481062,9102;82286341009,1881;80359117257,2284;80910660552,9434;86694261035,1237;92937405529,0942;96189047631,3276;105818041516,986;113657019616,95;120390792543,138;131879596647,583;137450002222,007;143417724401,747;142870812581,426;157306696733,188;161838723337,594;176181146440,032;191360298295,846;203381816706,593;193617824181,138;198965603003,73;207402908915,566
"France";;;;;;;;;;;;;;;;;;;;526260515351,527;580536214147,04;628159449949,775;656847412318,044;690575914784,676;726518178001,544;762245763853,898;805768310413,246;870735968470,831;939653203815,209;1001869973431,88;1047070686891,3;1090439089386,78;1108885525012,17;1154970738732,06;1202539183756,69;1246409245585,67;1309465474997,93;1378583887997,75;1447215211484,42;1555029363974,14;1649692760586,62;1716400491637,31;1709399125704,07;1784355070466,13;1889806062800,52;2027824215590,72;2150850789819,74;2229835833623,3;2211381668775,72;2263012393316,67;2333007233724,6
"French Guiana";;;;;;;;;;;;;;;;;;;;;;;;;;;;;;;;;;;;;;;;;;;;;;;;;;;
"French Polynesia";;;;;;;;;;;;;;;;;;;;;;;;;;;;;;;;;;;;;;;;;;;;;;;;;;;
"Gabon";;;;;;;;;;;;;;;;;;;;4994307735,00378;5830459393,75205;5983265699,33899;6565700212,30477;7516869953,80376;7484980404,31406;7594584682,38366;6465875379,87098;7563603777,07866;8669623957,52462;8989639717,45788;9874310431,6415;9469186751,02253;9892012166,01351;10783381553,4644;11381256168,9356;12005179727,6147;12931326828,6149;13876537015,4211;12719244854,9134;12290104624,51;13142449282,0493;13880026557,1758;14190291759,8053;13978329681,2131;15867759747,3578;15978698263,254;17632712793,1182;18460711965,6912;19000410298,436;19681524853,5242;20948901492,9283
"Gambia";;;;;;;;;;;;;;;;;;;;487394727,510245;550806017,038405;572334507,376358;636095700,578476;734783731,73356;720686051,429393;672365668,595088;860527568,367741;923764033,323966;936408818,181893;983900762,713779;1107432126,13888;1172741557,26994;1235779051,7632;1264068533,15043;1311045777,79518;1364710944,91022;1443452718,46475;1514099400,00319;1625629283,10114;1746388050,85432;1876189769,56535;1822358436,31898;1979629844,15325;2180362101,2671;2240105246,4069;2380186915,79272;2640315319,10622;2904925034,88488;3132315396,71069;3384477229,93063;3657785329,86522
"Georgia";;;;;;;;;;;;;;;;;;;;14630339365,7078;16844414611,2505;18228393955,4579;19764618676,6775;21619806911,7564;23381074986,5027;21949649858,2995;22882425541,0583;24994784768,1091;24069573005,3778;21287969892,9745;17366994193,2554;9705295895,81966;6940172197,91167;6339269253,12324;6475071917,44355;7491973287,15788;8951794725,71539;9510556026,41161;9915858787,82727;10184191649,0801;10618267539,0371;11306376218,8609;12820665373,1126;14120138048,8074;15899402632,3624;18155610446,4565;20628513337,0813;21294517656,5058;20732755041,0643;22036768496,2166;24164749257,9623
"Germany";;;;;;;;;;;;;;;;;;;;777390564338,128;853284184909,219;900897180846,132;954235259214,371;1022007861968,59;1077817257877,84;1124372342457,15;1171867258243,07;1263568308535,39;1364214689981,61;1491298530643,63;1611545580687,32;1678880521103,91;1695197146712,24;1760924776548,36;1822675802058,06;1876748513988,58;1917374272506,16;1962003263126,97;2027041082539,39;2095454256598,81;2174208700748,32;2233346956785,51;2319970016227,47;2469966533225,54;2595055739076,93;2819799020393,25;2975552218890,75;3086919063239,29;3014317896264,1;3116944312097,78;3266461750352,81
"Ghana";;;;;;;;;;;;;;;;;;;;5155282713,10045;5447439883,70019;5381649621,25284;5305432299,45185;5969144278,06453;6420248636,71311;6873902899,62487;7375496685,03345;8078236024,76113;8833887036,18684;9506653813,29882;10355694064,1896;11005137783,1337;11764686654,4206;12380542639,7833;13186867411,3973;14036193724,0666;14927004363,6276;15833946887,8179;16757008049,4486;17603185906,0429;18899010544,8289;20056739027,1458;21530432998,9949;23358639881,7796;25822133932,624;24533913606,1621;27314172916,7882;30991057879,2896;36498060729,1799;39362831323,8747;45527662536,1196
"Gibraltar";;;;;;;;;;;;;;;;;;;;;;;;;;;;;;;;;;;;;;;;;;;;;;;;;;;
"Greece";;;;;;;;;;;;;;;;;;;;81841322167,1882;87727804608,6159;92189303335,102;94424870739,3875;98900600192,5444;104186951865,241;106451448916,459;107734167207,006;115969207844,145;125145404883,892;131673496018,835;141148857894,657;145963408622,606;146304583152,652;152406145708,464;158875531769,695;164893171481,473;175411206854,832;181304186708,945;185276249775,828;200012698025,327;217834913562,233;236064172969,845;246838595653,31;262395442698,118;266429561887,147;292301815380,036;301397708025,199;321428287171,978;323458923710,989;312860356900,046;294926069667,095
"Greenland";;;;;;;;;;;;;;;;;;;;;;;;;;;;;;;;;;;;;;;;;;;;;;;;;;;
"Grenada";;;;;;;;;;;;;;;;;;;;;;;;;;290507716,291696;331233904,671034;352704817,210215;388745278,978451;419346227,380858;454888922,273648;464979484,088054;457466619,275765;481989498,447304;497570027,454466;525404603,278051;557664599,126572;594432194,548382;663134113,237546;766521395,833637;741255417,509008;762469308,655995;846490941,206808;792541225,609202;988782369,237977;1000311825,32166;1076709430,18425;1115734285,09201;1034048219,84278;1054852760,28387;1104272986,95586
"Guadeloupe";;;;;;;;;;;;;;;;;;;;;;;;;;;;;;;;;;;;;;;;;;;;;;;;;;;
"Guam";;;;;;;;;;;;;;;;;;;;;;;;;;;;;;;;;;;;;;;;;;;;;;;;;;;
"Guatemala";;;;;;;;;;;;;;;;;;;;12937178018,0689;14179926973,7411;14467738313,2746;14661948935,4469;15143228678,0845;15579449755,1018;15753980546,7371;16864633521,063;18183749078,0478;19635270836,9095;21032270068,626;22753171565,7683;24371181459,8515;25915956074,1876;27466861557,6567;29499699596,0506;30791722029,4312;32795282344,7505;35113149139,4298;36885279064,5176;39013371069,4816;41160578154,2865;43027818738,1675;45019481518,3789;47585588662,0995;50731582394,0781;54921934961,9084;59941845798,9065;63325997122,9365;63974329263,3678;66604567112,9947;70791246220,5099
"Guernsey";;;;;;;;;;;;;;;;;;;;;;;;;;;;;;;;;;;;;;;;;;;;;;;;;;;
"Guinea";;;;;;;;;;;;;;;;;;;;;;;;;;1806654869,25562;1958632865,63989;2168024175,47011;2302976351,59437;2531266743,40869;2687997939,81352;2870683016,05972;3138018422,31285;3341896970,2634;3572576799,1498;3819860724,18774;4040711477,02835;4280842753,53089;4601250616,38461;4785682213,67331;5008232959,90004;5387690518,91074;5444412377,4149;5704437513,59545;7910987531,76695;8232339135,47187;8811238968,43437;9220707036,98266;9365374093,08316;9834236246,65862;10748570351,5642
"Guinea-Bissau";;;;;;;;;;;;;;;;;;;;341583273,113212;461330786,592693;508025721,208342;516365737,050534;585700451,786374;697662628,807611;634070248,477675;643547512,20226;687038683,779568;758883903,641854;848212765,384184;900085558,821818;935578500,780524;971042117,229443;1027754794,04641;1084910098,19184;1235082057,25677;1360938219,12632;978031216,684249;1075039008,26416;1188440070,41259;1188305983,6358;1167564299,23952;1205265378,32823;1275210166,22981;1362777976,48136;1451892962,96686;1547939556,233;1616260945,12472;1688847864,99513;1787542855,08393;1934966635,42046
"Guyana";;;;;;;;;;;;;;;;;;;;710381590,456765;754722416,430802;680760331,078923;648703359,278436;620737666,691623;667539906,347157;658062084,600508;612540728,00386;636029062,971458;548986226,372566;568006621,991141;638200906,03417;755020277,528469;923472091,711784;1076820758,68155;1185807545,36347;1315473086,8743;1387810457,15827;1390192327,69574;1477627225,987;1502441200,40629;1551001093,87869;1607466373,61467;1639127907,09182;1606586075,40822;1845806162,16966;1992164408,01076;2215517810,84256;2339687875,26196;2441442067,61296;2613641033,35235;
"Haiti";;;;;;;;;;;;;;;;;;;;;;;;;;;;;;;;;;;;;;;;;;;;9284485526,59888;9733916665,71801;8763509773,60273;11013648705,3671;11102220093,1504;11542275319,0181;11168826631,7006;12006564670,2923
"Holy See";;;;;;;;;;;;;;;;;;;;;;;;;;;;;;;;;;;;;;;;;;;;;;;;;;;
"Honduras";;;;;;;;;;;;;;;;;;;;4622131094,08287;5215609660,207;5349855025,97343;5628976666,3913;6092587473,36818;6553625575,52455;6718991300,54846;7273750535,3903;7924436056,42542;8614703859,06011;8610378868,8425;9156115107,11155;9778836789,40891;11065156899,4168;11179465954,1027;11736915664,7388;12414810736,4625;13548456812,8145;14217054771,1598;14296888843,646;15583353047,3813;15926053568,9138;16780923771,8484;17997608990,1922;19524324510,4903;21475703570,5618;23573920759,9964;26226000957,8442;27780620264,3389;27480576273,1812;28525312545,9631;29784642012,5488
"Hong Kong, China";;;;;;;;;;;;;;;;;;;;;;;;;;;;;;;;;;;;;;;162807614852,054;177282621922,6;184977512933,257;188155501877,327;201568214538,927;223692560868,532;243370362538,676;273514291757,567;302062998934,568;322678438553,295;310402059787,454;334078932382,507;364102552862,509
"Hungary";;;;;;;;;;;;;;;;;;;;53884926784,3023;59460267501,3008;64117690588,9545;67944711575,93;71953151046,2977;73939414313,3724;76778956894,1031;82434393571,2789;85345176686,3571;88325469568,1646;88820605550,6755;79596458209,9624;79542716900,633;84226164220,4874;88161850329,999;89886816650,4311;92263457779,6182;96866143253,3537;103225318376,183;106809687557,538;115324361120,357;129585385365,255;141269717749,31;148198683315,108;155058681737,036;161981831236,227;174360259411,459;177092652759,202;191948847763,729;193086665058,641;195554194761,404;202035157245,257
"Iceland";;;;;;;;;;;;;;;;;;;;2686312908,98669;3042310981,50392;3277510545,19398;3308109109,00531;3552902142,27871;3803843552,87875;4161333669,93935;4698306398,16318;4844850007,67174;4989660460,13352;5251881959,89875;5465688407,81986;5428365283,73662;5610179643,73836;5893801437,70454;6040347329,8317;6355165547,88286;6913843953,36491;7457153454,89894;7780803812,40301;7886740815,42539;8403920704,88291;8923890988,95971;8763230315,56772;9468728233,4203;9979827189,83363;10268348651,9562;11004024140,9136;9903629397,7746;9418941840,68035;9338397997,13564;9812596854,00847
"India";;;;;;;;;;;;;;;;;;;;294613387258,645;340870965718,491;372917773646,096;415550780035,515;446989429440,734;485142858860,673;519349569958,532;554902422464,795;627496429481,548;689056547653,75;753655073455,404;785840711050,547;846314038068,934;907319802904,644;988481841036,809;1089768326622,86;1194934412602,92;1268343596024,66;1365838525171,52;1504109345780,02;1593206503285,14;1713230527593,36;1812642671665,02;1996443482039,09;2214557101566,53;2500080158147,64;2817915403694,69;3195443115983,02;3387278124900,02;3705239226881;4087748407285,46;4491066551322,04
"Indonesia";;;;;;;;;;;;;;;;;;;;91344858644,0748;108965859785,358;115006414405,896;130686297566,023;142677010363,255;153135777726,325;166172704987,679;179661559575,948;199147770506,067;225721265372,38;255199806075,777;260901368876,959;288895885007,704;347624876878,142;385908993862,541;426901888596,426;468923048312,354;499170225471,423;427440477405,944;427976281704,08;452326502477,639;470450363648,095;492433381548,299;575012655903,545;616113542270,171;670844893054,652;735230241864,593;805791583320,795;878228582429,939;929169912647,605;1005225271358,22;1098924981963,76
"Iran";;;;;;;;;;;;;;;;;;;;132919349827,37;137854790968,054;164505143238,521;192474573923,64;196504488908,899;206242937115,023;191690271088,333;194442499427,505;188760821254,77;208210290453,117;245486186581,58;286642902170,851;305189485511,027;302036708585,675;306025867566,604;324763758441,806;354196367727,005;375108998351,124;391911795913,982;404387803256,05;435123879242,567;462096477727,813;495138834467,507;540201433232,063;584748846115,474;631733000465,718;692100952633,267;772100131690,373;809934760048,879;833429516704,591;;
"Iraq";;;;;;;;;;;;;;;;;;;;;;;;;;;;;;;;;;;;;;;;;;;;62683243016,6602;73706162204,1925;83289882254,9971;88831474801,3816;101795281771,896;108904319317,108;110729424121,26;124321546219,444
"Ireland";;;;;;;;;;;;;;;;;;;;21250978800,8225;23861564773,5419;25218746786,4808;25849232757,7351;27386063009,6444;28750204872,787;29491308510,3073;31846836551,0058;34247909605,5133;37165990344,4695;42335602443,5981;44865587429,8734;46863934422,56;49399560337,5522;53580888117,3832;58956472698,8042;65215873861,5802;71962154200,1615;79897579847,9499;84759626179,1322;95002854580,6269;100704231774,654;108738656873,267;118964575745,775;128372936844,91;139578752883,155;158878503661,817;171844769659,914;163931394991,231;147757731772,311;150169388489,262;149118965095,527
"Isle of Man";;;;;;;;;;;;;;;;;;;;;;;;;;;;;;;;;;;;;;;;;;;;;;;;;;;
"Israel";;;;;;;;;;;;;;;;;;;;27952698026,9065;32672412223,7073;34100886131,8613;36631207965,1184;38321285211,6225;40523884887,5644;43055355388,8918;47376342790,1032;51369818410,6055;54675698832,4439;60791316632,6337;67118568119,913;73439235213,6613;78253383629,9239;85636136744,9955;94661899351,5985;104262190666,395;109834719719,036;114398093636,705;118321686101,892;135061486077,262;143427834609,96;148342476954,041;142789036462,397;156692659399,497;160052733865,661;168153582767,176;183259475618,399;183293634438,937;185690610405,671;196372676294,346;210599676915,567
"Italy";;;;;;;;;;;;;;;;;;;;521220363511,137;570549379915,354;607183870478,212;639458411657,499;684752164922,869;724493809186,896;759790652512,851;808705298675,445;872085444960,881;933680231405,997;983048599516,264;1032025612910,41;1066444272476,53;1082551060272,07;1127291380181;1187512668283,83;1230110579274,47;1282231063434,66;1346656064221,52;1378794861087,9;1455575262822,57;1543655030756,09;1529461117364,37;1560030676596,76;1595877564013,56;1657879368497,54;1797173478997,96;1902296952746,34;1974941038176,06;1932259880856,26;1920405954399,27;1987729652990,34
"Jamaica";;;;;;;;;;;;;;;;;;;;4890095485,23762;5641828623,87672;6124442625,3434;6322764560,30404;6203833426,82344;6138827795,07089;6597431872,89259;7276550059,81014;7970743722,54556;8956607837,62858;9531737454,4008;10247194960,5945;10879196242,9936;12774090190,2374;13073744769,9956;13788649727,3677;14337968768,2659;14483530709,4983;14095933449,9208;14417740704,2398;14835324032,6238;15199756031,4757;15380984197,8137;16526988768,9382;17289369699,9885;17957688916,3497;19377154386,9153;19979660376,1589;20298124626,188;19844082977,2188;20194806756,1668;21051986734,0835
"Japan";;;;;;;;;;;;;;;;;;;;996850891827,823;1134079312333,33;1246456289473,08;1336586578086,74;1449724545543,1;1591380749598,35;1672558854805,43;1796146132620,3;1991431405694,98;2179641415144,73;2389174829022,53;2556810588289,81;2643571197821,42;2707050035908,81;2785327606514,73;2896451002083,86;3038931256070,17;3148252292957,98;3120576307514,87;3159013405661,47;3343127667300,71;3438587431969,54;3527675230503,54;3630190969843,04;3817449779755,44;3979979312515,94;4178042294743,87;4406655872232,91;4430798872145,82;4205289687551,04;4436507264628,78;4541095028924,12
"Jersey";;;;;;;;;;;;;;;;;;;;;;;;;;;;;;;;;;;;;;;;;;;;;;;;;;;
"Jordan";;;;;;;;;;;;;;;;;;;;4142976417,65084;4779537972,74798;5443697148,5432;5714281539,07819;6308315357,79532;6687755252,90757;7265194837,13387;7619227111,42196;7601206370,97765;6853680653,09546;7135248998,26348;7250709870,09824;8986327513,20945;9713848788,87132;10458720813,1316;11473050341,0804;11888310343,5317;12716996821,002;13439217357,2427;14076950206,8067;15462956917,9423;16747799044,9318;17828082465,7229;19052765025,9191;21502294182,9365;24083501673,0391;26963434784,5482;30300726778,2414;32945926418,8716;34769505595,7734;35109703936,6949;36898591837,6335
"Kazakhstan";;;;;;;;;;;;;;;;;;;;;;;;;;;;;;;;;68976642455,6673;61351859282,6446;57481013387,8634;58594630920,5469;60509749868,2103;60215676643,2843;61484351479,2639;66483592184,8766;78223411745,6798;88215730811,7146;97327863897,2825;108542025463,641;119386957296,982;132998884226,339;147874581586,5;152345652667,78;162259542690,81;173284825553,74;187329459210,476
"Kenya";;;;;;;;;;;;;;;;;;;;10352869052,1695;11741182785,1383;12536558320,6715;13309048940,5723;14035702671,7911;15067690621,5817;16527669048,6208;17984325358,88;19690780992,6755;21596582204,1915;23037844354,1031;24083625466,6394;24461895276,6534;24576876709,8191;26065108198,1019;28295423270,8985;30507868994,4091;31422755136,0335;33043052110,6646;34155543382,9394;35217331114,7136;37333911024,2443;38229092986,6248;40102203156,3888;43436935823,0633;47935525344,0589;52465786636,031;57638728248,4031;60040804541,7077;62301004850,1344;66273699803,2223;71728066834,4247
"Kiribati";;;;;;;;;;;;;;;;;;;;79374856,4482252;80496117,1670001;104612615,917039;121327580,69381;106945891,620726;115249798,171085;124815000,52109;126789678,148139;149061786,594385;146160488,201663;171385090,334137;158823480,795333;163427090,841872;164815746,077474;177107563,875346;189240545,708427;176046524,747882;224034758,481523;265716671,438533;253801456,264752;283048472,468606;299490885,517353;297635442,322716;299100440,965302;314651376,453;324118719,910584;339359774,609677;340570528,865646;354082794,809745;324648495,16507;350131065,662892;351817751,159107
"North Korea";;;;;;;;;;;;;;;;;;;;;;;;;;;;;;;;;;;;;;;;;;;;;;;;;;;
"South Korea";;;;;;;;;;;;;;;;;;;;89063637325,3489;103408464784,643;118482033963,874;138685163372,911;157459843035,976;173801274685,395;199533586858,444;232031278261,831;269525468447,729;299989661519,772;341007175494,344;387498002451,238;419073491606,683;454000202568,041;503458665864,251;560148795023,218;611362851789,127;654905754434,105;615277412328,354;693284108871,752;804280007668,421;857579966616,004;936636428432,462;966622932706,376;1041869971519,96;1095709390430,43;1174646227990,61;1270816944380,85;1316140841093,1;1330400799922,53;1424679225271,31;1510113651617,72
"United Korea (former)";;;;;;;;;;;;;;;;;;;;;;;;;;;;;;;;;;;;;;;;;;;;;;;;;;;
"Kosovo";;;;;;;;;;;;;;;;;;;;;;;;;;;;;;;;;;;;;;;;;;;;;;;;;;;
"Kuwait";;;;;;;;;;;;;;;;;;;;30734951530,0113;30399661526,0413;27612947988,7638;30817792105,8927;33351829634,5569;32542136026,3709;42188814111,8264;41068055153,1062;41053711167,0319;53523878822,2543;;;42858119666,5409;53850355117,5253;57921114595,7046;65017569967,799;65716482041,1846;71139916047,7422;75973803445,1466;72224703527,1062;77774866061,5217;77589778168,6033;77418864441,6575;91298353431,9954;105087746809,026;120261161260,888;132885889992,631;142738102604,22;148274109487,121;141144145556,887;147286887192,45;
"Kyrgyz Republic";;;;;;;;;;;;;;;;;;;;;;;;;;;5838403750,78719;6839226940,03328;7294662982,28914;8003095799,70571;7616325411,89777;6704628877,3358;5776177662,45257;4661413610,96774;4473504410,23634;4874026499,7358;5376886754,59383;5501530039,45224;5718559061,0859;6155173199,58096;6778530700,14437;6907164715,13744;7577305497,5562;8220197848,65417;8567961593,56053;9297017989,93745;10419269740,5419;11295325730,1883;11679033583,3256;11272142946,5807;12628803814,2545
"Lao";;;;;;;;;;;;;;;;;;;;;;;;1823570067,35053;1974538971,79107;2117304744,76654;2148267447,72847;2178389632,80615;2581157225,7535;2858668659,05155;3082815014,77154;3322759637,69827;3596374543,65626;3964343336,46713;4332105671,22888;4712692411,17016;5027757954,9086;5275598416,91891;5822321809,21433;6131995329,71313;6644690983,32976;7170431863,3055;7608792881,35342;8452616494,98398;9519318682,73786;10332758331,864;11684997553,0923;12717958515,5237;14087634434,4014;14877908528,1128;16327890711,4725
"Latvia";;;;;;;;;;;;;;;;;;;;10652087421,0172;12143436982,6301;13186100623,5838;14423149933,6456;15839520733,9624;16229983790,5376;17384067250,1535;18317744852,1803;19933937293,6243;21835564248,8514;20865301638,1125;18866493312,0398;13092745802,751;12741588412,603;13272610971,4715;13481360901,8949;14299430289,1285;15802433572,6806;16839238286,3861;17556181676,274;19032490281,3342;21045781441,8434;23143049202,806;24610850100,048;26547922716,4577;29620207985,2747;33294941680,0328;37843913736,7244;40591862631,0423;38812763497,3027;37229924682,3617;39557878380,0464
"Lebanon";;;;;;;;;;;;;;;;;;;;;;;;;;;;;11662830983,2658;14893957702,5462;18921066205,0287;19440103129,6548;21014610089,5516;23207996378,7362;25494125462,0926;26942139038,8257;26599998171,4256;27623255299,5676;27996391935,7832;29176709876,9352;30323834154,5137;30540928222,523;27949805760,5443;35865651974,1926;38552594749,7517;40710012858,6431;45987280477,7974;50613063996,7858;54346779059,4367;58435378554,0795;59623069442,3827
"Lesotho";;;;;;;;;;;;;;;;;;;;838957279,776964;957723813,258252;1158030078,74089;1199414885,99374;1370321754,26579;1398732854,36774;1433201545,10402;1471648254,25266;1553029712,17323;1635631827,1016;1759873111,40449;1816970591,3976;1882961603,29585;1900710600,7588;2015427527,4333;2052763008,75068;2168955680,9859;2260206692,57066;2318525477,20583;2331607715,9737;2502706746,38996;2572977669,57193;2636430780,14158;2837436365,25488;2939465443,5269;3406536507,9968;3517604795,26747;3667322676,44707;4133534568,46176;4276854133,1458;4305581050,30512;4536523442,21083
"Liberia";;;;;;;;;;;;;;;;;;;;1260992256,11217;1339705233,61477;1316960375,89441;1205239961,26106;1266001041,52073;1289992687,98178;1211154098,26346;1130555664,85965;1148251047,30459;802226639,56863;;;;;;;;366188628,834095;484103766,25713;512038539,443579;844117899,57555;767752510,851557;1028609707,61465;641445252,656796;642424910,166176;800726082,158335;933162082,121655;1174677603,99551;1362409847,54039;1601137913,9456;1749588470,09175;2141990813,07569
"Libya";;;;;;;;;;;;;;;;;;;;;;;;;;;;;;;;;;;;;;;;;;58273002686,6575;67838450638,1202;70691521890,2907;80348150610,691;90080557410,3328;99462762258,3874;102696436773,847;104919854431,71;;
"Liechtenstein";;;;;;;;;;;;;;;;;;;;;;;;;;;;;;;;;;;;;;;;;;;;;;;;;;;
"Lithuania";;;;;;;;;;;;;;;;;;;;;;;;;;;;;;34525449698,9218;33672607720,5777;27123222877,4447;23202634501,8921;21365563241,6045;22517207932,7633;23782708858,4563;25673440732,9404;27790467984,3658;27585352597,0997;29639244402,4271;32758139126,877;36204759111,905;40460394258,5207;43337486269,0408;47962798499,8986;53676118896,5576;59437057611,6948;63989733943,8131;57976990716,1064;59199420852,0418;63073602607,4018
"Luxembourg";;;;;;;;;;;;;;;;;;;;3972599197,2503;4490773669,68014;5280098946,79986;5794317920,61194;6306519206,96733;6731544088,38284;7382396466,37161;7988464507,86127;8793432094,83948;9918471586,56171;11020736518,4027;12489765210,318;12950480027,6459;13530257960,4645;13815725202,6434;14750282636,7109;15527252077,5777;16508591844,7454;16906393678,9001;18981278454,5093;20400814668,7298;21137319235,4282;21295233761,8657;21256052499,0163;25997709968,9363;27292893941,1467;28220500308,8555;32636803903,4391;32805150872,8078;27729282045,802;31065583763,5051;33297469176,9972
"Macao, China";;;;;;;;;;;;;;;;;;;;;;2758364427,94376;3163496207,96702;3536127081,30341;3667670753,79492;4039571036,42847;4706070263,99912;5228173278,31936;5657707311,56694;6247835161,02583;6712242386,42732;7683970758,15424;8201024424,32938;8715887789,69102;9090772875,29098;9115421246,59133;9288982292,69864;8998683166,31444;8785990225,25707;9295905382,76234;9176390398,7014;10641149725,3344;12033562998,9893;15132875592,1549;16782396759,5019;19026278253,4634;24871246376,3494;23562245218,9416;24620257525,4324;31022652182,1529;
"Macedonia, FYR";;;;;;;;;;;;;;;;;;;;;;;;;;;;;;10502424952,2492;10252398655,7876;9536011981,7047;9099523130,75598;9200375064,45145;9355635006,41788;9607569034,08491;9904258618,35287;10400355949,9736;10900205719,5296;11707563344,0828;11668402338,1853;12062399563,1836;12873138608,9773;14173423143,6942;15736820866,1747;17834104860,2566;18537396650,4286;21753294377,7292;22899869866,7942;22866139982,4118;23715131539,0418
"Madagascar";;;;;;;;;;;;;;;;;;;;5273030137,81632;5149601037,33461;5345180914,76968;5572562810,88374;5761711551,53522;6042294805,55801;6276410199,6404;6430091951,40271;6809994372,95367;7312602292,39051;8105781302,85116;7664636414,95068;8076504190,91078;8468441190,98907;8548209470,6642;8889884671,58145;9344366434,09871;10017255467,2733;10622720354,3846;11378034800,9257;12092947301,0029;13178944372,0616;11659000287,3177;13091292982,2072;14115166969,6734;15295582802,1479;16599135112,8162;18276758331,5462;20053949001,4871;19234749817,284;19763121629,5285;20335857593,0576
"Malawi";;;;;;;;;;;;;;;;;;;;1885756023,19422;1982555170,40497;2173455594,63215;2347039368,93917;2597902564,97398;2797898735,25308;2840801498,5779;2981413582,02845;3213653342,61187;3406405434,47296;3768976170,99883;4245609311,1567;4014858845,2415;4507355843,07487;4059172060,16305;4861771447,25608;5402302373,94169;5724692812,16292;5981008067,33647;6254467340,29013;6508138300,01081;6334506673,99442;6565780777,47117;7072177078,8983;7671807091,50049;8143295167,51451;9078611383,917;9944839715,14883;11018968762,2452;12026045326,0274;12826820020,4297;13369216024,7157
"Malaysia";;;;;;;;;;;;;;;;;;;;31009168389,3401;36310269550,4308;40335003620,4417;43761785687,4008;48699253209,7469;49430718201,1962;51356862255,8789;55987645138,4777;64128627577,1584;72489424601,1423;83196403678,871;93468242050,5458;103608698049,553;116987789633,967;130345612203,519;146719318521,596;164275587341,126;178373708619,54;167475759482,007;177163888607,049;194857074727,04;202146218583,015;218202219546,906;238615561897,716;262613761766,402;287500409407,5;319308190364,478;352860740981,369;374431400669,471;375868097560,194;402101107862,199;438252051390,598
"Maldives";;;;;;;;;;;;;;;;;;;;;;;;;;;;;;;;;;;620930900,192201;690381297,765022;772476711,207153;861715176,380458;937029219,575668;1007831885,14763;1066286066,70252;1149061253,45741;1362586572,647;1544633360,32176;1487787903,64642;1836863887,00755;2090091720,64398;2400953653,13381;2317220430,82295;2475261351,7755;2732685061,26163
"Mali";;;;;;;;;;;;;;;;;;;;2566868878,50778;2648052466,11453;2689504810,52998;2920484158,13212;3184568903,00627;2899550546,55032;3231194414,88793;3322758310,17519;3478780624,53755;;4138501052,51761;4372131114,3229;4829222081,66343;4845863205,69094;4919817420,22378;5314240946,62192;5583334095,12616;6060633175,46522;6529323641,33464;7087142269,18657;7509708517,33806;8167121484,23766;8564037971,92198;9751534186,81544;10209070991,9027;11201466040,2921;11929611319,9288;13597001646,5579;14070449543,2748;14625699053,0313;15759774616,6876;16566025537,6737
"Malta";;;;;;;;;;;;;;;;;;;;1885962828,42197;2163768253,50333;2387020594,26324;2401193131,91898;2550378748,46264;2654154250,83681;2749400340,48169;2949132076,92896;3280117567,07435;3705302061,32599;4171267946,3719;4526035763,76151;4774872802,50999;5049920569,7378;5344562817,21116;5768792131,63509;5481608194,0628;5861599281,84135;6042453853,94918;6524164761,92234;7080641073,08916;7241902257,65683;7702365923,707;7807526852,71578;7902810978,53946;8104080977,03438;8700362032,01815;9238323735,15373;10026955208,4467;9714785123,25236;10054956345,8879;
"Marshall Islands";;;;;;;;;;;;;;;;;;;;;;;;;;;;;;;;;;;;;;;;;;;;;;;;;;;
"Martinique";;;;;;;;;;;;;;;;;;;;;;;;;;;;;;;;;;;;;;;;;;;;;;;;;;;
"Mauritania";;;;;;;;;;;;;;;;;;;;1371687729,8942;1504105522,52115;1569740550,34042;1659955733,94679;1712350318,84951;1773518673,1025;1894270503,54223;1991415600,53499;2119860566,91122;2338950950,37099;2393528881,28283;2560501296,48771;2663726056,65572;2853750279,56492;2858577493,83831;3229167823,64086;3643835350,8711;3554012755,12106;3785949815,80494;4144151047,41096;4185040342,78686;4223189686,65415;4852980759,18571;4971278608,30198;5398795924,56913;6041944267,84087;7015726749,28774;7508787010,19114;8034050096,99882;8089658990,83014;8301115328,24845;8548791742,51102
"Mauritius";;;;;;;;;;;;;;;;;;;;1684787321,91187;1912414110,48367;2134896570,10818;2238222267,9788;2417318833,96202;2668466753,89594;3009835074,897;3425786723,98316;3790972611,59572;4157657981,24172;4627679457,84574;5050535175,62413;5500540692,76614;5893182358,75372;6211679401,5954;6643452125,05456;7101481561,70438;7694279671,97824;8258169587,03418;8605561716,81174;9575595969,99858;10140585832,6047;10520924290,8516;11045500238,0304;12045965590,3332;12612067196,6937;13657590603,2302;15187334630,2845;16041554569,9963;16502663087,3644;17675940433,0857;18983704423,5081
"Mayotte";;;;;;;;;;;;;;;;;;;;;;;;;;;;;;;;;;;;;;;;;;;;;;;;;;;
"Mexico";;;;;;;;;;;;;;;;;;;;257581892028,608;304137893681,149;310357541395,111;311863392299,554;336611171821,887;359763655845,957;350535531579,76;371255822385,489;418506897234,259;453689972910,404;497378573681,913;539781946587,075;573233937065,29;596042208927,404;635168527281,644;598395468933,069;644179662380,709;707187949612,434;750657845759,29;794832795229,028;878098259030,907;900336374402,732;937620218882,044;1089076335174,92;1171560096708,11;1274145083945,81;1416014648245,03;1506298062379,47;1606228288601,53;1522976827597,39;1632396497653,69;1728264552369,1
"Micronesia, Fed. Sts.";;;;;;;;;;;;;;;;;;;;;;;;;;;;;;;;;262434601,777893;267298106,512573;279995753,682103;275312774,330813;255080496,595028;263312829,562725;277955273,796234;296476119,545654;306622601,485348;312462918,154342;323965412,34411;326634903,13843;350507308,659882;366256372,048623;371569715,835496;363294027,593173;376798922,542074;385945438,563012;402610283,721519
"Moldova";;;;;;;;;;;;;;;;;;;;;;;;;;;;;12076597715,9026;12233781583,2008;10625604683,8385;7692235181,09372;7767202992,94518;5424483564,17244;5433501230,47182;5503674405,4566;5655686246,88029;5343874630,59872;5237670309,82442;5440566619,78371;6181844703,41742;6780612486,41921;7741427999,53777;8635605262,72462;9511348244,02933;10264695905,8338;10662600510,374;11790539321,5619;10762099324,9218;11991587548,5086;13051485802,1062
"Monaco";;;;;;;;;;;;;;;;;;;;;;;;;;;;;;;;;;;;;;;;;;;;;;;;;;;
"Mongolia";;;;;;;;;;;;;;;;;;;;;1801237222,72421;2063588698,22676;2262546074,39257;2468765258,04645;2684029260,83447;3062565675,89524;3251031394,18227;3511485789,87888;3528322222,84609;3789915299,87494;3632497286,65004;3303792577,66109;3220406019,57667;3405077098,78461;3715962474,78258;3896973857,84144;4129017438,27793;4372825183,09028;4571981666,92098;4702389511,37636;4965857743,78736;5276675910,25668;5742167916,15196;6541795374,56559;7140057322,51998;8066590478,2004;9053449318,58052;9997021861,76866;9852566683,45251;10073281578,6895;12209203153,2367
"Montenegro";;;;;;;;;;;;;;;;;;;;;;;;;;;;;;;;;;;;;;;;4188674546,75648;4328694983,00499;4507558095,24306;4728115735,84903;5043836748,96018;5213070957,17296;6583824194,28934;7791803272,04946;8716263034,03612;8112614398,29844;8075053177,95023;8673798046,22826
"Montserrat";;;;;;;;;;;;;;;;;;;;;;;;;;;;;;;;;;;;;;;;;;;;;;;;;;;
"Morocco";;;;;;;;;;;;;;;;;;;;21489087101,633;22675563006,8684;26675759217,9218;27225716258,6887;29264634062,8682;31577637998,2632;35304375257,2379;35386448953,5298;40449666738,3209;42222365660,4433;46664551241,5736;51476260357,8187;50595576248,0696;50760739202,0459;57547974475,8103;54933023956,9303;63012219267,5447;62831575878,9085;69298840618,3046;70703199999,1902;73299266743,8754;80629607724,7062;84837230848,4651;92387087590,4475;99905551343,3142;106783802790,351;118612351715,752;125507003632,027;134965253634,337;141480359708,742;148640440398,596;161175851407,637
"Mozambique";;;;;;;;;;;;;;;;;;;;2538275968,16943;2894867761,73721;2843837166,5501;2480860721,8829;2395672273,06459;2473087860,11729;2442000923,61953;2769651636,08602;3155935156,35708;3399118528,15455;3646467638,30904;3960334785,89435;3710316919,53336;4142047077,17235;4479760913,46898;4761506384,71235;5354200050,02127;6048355419,87734;6780152671,75465;7461583405,10481;7644186507,67852;8560159876,15453;9809045556,49231;10606043859,9346;11638509267,3947;13145354402,6835;13919902482,5703;15620673466,5701;17228590325,5118;19272327889,9593;21167475355,4474;23441711611,5098
"Myanmar";;;;;;;;;;;;;;;;;;;;;;;;;;;;;;;;;;;;;;;;;;;;;;;;;;;
"Namibia";;;;;;;;;;;;;;;;;;;;1998047849,53425;2462444543,22369;2538484391,23392;2698497683,75315;2717380579,37357;2410156588,41566;2734075336,21657;3280876536,33273;3178548888,84936;3600159531,95894;4139072183,29701;4733599551,02883;5016936574,7383;5092579542,77724;5555044323,41772;6087177218,24482;6245262881,58888;6618633883,12177;6983643578,62038;7104459123,89828;7614089511,68275;7809818398,86694;8402890874,8565;9265770061,72728;10349851799,4177;10659358093,4877;11889033046,8448;12715470096,7633;13372391511,9815;13669962328,0562;14308907975,4565;15343176817,0974
"Nauru";;;;;;;;;;;;;;;;;;;;;;;;;;;;;;;;;;;;;;;;;;;;;;;;;;;
"Nepal";;;;;;;;;;;;;;;;;;;;4095753611,85828;4843660806,84548;5336875545,40553;5384169288,36279;6190854246,94207;6666611516,57159;7126394261,35438;7457214500,52248;8305713993,04516;9016840137,73292;9808417696,06187;10784546388,2174;11471562725,3455;12152971984,8033;13430453271,8043;14195267556,1305;15223733748,1721;16298018824,787;17022691072,0742;18052162189,1379;19610758859,7599;21022411601,0845;21279337777,939;22583463940,1869;24262672621,5634;26094088696,3037;27975430689,0215;29846364242,2092;32353674130,863;34252593852,126;36163479694,7617;38512780350,0712
"Netherlands";;;;;;;;;;;;;;;;;;;;140944617611,276;151756932472,747;158987423059,208;169580594193,02;181938564015,908;189839437349,291;199720298624,36;211997392034,516;225999079185,147;245460773230,236;261798453173,996;278874631483,697;289216055228,611;301441961232,322;318991043416,046;338456645105,567;355014620135,033;381367985129,323;396107486414,046;430414795996,225;478443071617,787;497572742634,48;520508143708,18;520194995563,415;554775768746,388;575665753340,089;639123032887,226;678256726318,424;690770071824,713;662098148775,516;695010604753,669;722330334029,738
"Netherlands Antilles";;;;;;;;;;;;;;;;;;;;;;;;;;;;;;;;;;;;;;;;;;;;;;;;;;;
"New Caledonia";;;;;;;;;;;;;;;;;;;;;;;;;;;;;;;;;;;;;;;;;;;;;;;;;;;
"New Zealand";;;;;;;;;;;;;;;;;;;;25976645317,7963;29300507362,5502;32292375301,1056;34107843608,1008;36632934723,5914;37821381490,5584;39820226019,2304;41024620925,4247;43423327818,7777;45320836291,9671;47173258075,6871;47054999275,8763;49181740029,81;52427367005,1925;56928846444,2428;60700650741,2392;62660632223,6202;66511944015,8125;68943196309,051;72841271381,3726;76634673730,762;81389206240,3268;85824324256,8102;90198347786,5108;94758179744,2894;97766735310,0974;105618880654,5;112277327188,431;115639570007,798;122031644272,863;126550035998,735;
"Ngorno-Karabakh";;;;;;;;;;;;;;;;;;;;;;;;;;;;;;;;;;;;;;;;;;;;;;;;;;;
"Nicaragua";;;;;;;;;;;;;;;;;;;;4006245806,51361;4544104833,7137;4824105121,1554;5245204983,96376;5398871156,99978;5309370911,92009;5601426333,84025;5825940744,77782;4566475962,40503;4278813133,87533;5492667808,89443;4508616016,55487;4296959886,33781;4558628921,50411;5357813678,75081;6104898913,73862;6745028061,9325;7301696668,53394;7898736640,58109;8571942415,63429;9129343609,3632;9538714940,75023;9857991905,6224;10335163827,2005;11252637391,7541;12278897045,8316;13285959631,7996;14180737410,9088;14872418874,3652;14560112539,8337;15386504122,471;16677540420,3517
"Niger";;;;;;;;;;;;;;;;;;;;2602999132,9374;2809619977,67298;3017988066,19286;3028447582,60621;2574331406,6268;2881193594,14591;3198077196,82828;3233134662,66424;3604292944,25265;3883611991,27824;3855614452,63894;4111119428,18656;3940767315,29108;4077672842,29102;4306430650,35856;4488007281,70678;4785265332,5031;5005039292,51727;5628517385,39733;5687725518,2782;5732433853,14858;6288345191,72334;6559158967,82006;7095991888,08483;7306545045,14174;7904298850,27311;8654211401,5782;9206984687,45716;10194137325,6748;10178727354,4043;11127240816,9291;11642451212,7818
"Nigeria";;;;;;;;;;;;;;;;;;;;56460226916,1966;54914450361,1551;58398106123,9045;57621558148,2111;56413556649,7747;63240908321,8987;63912995762,4298;63096021744,6523;78136568659,9448;81124021604,1666;89711397021,7758;98413804997,4499;103391494598,824;105642321751,38;109166363931,419;117098304238,332;126428717318,997;132553887125,179;133117028139,926;143367091357,986;141138370589,005;156200078220,107;156429031103,468;175198661432,16;199755152795,549;215508778654,925;257979315877,536;272779302241,114;299179197432,343;314444648957,317;339572253074,326;374124177032,429
"Niue";;;;;;;;;;;;;;;;;;;;;;;;;;;;;;;;;;;;;;;;;;;;;;;;;;;
"Norfolk Island";;;;;;;;;;;;;;;;;;;;;;;;;;;;;;;;;;;;;;;;;;;;;;;;;;;
"Northern Cyprus";;;;;;;;;;;;;;;;;;;;;;;;;;;;;;;;;;;;;;;;;;;;;;;;;;;
"Northern Mariana Islands";;;;;;;;;;;;;;;;;;;;;;;;;;;;;;;;;;;;;;;;;;;;;;;;;;;
"Norway";;;;;;;;;;;;;;;;;;;;37928136593,4589;42157558024,0169;44704066214,0176;48398142126,5506;53327951492,5049;58426196309,3641;62252282383,6997;65319923530,7269;66755000409,702;69795497523,3537;73766769243,1796;78468505518,065;84090693495,5289;88188424247,5355;95160460154,0853;101680075661,82;112901402030,868;121975883803,627;120177887319,49;131852845804,775;160100240391,673;167513534834,371;168694748702,587;175754807015,648;195394884541,989;221701992692,601;251154042291,901;262116239831,817;291142390350,579;265610284802,296;283293670369,275;311812595592,046
"Oman";;;;;;;;;;;;;;;;;;;;5299971376,59874;6856239663,75071;8221540879,03704;9942011829,61842;12023063570,8832;14007981419,9999;14952660989,7558;14835217286,2805;15838391065,953;18573468417,7831;19264301683,3407;21348045980,3195;23251295064,7211;25221517030,0755;26689352653,3578;28785671402,2862;30091628817,482;32452789279,1922;33432667135,7915;33900247195,8611;36707036473,0145;40449243278,6378;41603817629,4154;43643722164,891;46838969795,8545;49443862505,9544;54680359260,9198;60025028707,4115;67344120455,4239;67449441727,5636;71695822351,4629;
"Pakistan";;;;;;;;;;;;;;;;;;;;50835918698,2953;60053208072,171;67665850215,3959;77194347604,7376;83102854400,4143;91033133878,5448;93354269306,6667;105835910033,971;115604593885,384;125097648516,446;136511712598,069;145509479146,766;157973303001,855;163797846089,639;172533072241,851;186227204527,766;196562108159,401;201449062063,141;209249980479,211;220179229019,498;233617638225,541;243549893177,618;260210851444,322;285723570776,464;312628312125,388;347301061669,569;380270124258,148;412928478271,996;429731310339,744;452922389758,9;482214576162,731;509614517664,986
"Palau";;;;;;;;;;;;;;;;;;;;;;;;;;;;;;;168986827,922115;161344010,989616;150270338,191008;157489752,463516;184475599,684243;208328489,076495;217059074,446242;217587484,553494;217188102,228186;223319534,776346;231821736,42467;226822659,183571;226556757,523084;246400709,130951;264584151,778998;277012192,176005;290945629,506216;230915366,026932;212555060,737335;224177459,355767;254198286,827949
"Panama";;;;;;;;;;;;;;;;;;;;5445917021,67909;6387525510,00757;7547880880,96165;7891205703,82542;8048883304,22114;9003238665,53942;9089398765,85859;10252422234,9659;8775937011,92246;8928914253,44266;10072378019,746;11199535567,0054;12460949260,0569;13695431177,2183;14534600787,4208;14876636897,5966;15762622669,3045;16984116081,9153;18349140244,2191;19096549827,9278;20200099878,1317;20815649587,4075;22323550977,6194;22855495460,7897;24832691963,0024;27525045453,4287;30813175816,4162;35831834570,4477;40233184579,331;42303036316,9737;45902376170,1368;52650320001,2951
"Papua New Guinea";;;;;;;;;;;;;;;;;;;;2888863913,07716;3114024372,25601;3262337964,46847;3481091042,09466;3690272569,71606;3935279707,36441;4249517286,75488;4413388814,08253;4735428881,17411;4847754592,49526;4877166477,27069;5556678179,36846;6069596221,27728;7363219073,52035;8077502591,09759;8131865596,85599;8612952203,93422;8657129318,80686;8406748455,50084;8576921458,36048;8729866880,63364;8737261367,77888;8919693224,14566;8905231863,63305;9630478707,80226;10513301411,2863;10608589181,2367;13143284284,2253;14346561059,974;15332484952,2232;16490369353,6354;18155093724,444
"Paraguay";;;;;;;;;;;;;;;;;;;;6229746160,10655;7416538426,09745;7568217047,31806;7643528967,3272;8052813751,10736;8567542113,28181;8739949455,49673;9235339122,32969;10422466081,1086;11702531156,7184;12547542683,3327;12797806753,222;13641558451,3655;14702765627,4065;15689310586,6635;16883046561,0207;17233223962,3515;17933689964,2798;18236612434,1;18261739552,2997;18044493084,0057;18821086652,2306;19232467798,0352;20189483550,8653;21218662232,8067;22828123246,1767;24534482425,7043;26876227559,7739;29025458965,4349;27883705431,1079;32627242984,0753;34861421732,5965
"Peru";;;;;;;;;;;;;;;;;;;;47872051654,2354;56468499305,2092;59473891546,5601;53522198233,8054;57982166758,0894;61674272889,8257;70561185786,4022;78644740717,8431;69079009088,4674;61151248197,1748;68021769416,7748;69251723370,4784;72877804114,4974;76735556900,654;88785987131,9645;98278694599,3252;103890813497,24;113561338176,64;115607025053,153;118292455232,242;123802824279,439;127416570138,993;135532083120,489;142297121945,868;150735078946,221;166227421758,572;190029140241,155;214742994925,975;235694628951,38;241457005277,392;271018267321,287;298599049689,163
"Philippines";;;;;;;;;;;;;;;;;;;;62664699137,6368;70793865599,9058;76772911065,4218;81493680311,4578;76664686445,4712;73549204853,0663;77651141917,0864;84021897861,7033;93280661012,1695;102486662203,685;111663823658,237;116216408678,26;120935817997,178;126943337930,42;136789655107,395;146886486516,972;159480992469,794;173818636638,242;180080885542,026;171215245643,225;184934755439,693;194527309011,487;203963165373,608;219020704449,34;240889313513,241;260232716839,723;280606045850,979;309183470144,852;331337560125,515;338113659232,393;369113407553,831;394937769571,383
"Pitcairn";;;;;;;;;;;;;;;;;;;;;;;;;;;;;;;;;;;;;;;;;;;;;;;;;;;
"Poland";;;;;;;;;;;;;;;;;;;;;;;;;;;;;;;211638905940,069;219786050383,236;234634515094,267;260335943951,427;282547473044,264;309096632909,639;337414619905,62;360130648984,562;380393679678,327;402910357988,525;417760262838,183;440566992606,738;453355505010,628;483009780775,063;514253227303,224;558608640510,926;614306471606,429;670632684216,863;694646433816,176;732811618268,258;782618019447,198
"Portugal";;;;;;;;;;;;;;;;;;;;51490164149,32;56317089817,7971;60015251499,1658;62522119895,7227;63006349590,0271;67282466204,4156;73160844448,7085;80976118837,1114;90747088571,4009;100760561414,053;109524158943,398;118622985785,203;123336044930,839;123570721625,547;126832081851,812;135666426725,245;141210815247,067;149717288162,728;158139495199,141;168636097263,85;178224566627,602;185631089207,929;195341459407,705;201180208517,214;206282914931,656;222086499244,655;235754358029,309;248584235529,641;255442858051,238;254351055985,476;261846750161,501;260363514747,822
"Puerto Rico";;;;;;;;;;;;;;;;;;;;;;;;;;;;;;;;;;;;;;;;;;;;;;;;;;;
"Qatar";;;;;;;;;;;;;;;;;;;;;;;;;;;;;;;;;;;;;;;;;;;;;;;86216212093,0203;103619879051,494;114987281105,909;134499723895,798;162744911649,596
"Reunion";;;;;;;;;;;;;;;;;;;;;;;;;;;;;;;;;;;;;;;;;;;;;;;;;;;
"Romania";;;;;;;;;;;;;;;;;;;;;;;;;;;;;123387617972,341;120221471617,112;108725154886,442;100785639752,855;104351075552,537;110837806204,497;121231318900,739;128513424230,601;123138552789,914;118966701956,295;118626279049,27;126107577610,425;141012031922,624;151375253058,028;164956799464,131;185363341184,271;200671970186,193;234875638784,3;273077236924,716;314325468612,803;314233354545,423;306521157300,856;323881732628,769
"Russia";;;;;;;;;;;;;;;;;;;;;;;;;;;;;1180577436181,23;1186007286909,91;1163560520736,34;1008260474066,11;940600257541,762;843853622497,262;824490060168,199;805569754179,775;824785948195,434;771734928085,605;836377744151,28;973727861357,129;1059524738505,19;1144425550264,66;1297234744324,08;1442678076518,02;1654480751295,88;2066639467096,78;2322957032629,42;2817892181858,67;2592689603436,98;2722795060503,88;2830508925414,18
"Rwanda";;;;;;;;;;;;;;;;;;;;2018634606,15502;2339505334,12755;2530378104,60469;2773732493,41876;2750286890,43884;2942192546,7133;3171012716,2824;3259393328,25277;3527779692,00554;3665326088,15049;3710917943,67912;3736524502,98273;4042126734,84557;3785661671,558;1926440883,34792;2691110846,74371;3043878193,15269;3536460134,94408;3925740704,87122;4274295074,80892;4706642903,75841;5198157261,47597;5874672678,97943;6099748702,92796;6736623494,52586;7652284823,74579;8637480869,20378;9420301078,73455;10676511102,5233;11237396720,3252;12174895383,5605;13568517096,7563
"St. Barthlemy";;;;;;;;;;;;;;;;;;;;;;;;;;;;;;;;;;;;;;;;;;;;;;;;;;;
"St. Helena";;;;;;;;;;;;;;;;;;;;;;;;;;;;;;;;;;;;;;;;;;;;;;;;;;;
"St. Kitts and Nevis";;;;;;;;;;;;;;;;;;;;115003191,243455;132515249,546717;137797419,707007;142565000,682422;160794861,654016;172899480,934936;198044561,218621;221822175,462001;245865049,742491;265102921,831779;292047533,137738;299095239,144939;310997939,097208;337566074,48304;362509218,534361;389212110,913482;405362136,52879;447810221,252513;450846855,180053;478626829,001915;510503790,419734;529920630,453422;541799502,064251;547800654,797036;618799618,668138;685192230,386825;757364307,886705;750190997,15717;797488281,528818;755491237,397422;743517615,22407;768822337,175401
"St. Lucia";;;;;;;;;;;;;;;;;;;;232713899,69019;263610692,801483;251322386,591393;273583040,430071;346894205,919544;336187529,918498;392645169,632469;412198995,830962;468397291,029071;533364053,969372;659138683,793099;695858174,713316;770285179,282157;801117653,833447;834410108,558394;876525587,641473;947492759,114939;973721029,490426;1044907037,11983;1089629748,29445;1111592591,94354;1070629639,57602;1141747142,95768;1170736950,48586;1249823590,40299;1348318172,10996;1517005661,28313;1564813952,49726;1685995710,19608;1446017211,09262;1542085320,84844;1597954808,53183
"St. Martin";;;;;;;;;;;;;;;;;;;;;;;;;;;;;;;;;;;;;;;;;;;;;;;;;;;
"St. Vincent and the Grenadines";;;;;;;;;;;;;;;;;;;;155480994,295632;179046816,349509;197261016,242351;215663670,56151;241715218,992244;261381028,574198;269505348,982224;301596616,524161;351224111,410546;378262705,339953;404949372,314233;422891226,552374;474526445,922036;483284761,64546;471540751,609004;490118110,532817;509071847,043899;589264187,79012;623581321,098332;649137133,067004;682557260,129432;721059153,653846;761071010,258002;791528654,612491;862593336,190878;911029781,414582;1042693600,99673;1117860889,98823;1135153029,97815;1136297267,94184;1120863401,27249;1154559024,87933
"St.-Pierre-et-Miquelon";;;;;;;;;;;;;;;;;;;;;;;;;;;;;;;;;;;;;;;;;;;;;;;;;;;
"Samoa";;;;;;;;;;;;;;;;;;;;;;241988033,466258;254000630,187645;249874130,096639;275356045,855012;300293581,418204;316112786,321376;375788961,892904;430674638,107824;447704896,454338;447395971,488363;439607878,929615;474405686,464229;318257203,291428;350428840,523426;398157588,673839;406450466,772311;424089511,806236;439291194,016994;479207275,204735;527760410,760996;558308035,750525;571957431,091018;630207721,356208;650285433,524236;671747490,929414;739370589,841371;744492451,375747;750678087,773703;778761761,006752;814221490,406053
"San Marino";;;;;;;;;;;;;;;;;;;;;;;;;;;;;;;;;;;;;;;;;;;;;;;;;;;
"Sao Tome and Principe";;;;;;;;;;;;;;;;;;;;;;;;;;;;;;;;;;;;;;;;;;;;;212438919,500916;242539085,553447;268998367,686036;291980657,812981;306599385,656788;325565492,920464;349962786,911828
"Saudi Arabia";;;;;;;;;;;;;;;;;;;;159166313290,028;183006686149,574;180141143376,484;179784539987,994;178497112923,237;178717148392,353;195411112551,45;191908176768,046;214011566129,361;219886735539,3;240387573671,827;266919445985,679;281995091696,818;285401084949,007;287850075584,779;297683752918,938;311924940459,672;326620954240,736;341306318222,825;343440259971,575;362295395727,631;370536956109,445;377665338509,089;413124731728,598;452096002677,332;499680134990,717;534834606341,507;557496255996,735;595453647056,847;604507946319,506;635329573815,973;698483964625,019
"Senegal";;;;;;;;;;;;;;;;;;;;3849990928,50501;4397471887,61053;5016877209,68411;4938146583,23006;5261776715,66858;5623347973,83074;5949770127,23305;6497751255,5339;6653367365,91018;7194258187,58348;7472682427,56692;7921878180,66921;8296276742,35195;8486840935,67892;8631240529,80548;9353175770,71036;9884313913,97214;10378748940,2611;11194164298,2409;11994743760,973;12629155910,3485;13554012865,2792;13820456472,5989;15109286649,1319;16515417209,0083;17906791251,3599;19114692431,2297;20643679967,2919;21989643414,7487;22451725062,9525;23735698539,2532;24996464572,9371
"Serbia";;;;;;;;;;;;;;;;;;;;;;;;;;;;;;;;;;;;;43830414988,5263;44734695172,5928;40300303061,9038;43343836348,5402;46265416817,5593;49158652792,5338;51757223570,2483;57812284449,6524;62559127111,5658;69020983686,4464;73137767353,9242;82349543664,1161;79771134835,5743;80890167443,2;84523869551,0089
"Serbia and Montenegro";;;;;;;;;;;;;;;;;;;;;;;;;;;;;;;;;;;;;;;;;;;;;;;;;;;
"Serbia excluding Kosovo";;;;;;;;;;;;;;;;;;;;;;;;;;;;;;;;;;;;;;;;;;;;;;;;;;;
"Seychelles";;;;;;;;;;;;;;;;;;;;335387699,989763;344085185,721953;356482566,747262;362164912,911448;390387323,043005;448720030,952289;455194711,978943;481410439,023595;522148135,250375;610754569,626916;687298515,694673;735460088,768685;810868108,915966;878683852,539311;903028353,727823;888044994,248683;956848716,784946;1101080918,34222;1194682335,89909;1227927775,90683;1292123652,57708;1323301022,39553;1263801856,69111;1263676437,5255;1279352096,21675;1427192167,952;1612056885,99931;1779815241,83741;1786027315,71368;1844052765,71992;1960911392,86741;2177194172,27802
"Sierra Leone";;;;;;;;;;;;;;;;;;;;1192284576,97526;1344400172,39027;1505126274,1254;1510684309,77527;1639152595,50749;1589621992,82099;1564630222,46686;1795583100,21608;1708838804,37517;1790164388,89635;1807747141,15538;1977462187,26774;1577837365,2581;1731278183,78183;1608678902,93065;1625764257,40008;1784454767,96107;1536602375,29537;1494994231,72061;1416751206,01153;1510893273,62803;1824375582,28661;2356527659,72455;2632759182,45927;2841270414,37716;3163652414,55618;3542185635,16115;3959942339,81109;4274954026,08952;4549801622,64892;4829965102,69436;5098067838,24119
"Singapore";;;;;;;;;;;;;;;;;;;;16525907822,9682;19881431486,7567;22778770345,0387;26322702457,223;30380193058,9286;31564646740,732;32426768594,9252;35989143812,8326;41901941517,4354;48294816817,3721;54971401887,9734;60212202853,3705;66858825327,0734;74511758765,2347;85998464761,7122;94911484263,4748;102461545158,048;116394890727,374;114902696529,845;123435446208,262;135087653591,38;135971729843,154;141443537584,171;150029674848,581;162035488812,574;180564568427,284;209491324917,989;235642256701,957;257843941513,631;259962798204,736;288838163503,903;309920004637,777
"Slovak Republic";;;;;;;;;;;;;;;;;;;;;;;;30364350515,4469;32441758057,1646;34553307712,0163;36251331386,8663;38493342222,8158;40245690239,9825;40932037801,3202;36015810975,5467;34306750057,6676;37772733243,9751;40976726538,1701;44822138612,652;48926264687,1699;52577059731,5335;55715932433,2302;55833729592,0153;58988720594,5123;64911590250,753;69480900107,3662;69521763333,8492;75701045781,1456;84670835954,0956;96042348544,8744;109140756806,472;117207907471,937;115642414131,013;118811626571,173;120929329309,633
"Slovenia";;;;;;;;;;;;;;;;;;;;;;;;;;;;;;;;20899805506,4779;22037824405,938;24077086938,7019;26168964422,1132;27714315020,4661;29605608786,9492;31190384929,4007;33248501184,208;34943901511,891;36805262075,369;39200399265,8295;40640339046,9413;43961771268,0037;46563964504,2133;50482211584,7786;53781552052,775;57116766628,267;54310618800,4114;54383559755,8982;55321029207,5098
"Solomon Islands";;;;;;;;;;;;;;;;;;;;;;;;;;;;;;358470526,995964;412381276,672043;450470159,919626;435444478,670593;487058376,30377;534108396,022521;535732450,717182;886357180,759185;913082140,890022;925045192,528363;820842193,103469;776583718,508504;758098614,625795;826749909,70723;902866234,85937;977564459,153009;1084929298,87348;1148233437,62397;1146857360,47939;1055081322,14931;1186417510,86062;1305806236,31809
"Somalia";;;;;;;;;;;;;;;;;;;;;;;;;;;;;;;;;;;;;;;;;;;;;;;;;;;
"Somaliland";;;;;;;;;;;;;;;;;;;;;;;;;;;;;;;;;;;;;;;;;;;;;;;;;;;
"South Africa";;;;;;;;;;;;;;;;;;;;110607089137,813;127200175143,714;134720864688,082;137684911878,236;150094339271,709;152014032050,5;155415238246,507;164820627902,206;178079809162,404;189070352582,197;195011715095,928;201954054799,469;202654440176,811;210114103637,874;221908736946,059;233862945235,897;247589017605,79;259042734843,73;263525952226,019;273545750709,926;291136538578,658;303480389887,071;321846542586,983;337520160760,079;365695553675,137;397641242500,448;433615059686,855;463994232749,621;492169403229,987;494989547791,911;516442612391,191;545679564697,91
"South Ossetia";;;;;;;;;;;;;;;;;;;;;;;;;;;;;;;;;;;;;;;;;;;;;;;;;;;
"Spain";;;;;;;;;;;;;;;;;;;;253603707713,512;275539918878,683;295751635051,732;312147339691,842;329851864915,368;350321229367,672;370156640036,684;402231197314,452;436608924290,783;476569144719,691;513492773496,766;545373362088,196;562942934968,932;571648388136,865;589711407412,538;626632440273,9;653870789053,827;694650756823,279;743294325159,839;784083834629,469;850976757891,022;904565427919,458;979331086788,58;1027757601616,89;1093380253447,01;1171882104078,09;1317472703663,32;1412663616395,29;1470079133473,79;1443612610403,8;1448374393881,8;1463843410900,91
"Sri Lanka";;;;;;;;;;;;;;;;;;;;11050555567,2351;12572374251,4662;14110755112,9007;15140801434,9159;16121630239,2171;17881889952,9381;19078282975,8708;19974299083,0465;21219392388,2935;22415945489,0687;24753184467,2836;26746554278,8437;28684033906,6545;31410706482,9838;33633379189,5134;36055883174,0364;38048665146,5146;41372716252,0095;43736475550,257;46178321542,9823;49948465860,3254;50362220576,5027;53382162198,8484;58074024597,8238;62904262590,8222;68886002208,4721;76443813375,0933;84249185909,4644;90045978264,8904;95408891909,4846;104148206914,173;115990718170,039
"Sudan";;;;;;;;;;;;;;;;;;;;10124632144,7867;11529978122,3431;13223621650,6199;13963597708,2172;13521598946,7475;13148640534,685;14169001158,0516;16695357101,9894;17086346523,0537;19059392620,0379;18109873899,5958;18817574173,2002;20979783958,1107;23007145946,5349;24397520951,224;26589696985,5781;29466816190,1728;33557485612,6539;35379975102,7837;36624754627,7723;38723706140,0648;42541419892,4725;45046166955,1916;49785025270,357;51992535588,487;58935969819,1432;66655481187,1546;73917971891,5155;80667999804,6198;84752563382,3576;88180544367,2958;
"Suriname";;;;;;;;;;;;;;;;;;;;1137544777,66587;1290229985,32977;1334749107,99012;1321838408,43987;1297385902,87711;1288887491,48017;1327182527,4198;1180288445,36681;1312731936,88662;1508322872,60465;1530786238,61441;1620167312,95615;1662872963,07386;;1668785342,10114;1743575552,94693;1818126885,49344;1926594037,69279;2332809856,67305;1657535337,33144;2054555913,01193;1967955585,0723;2240361011,36521;2437831385,70964;2711736067,78982;2988883081,26366;3215626399,95177;3557590784,15229;3798507817,95378;3936914969,10726;4042953323,96287;
"Svalbard";;;;;;;;;;;;;;;;;;;;;;;;;;;;;;;;;;;;;;;;;;;;;;;;;;;
"Swaziland";;;;;;;;;;;;;;;;;;;;;;;;;;;;;;2555524145,38461;2707741435,49705;2866051046,26176;2936171373,96733;2928754186,78779;3329194364,50374;3635884859,59455;3814058128,14811;3805389530,41363;4054127166,42744;4078198794,10713;4439313563,42396;4279278436,70647;4354595173,04741;4718897943,38973;5334568133,96217;5346646047,77689;5743770648,13088;5919183035,31281;5812544631,17602;5874774053,65108;6379599171,81342
"Sweden";;;;;;;;;;;;;;;;;;;;88570463298,4879;96175770389,36;101960818163,086;107682628069,103;116559986018,756;122783564260,505;129845669734,192;138748617101,695;147172662534,976;156707350591,085;163378189681,057;166040518122,825;165799586164,836;164663672427,171;177606053055,447;188656755005,258;196015011153,024;203439948528,911;213038161839,336;227994488498,576;245947937551,423;249271823021,001;260279285929,583;275863635018,344;292196298613,19;297415309050,911;328380139285,525;360021836005,814;377971992433,796;353756375317,569;376399832753,25;398948492571,376
"Switzerland";;;;;;;;;;;;;;;;;;;;91932782163,8567;103094785998,225;106970956937,791;112396066746,726;120916350750,036;128897446201,055;132724173889,205;138060473779,657;148618989919,174;159919062222,82;170529457888,031;175046773924,634;178868391374,814;183317311554,941;187794949609,904;194029912736,042;200495334888,771;212967693467,849;221963926961,979;229053843846,119;244761645491,135;244610476171,782;253106852044,653;264957919649,161;275708937743,607;291213214443,84;318310803539,45;328871177674,02;328396932725,794;361925532018,207;391199289167,649;413680378434,394
"Syria";;;;;;;;;;;;;;;;;;;;14606527754,6121;17460085308,7197;18762326481,9211;19818366669,6251;19763303471,0708;21602907559,3449;20919184456,8518;21307846577,3304;24889709843,4868;22730137328,2088;25656080063,4985;28558317499,8127;33232766764,9512;35813755179,5704;40984845060,7848;44367403516,1063;46277563894,2909;45769908250,1964;50181555806,0867;48805021263,5033;50846620701,8615;55184917325,9234;59035185865,8226;60881486171,7918;67541515251,081;74075556792,058;80477916287,8816;88532837795,3977;94101472837,7446;100945682112,079;104161860661,385;
"Taiwan";;;;;;;;;;;;;;;;;;;;;;;;;;;;;;;;;;;;;;;;;;;;;;;;;;;
"Tajikistan";;;;;;;;;;;;;;;;;;;;;;;;;8932426517,37459;9451778163,38203;9611964254,74437;11329277471,7665;10991633413,4955;11340049343,1104;10892919509,89;7896875729,48178;6680692806,67625;5271098693,62723;4664903674,28404;3815980679,60367;4158338590,92273;4442742377,82694;4664531910,05987;5082386241,91969;5698380959,19363;6320452608,4651;7025610212,59374;8168486781,34992;9352812172,54875;8126803168,06072;10312458112,3876;12947867585,9922;13540208805,2012;14613651396,5776;16123735942,5018
"Tanzania";;;;;;;;;;;;;;;;;;;;;;;;;;;;12386807207,1749;13266292268,9028;14689386988,3908;15606499589,593;15974276212,3761;16557835855,9054;17239170100,0102;18448891552,9747;19901641709,967;20899787164,0223;22081691064,6768;23524169737,3291;25288921953,8202;27290622309,7671;29931465748,5354;32629985791,3364;36233577503,9004;39482170272,1895;43913101809,9976;48557153917,5347;53224822786,9617;57188281097,3104;62065634312,2542;67815346482,8861
"Thailand";;;;;;;;;;;;;;;;;;;;49932579204,0137;57390127451,7628;64176517041,3579;71018488200,861;77585859662,2138;83241704915,8035;89526034814,754;101185205838,181;118785277396,798;138722953367,622;160092189408,956;179307863926,941;196373172075,058;218953915861,473;243277421333,802;271678632288,266;291065517676,014;291432042820,764;262151814576,554;279934819214,093;303164591574,9;313411353433,934;332489864204,774;361291017572,764;393451207195,152;423602541846,421;463457801940,273;502975468628,228;527343830494,292;518726116197,759;563297599995,617;583284776461,76
"Timor-Leste";;;;;;;;;;;;;;;;;;;;;;;;;;;;;;;;;;;;;;;744604138,092388;883764193,691107;783261753,122804;831188200,726292;860025734,22299;1284580237,93015;1803106002,28644;2817030919,80643;4140965964,59936;6442195492,79372;4894065596,07048;5949983044,61931;
"Togo";;;;;;;;;;;;;;;;;;;;1467480513,16168;1536916101,67779;1566538426,19079;1526152978,06295;1676206231,79363;1833748280,80652;1921418681,39877;1990121484,33517;2204968165,78771;2395346949,7855;2506890299,16441;2572674883,9844;2529957969,97819;2183740090,6016;2480736168,01309;2790727479,7297;3142252949,53706;3658597504,9147;3641472234,42416;3749186044,91201;3808344454,91112;3832733594,85072;3887967999,44033;4169493771,53802;4362841825,81791;4563974888,05686;4899619967,9506;5184245921,24645;5464841857,56588;5693682252,64259;5958873871,80401;6355937563,8641
"Tokelau";;;;;;;;;;;;;;;;;;;;;;;;;;;;;;;;;;;;;;;;;;;;;;;;;;;
"Tonga";;;;;;;;;;;;;;;;;;;;;134632589,522955;147791101,115895;153194850,554892;162657412,589404;180739357,262763;190662664,903506;199493737,672313;207881452,099494;210847771,871393;211358420,762156;230659787,291153;234603992,627175;247900149,0192;275444275,272414;284653586,40277;291049276,009608;296560195,385958;314310685,283239;328459632,795438;340159996,77386;357171667,615054;382126057,979598;396560239,62723;413491446,777044;417584214,361717;439282453,050121;450332865,947912;471745128,188571;475463280,470956;474735960,970988;490611443,185265
"Transnistria";;;;;;;;;;;;;;;;;;;;;;;;;;;;;;;;;;;;;;;;;;;;;;;;;;;
"Trinidad and Tobago";;;;;;;;;;;;;;;;;;;;7483108076,23475;8750727084,24762;9870041920,3626;9243669539,2716;8806229989,4485;8643111814,42271;8498952899,384;8302353777,45048;8182507204,8886;8235079721,16293;8761851475,18277;9261856000,58414;9317404571,81921;9479643818,3756;9880899490,3089;10467248283,4967;11047126886,204;11856563310,7617;13093756457,4099;13837937055,1466;14711946076,5924;15933416433,9311;17626798327,3029;20445136358,973;23400299503,7142;25734085206,9902;29267732786,2344;31773036350,5397;33782415595,2452;32386037404,0121;32726816979,1672;33574784616,2452
"Tunisia";;;;;;;;;;;;;;;;;;;;11920950010,5686;13724170536,7348;14483598175,0306;15829704008,3364;17390341794,2902;18718469218,7788;18762904319,5012;20533969470,8423;21282840689,5252;22515639920,1185;25602152447,2299;27239237148,4822;29847825998,0663;30636898722,8132;32475197604,0019;34346627681,0664;37238998696,1418;40415725211,5754;43193404143,6676;46481797928,8688;49283918267,0001;53003543986,7696;54792657323,4573;59194647096,4872;64354027552,3147;68378135587,9579;74946334676,0026;81433534709,0955;86668352987,6803;90698958265,6087;94536479699,5775;97017434490,6957
"Turkey";;;;;;;;;;;;;;;;;;;;93757803282,5728;107119977290,403;117429943321,368;128052230832,32;141509986473,2;152324351562,569;166365789626,611;187650545702,943;197491374123,549;206741965857,654;235827353546,644;246200970529,417;267438750889,74;295676538902,692;282562737702,973;311090090824,631;341175089458,43;374305269041,971;529679835218,62;510409111820,478;580565121092,302;546610320325,477;560884724401,534;577074220645,344;678495890999,908;771720064770,714;883741159425,128;965420299613,095;1055657528435,18;1024508037019,83;1125259952690,75;1276554086217,66
"Turkmenistan";;;;;;;;;;;;;;;;;;;;;;;;;;;;;;;;;8765080836,7806;7606431536,00074;7025795667,99638;6668810509,85348;6194209148,78777;6559009584,04407;7636666228,25614;8708052522,22164;11082370196,9577;13072642297,5354;15861303820,3131;19061769133,7962;21037931225,652;24414841538,51;28144668132,2743;32960751786,1952;35064555744,44;37597972198,8915;42635182643,9112
"Turks and Caicos Islands";;;;;;;;;;;;;;;;;;;;;;;;;;;;;;;;;;;;;;;;;;;;;;;;;;;
"Tuvalu";;;;;;;;;;;;;;;;;;;;;;;;;;;;;;;;;;;;;;;;;;;;;;;;;;;
"Uganda";;;;;;;;;;;;;;;;;;;;;;4180379086,24453;4556674330,1149;4747103302,83153;4720458769,50036;4863735402,31996;5224155244,59498;5845569875,49641;6427097765,58207;7064031623,70876;7712655411,27064;8037160874,74117;9037292598,35339;9810548395,42931;11254931495,4861;12525047096,1536;13484409439,0077;14363939167,3898;15731936590,2319;16327257103,0306;17582193556,1069;19377378935,6303;21072142877,1936;23214135682,8243;25141199174,2912;28883287235,3009;32411610581,5327;36003086646,4737;39075156410,8358;41808304450,1135;45649976324,0225
"Ukraine";;;;;;;;;;;;;;;;;;;;;;;;;;;271725130997,15;288404143221,495;315917975792,409;309038856638,954;292084326654,37;263601129370,605;225688349009,679;180681980492,453;160761078161,117;147732674058,729;146063430032,702;144223029706,292;144949594272,012;156401116214,009;176928327274,443;189777501402,669;212571862825,934;244813644490,153;259999475973,837;286654856247,602;318638749811,027;335298689223,832;285142846893,538;302120854671,672;323779545786,979
"United Arab Emirates";;;;;;;;;;;;;;;;;;;;;;;;;;;;;;;;;;;;;;;;;202222836075,981;202353400344,364;222831604698,143;252325397496,338;276402723849,515;315235454291,632;338437055301,55;350379546112,848;348344653640,667;352976071822,617;380512914081,705
"United Kingdom";;;;;;;;;;;;;;;;;;;;465235568485,879;503118205413,708;543759305851,438;589880415525,495;629271562637,473;665438952384,941;711008827578,222;765476799285,435;833724652098,869;882009685716,597;918903040924,562;939986898035,694;970390269504,683;1011529514608,28;1085885726367,31;1136069234927,58;1210931430449,46;1304648661387,09;1376386769503,64;1416900320465,19;1532471112727,98;1639320019097,21;1739085883289,35;1801939750925,58;1928438657008,18;2004682335584,15;2133494818200,83;2209753532084,26;2251160608340;2160920267968,44;2231690920036,19;2251234140439,44
"United States";;;;;;;;;;;;;;;;;;;;2756400000000;3100200000000;3259500000000;3494200000000;3905200000000;4169000000000;4374900000000;4683800000000;5093600000000;5409400000000;5705000000000;5893300000000;6210600000000;6509700000000;6945800000000;7336500000000;7789600000000;8316300000000;8843600000000;9399900000000;10070500000000;10389100000000;10661400000000;11141300000000;11911300000000;12756500000000;13629200000000;14097100000000;14390900000000;13938400000000;14635600000000;15232385400000
"Uruguay";;;;;;;;;;;;;;;;;;;;10458710151,6204;11989625296,4151;11319889942,3881;10172302807,744;10224287825,6916;10701707438,9436;12220259766,3637;13709138279,99;14411440881,3163;15064841848,3254;15799267760,8933;17140257212,5787;18996245837,1348;19964297243,4348;21806414373,3936;22049048253,5892;23736765664,8333;26418238103,185;27992324426,8446;28031469843,7539;28056502590,4344;27579711103,0204;26092861144,5159;25617283587,0868;27584857339,4717;31087124139,0111;33628361985,9317;36873341864,1177;40073945666,2812;41515739381,625;45528069293,3482;49641790143,9851
"USSR";;;;;;;;;;;;;;;;;;;;;;;;;;;;;;;;;;;;;;;;;;;;;;;;;;;
"Uzbekistan";;;;;;;;;;;;;;;;;;;;;;;;;;;;;;;;27645012259,0178;27584713749,3665;26675917682,8491;27044294737,7519;27898914415,6449;29715907354,4119;31592288136,5027;33329608405,5908;35127729011,7101;37354369077,2022;39600539598,4614;42283573524,5288;47168523166,7297;52270336944,7593;57690830880,6972;68071007218,7816;77288221040,5334;81708066541,9382;89862122606,7126;100948875059,205
"Wallis et Futuna";;;;;;;;;;;;;;;;;;;;;;;;;;;;;;;;;;;;;;;;;;;;;;;;;;;
"Vanuatu";;;;;;;;;;;;;;;;;;;;129053568,278078;144852084,757262;171913678,41175;213364430,252639;244125482,323676;282279374,403102;291783245,222322;254825896,020548;279245634,613441;315561638,122466;372572310,832777;353787946,643279;360769949,241166;401708672,804374;403985449,1808;445048028,301224;450537804,649592;476379450,176909;547559149,641912;564708926,125418;593176595,797363;605311592,232193;571102941,675346;602025725,470576;644745062,991883;690237942,263784;780906605,370081;850566378,928421;964161911,093874;980047590,865736;1030334200,30013;1104347898,39902
"Venezuela";;;;;;;;;;;;;;;;;;;;83643269622,1408;91395811989,5272;92359702373,2263;91744188050,4473;95573759463,5253;98509781205,0478;108535585481,358;114704193330,586;126311166796,877;116635591552,967;134315042439,029;153151499967,142;162783576497,626;166870208330,689;165553361286,171;177508997776,227;180419484360,164;194800497027,057;198440486856,587;191843143508,003;203835455083,048;214531710693,892;196034959798,252;184968802551,108;223861690980,368;259775482868,405;297446573800,801;338469972275,07;360699963449,932;349050869413,198;347226024615,76;369504184140,882
"West Bank and Gaza";;;;;;;;;;;;;;;;;;;;;;;;;;;;;;;;;;6087266813,82969;6722881374,1416;6919188046,60308;8020403778,295;9453885690,02916;10421679951,0756;9902537166,98205;8273675901,05552;7578708833,37918;8319839710,0847;8904044791,8314;9681426916,66267;;;;;;
"West Germany";;;;;;;;;;;;;;;;;;;;;;;;;;;;;;;;;;;;;;;;;;;;;;;;;;;
"Western Sahara";;;;;;;;;;;;;;;;;;;;;;;;;;;;;;;;;;;;;;;;;;;;;;;;;;;
"Vietnam";;;;;;;;;;;;;;;;;;;;;;;;;;;;;39784258247,5266;40396339433,4002;44749723425,3586;50645868259,1695;55705297391,7457;62687227444,9032;71301628995,9095;78950213649,6046;86809416521,3508;93094840837,7153;99482776817,498;108423177188,806;118640058499,519;128749154828,552;141138176245,655;155959181030,056;174514409530,01;194287901376,144;215237418925,39;233444064021,463;244733919045,819;265863835440,597;286641423341,536
"Virgin Islands (U.S.)";;;;;;;;;;;;;;;;;;;;;;;;;;;;;;;;;;;;;;;;;;;;;;;;;;;
"North Yemen (former)";;;;;;;;;;;;;;;;;;;;;;;;;;;;;;;;;;;;;;;;;;;;;;;;;;;
"South Yemen (former)";;;;;;;;;;;;;;;;;;;;;;;;;;;;;;;;;;;;;;;;;;;;;;;;;;;
"Yemen";;;;;;;;;;;;;;;;;;;;;;;;;;;;;;15540829126,9686;16620299164,4866;18550866952,6532;19806248264,247;21563380439,7804;22733699164,6115;23088729896,6593;24711020852,6297;27531909374,8928;27929296100,4322;30656508449,6934;32903656580,1484;34514396359,5946;36141076651,6641;38212982165,8242;41722358988,6246;45988765003,3221;49026574353,7825;51450333086,6847;55436508719,9798;59449370063,0719;54066290307,8781
"Yugoslavia";;;;;;;;;;;;;;;;;;;;;;;;;;;;;;;;;;;;;;;;;;;;;;;;;;;
"Zambia";;;;;;;;;;;;;;;;;;;;3909562224,23565;4767984535,5971;4749887396,15786;4765973670,1393;4787971323,07307;4921395035,73785;4688628863,15895;5152635511,45411;5945413361,07752;6162903599,76539;6483788930,04401;6493201015,75908;6622331380,66214;7397718860,52067;6951552481,01725;6919287833,39815;7585915593,57167;7977057598,12855;7899265292,19728;8338114344,84683;8862138354,15741;9535250194,14206;10059500762,5966;10884586028,4202;11426986579,1322;12173958655,705;12961175726,2283;13851244028,0774;15531880189,192;16502013356,9627;17751722454,7583;20091007628,4653
"Zimbabwe";;;;;;;;;;;;;;;;;;;;;;;;;;;;;;;;;;;;;;;;;;;;;;;;;;;
"land";;;;;;;;;;;;;;;;;;;;;;;;;;;;;;;;;;;;;;;;;;;;;;;;;;;
"South Sudan";;;;;;;;;;;;;;;;;;;;;;;;;;;;;;;;;;;;;;;;;;;;;;;;;;;
"Christian";;;;;;;;;;;;;;;;;;;;;;;;;;;;;;;;;;;;;;;;;;;;;;;;;;;
"Coastline";;;;;;;;;;;;;;;;;;;;;;;;;;;;;;;;;;;;;;;;;;;;;;;;;;;
"Curaao";;;;;;;;;;;;;;;;;;;;;;;;;;;;;;;;;;;;;;;;;;;;;;;;;;;
"Sint Maarten (Dutch part)";;;;;;;;;;;;;;;;;;;;;;;;;;;;;;;;;;;;;;;;;;;;;;;;;;;
"St. Martin (French part)";;;;;;;;;;;;;;;;;;;;;;;;;;;;;;;;;;;;;;;;;;;;;;;;;;;
"Antarctica";;;;;;;;;;;;;;;;;;;;;;;;;;;;;;;;;;;;;;;;;;;;;;;;;;;
"Virgin Islands, British";;;;;;;;;;;;;;;;;;;;;;;;;;;;;;;;;;;;;;;;;;;;;;;;;;;
"Hawaiian Trade Zone";;;;;;;;;;;;;;;;;;;;;;;;;;;;;;;;;;;;;;;;;;;;;;;;;;;
"U.S. Pacific Islands";;;;;;;;;;;;;;;;;;;;;;;;;;;;;;;;;;;;;;;;;;;;;;;;;;;
"Wake Island";;;;;;;;;;;;;;;;;;;;;;;;;;;;;;;;;;;;;;;;;;;;;;;;;;;
"Bonaire, Saint Eustatius and Saba";;;;;;;;;;;;;;;;;;;;;;;;;;;;;;;;;;;;;;;;;;;;;;;;;;;
"Sark";;;;;;;;;;;;;;;;;;;;;;;;;;;;;;;;;;;;;;;;;;;;;;;;;;;
