"Crude oil production, total (toe)";1965;1966;1967;1968;1969;1970;1971;1972;1973;1974;1975;1976;1977;1978;1979;1980;1981;1982;1983;1984;1985;1986;1987;1988;1989;1990;1991;1992;1993;1994;1995;1996;1997;1998;1999;2000;2001;2002;2003;2004;2005;2006;2007;2008;2009;2010;2011
"Abkhazia";;;;;;;;;;;;;;;;;;;;;;;;;;;;;;;;;;;;;;;;;;;;;;;
"Afghanistan";;;;;;;;;;;;;;;;;;;;;;;;;;;;;;;;;;;;;;;;;;;;;;;
"Akrotiri and Dhekelia";;;;;;;;;;;;;;;;;;;;;;;;;;;;;;;;;;;;;;;;;;;;;;;
"Albania";;;;;;;;;;;;;;;;;;;;;;;;;;;;;;;;;;;;;;;;;;;;;;;
"Algeria";26481000;33872000;39076000;42904000;44784000;48208000;37099000;50098000;50888000;47355000;45754000;50602000;54054000;57737000;57550000;51750000;46830000;46847000;45866000;49472000;49997000;51796000;52639000;53569000;54656000;57477000;57679999,9999999;56630000;56670000;56378000;56596000;59342000;60326000;61779000;63930000;66787000;65751000;70893999,9999999;79005000;83551000;86437670;86202000;86482000;85620176,3264181;77846911,8397909;75501136,0201511;74311461,4609571
"American Samoa";;;;;;;;;;;;;;;;;;;;;;;;;;;;;;;;;;;;;;;;;;;;;;;
"Andorra";;;;;;;;;;;;;;;;;;;;;;;;;;;;;;;;;;;;;;;;;;;;;;;
"Angola";655000;631000;537000;750000;2458000;5065000;5721000;7057000;8175000;8541000;7791000;7564000;7062000;6469000;7200000;7428000;7158000;6410000;8790000;10074000;11452000;13926000;17506000;22320000;22642000;23380000;24514000;27153000;24810000;27424000;31173000;35364000;36500000;36000000;36700000;36850000;36550000;44600000;42832728,7452766;54464208,0971659;69039863,2928475;69636345,9973009;82529385,1583445;93478517,6673245;89062415,6545209;91973211,8758434;85242442,6450742
"Anguilla";;;;;;;;;;;;;;;;;;;;;;;;;;;;;;;;;;;;;;;;;;;;;;;
"Antigua and Barbuda";;;;;;;;;;;;;;;;;;;;;;;;;;;;;;;;;;;;;;;;;;;;;;;
"Argentina";13764758,6206896;14643965,5172413;15962275,8620689;17487586,2068965;18106758,6206896;20000517,2413793;21570862,0689655;22218034,4827586;21601172,4137931;21144758,6206896;20260551,7241379;20414137,9310344;22061965,5172413;23209862,0689655;24278103,4482758;25267034,4827586;25736379,3103448;25571310,3448275;25667310,3448275;25141758,6206896;24158620,6896551;22868655,1724138;22572586,2068965;23719758,6206896;24229965,5172413;25436551,7241379;25882000;29040448,275862;31067827,5862069;34511000;37456931,0344827;40816000;43385586,2068965;44028068,9655172;41819206,8965517;40434724,137931;41537000;40901517,2413793;40243000;37788862,0689655;36242271,9332805;35767237,6030355;34943078,3122024;34123831,9513322;33776045,02689;32549586,7244194;30285118,2653465
"Armenia";;;;;;;;;;;;;;;;;;;;;;;;;;;;;;;;;;;;;;;;;;;;;;;
"Aruba";;;;;;;;;;;;;;;;;;;;;;;;;;;;;;;;;;;;;;;;;;;;;;;
"Australia";346205,96205962;445121,95121951;1038617,88617886;1934146,34146341;2225609,75609756;8704607,04607046;15255403,7005887;16280005,6069526;20394430,4270628;20178605,9714045;21621841,41669;22140930,7541351;23424755,8639379;23190853,6585365;23276296,6077936;21838752,4530417;21271030,7447902;20974282,7773105;20416771,7970283;26683010,9335576;30846030,2775441;27577607,2329688;29282304,9247733;27780309,7841323;26203237,7815157;30358272,1241005;28735248,3412765;28268874,1239136;26397488,3188487;28385512,1016727;26683730,7261003;28218767,5918138;30059238,8561816;28607817,2600691;27837636,9030931;37488809,2381327;34526994,2982236;34307550,0379746;29707666,7177477;25920027,9126502;25584379,1656777;23799354,1913692;24706645,665969;24356721,6877305;22575003,9439325;24627235,1877633;21046398,7882733
"Austria";;;;;;;;;;;;;;;;;;;;;;;;;;;;;;;;;;;;;;;;;;;;;;;
"Azerbaijan";0;0;0;0;0;0;0;0;0;0;0;0;0;0;0;0;0;0;0;0;13230000;13050000;13910000;13740000;13160000;12500000;11773700;11195700;10251300;9562800;9161700;9100400;9027000;11449000;13851000;14069000;14979000;15429000;15526000;15641000;22399600;32468100;42784100;44748499,9999999;50629100;50838200;45610500
"Bahamas";;;;;;;;;;;;;;;;;;;;;;;;;;;;;;;;;;;;;;;;;;;;;;;
"Bahrain";;;;;;;;;;;;;;;;;;;;;;;;;;;;;;;;;;;;;;;;;;;;;;;
"Bangladesh";;;;;;;;;;;;;;;;;;;;;;;;;;;;;;;;;;;;;;;;;;;;;;;
"Barbados";;;;;;;;;;;;;;;;;;;;;;;;;;;;;;;;;;;;;;;;;;;;;;;
"Belarus";;;;;;;;;;;;;;;;;;;;;;;;;;;;;;;;;;;;;;;;;;;;;;;
"Belgium";;;;;;;;;;;;;;;;;;;;;;;;;;;;;;;;;;;;;;;;;;;;;;;
"Belize";;;;;;;;;;;;;;;;;;;;;;;;;;;;;;;;;;;;;;;;;;;;;;;
"Benin";;;;;;;;;;;;;;;;;;;;;;;;;;;;;;;;;;;;;;;;;;;;;;;
"Bermuda";;;;;;;;;;;;;;;;;;;;;;;;;;;;;;;;;;;;;;;;;;;;;;;
"Bhutan";;;;;;;;;;;;;;;;;;;;;;;;;;;;;;;;;;;;;;;;;;;;;;;
"Bolivia";;;;;;;;;;;;;;;;;;;;;;;;;;;;;;;;;;;;;;;;;;;;;;;
"Bosnia and Herzegovina";;;;;;;;;;;;;;;;;;;;;;;;;;;;;;;;;;;;;;;;;;;;;;;
"Botswana";;;;;;;;;;;;;;;;;;;;;;;;;;;;;;;;;;;;;;;;;;;;;;;
"Brazil";5033297,31355253;6147396,15076183;7738965,91820369;8504936,0064154;9277483,36006415;8800012,4298316;9202844,22614274;9015266,80032077;9149791,90056135;9521158,17963112;9323862,06896552;9083418,5244587;8740286,48757017;8687234,16198877;9005548,11547715;9881383,64073777;11530472,9350441;14055397,754611;17837026,0625501;24917893,4242181;29422190,457097;30963912,9911788;30776495,5894145;30091187,4899759;32152650,9623095;34094000,2004811;33701047,1130713;34170429,1900561;34778455,6936647;36240694,8676824;37567003,0072173;42447811,2269446;45503265,0360866;52622155,3728949;59479369,6872494;66770624,4587008;70107762,8307939;78604374,4987971;81347918,8051323;80781086,8484362;89325722,5514119;94202443,0850437;95499749,331904;99242816,518551;106040479,852384;111706749,760702;114553898,17743
"British Virgin Islands";;;;;;;;;;;;;;;;;;;;;;;;;;;;;;;;;;;;;;;;;;;;;;;
"Brunei";3964974,11444142;4760614,44141689;5158434,60490463;6070114,98637602;6152985,01362398;6749715,25885559;6401622,61580381;9061940,59945504;11434147,1389645;9740228,88283379;9166771,11716621;10621479,5640327;11102961,852861;11736192,0980926;12740787,46594;11715291,0081743;8464220,70844687;8676358,3106267;8676358,3106267;8351082,83378747;8102900,54495913;7993400,54495913;7496125,34059946;7254080,10899183;7221032,69754768;7320487,73841962;7930445,50408719;8849720,4359673;8464220,70844687;8663130,79019074;8464220,70844687;8015300,27247956;7893945,50408719;7595580,38147139;8851995,91280654;9424749,31880109;9896273,84196185;10244366,4850136;10456504,0871934;10274533,1836127;10055538,3448437;10769212,8306092;9461267,61590804;8526874,07402935;8190949,14037957;8394330,42462691;8073609,84921871
"Bulgaria";;;;;;;;;;;;;;;;;;;;;;;;;;;;;;;;;;;;;;;;;;;;;;;
"Burkina Faso";;;;;;;;;;;;;;;;;;;;;;;;;;;;;;;;;;;;;;;;;;;;;;;
"Burundi";;;;;;;;;;;;;;;;;;;;;;;;;;;;;;;;;;;;;;;;;;;;;;;
"Cambodia";;;;;;;;;;;;;;;;;;;;;;;;;;;;;;;;;;;;;;;;;;;;;;;
"Cameroon";;;;;;;;;;;;;;;;;;;;;;;;;;;;;;;;;;;;;;;;;;;;;;;
"Canada";43874177,6660381;48212154,1514154;52701139,99088;57119336,1693767;62218043,3010751;70067889,1194929;75163773,186789;86713147,2853501;100314611,767575;94386547,7857137;81575800,3986795;75304625,8778941;75574321,4548031;75189874,9863651;86274567,4426698;83269484,9154236;75361602,8998351;74564140,1176172;78560493,0113362;83815669,4179121;85685227,4144918;85736020,9382032;90294386,2743724;95094967,5550948;92620480,9026277;92757850,3182828;93214508,2867213;97159778,2461028;102281144,872546;106692146,25622;111906322,764769;115453527,346727;120704141,79946;125087903,927526;120996749,265925;126951012,254636;126077512,961979;134995722,172045;142636369,399091;147570960,021827;144925244,888079;153351127,072279;158581876,426756;155900148,191845;156064379,212295;164368924,54067;172629141,459453
"Cape Verde";;;;;;;;;;;;;;;;;;;;;;;;;;;;;;;;;;;;;;;;;;;;;;;
"Cayman Islands";;;;;;;;;;;;;;;;;;;;;;;;;;;;;;;;;;;;;;;;;;;;;;;
"Central African Republic";;;;;;;;;;;;;;;;;;;;;;;;;;;;;;;;;;;;;;;;;;;;;;;
"Chad";;;;;;;;;;;;;;;;;;;;;;;;;;;;;;;;;;;;;;;1237410,07194245;8834532,37410072;9107913,66906475;8043165,4676259;7539568,34532374;6690647,48201439;6187050,35971223;6402877,69784173;5971223,02158273
"Channel Islands";;;;;;;;;;;;;;;;;;;;;;;;;;;;;;;;;;;;;;;;;;;;;;;
"Chile";;;;;;;;;;;;;;;;;;;;;;;;;;;;;;;;;;;;;;;;;;;;;;;
"China";11310000;14550000;13880000;15990000;21740000;30650000;39410000;45670000;53610000;64849999,9999999;77060000;87160000;93640000;104050000;106150000;105950000;101220000;102120000;106070000;114610000;124900000;130690000;134140000;137050000;137640000;138310000;140990000;142039999,999999;144030000;146080000;149020000;158520000;160130000;160180000;160220000;162620000;164830000;166866000;169585000;174051000;181352900;184765700;186318200;190439600;189490000;203014000;203645999,999999
"Christmas Island";;;;;;;;;;;;;;;;;;;;;;;;;;;;;;;;;;;;;;;;;;;;;;;
"Cocos Island";;;;;;;;;;;;;;;;;;;;;;;;;;;;;;;;;;;;;;;;;;;;;;;
"Colombia";10654545,6038214;10443867,3931432;10075180,5244563;9257762,11374832;11233910,6831865;11759925,1380803;11675790,0681693;10577425,4963427;9947956,31188735;9073777,95193312;8499447,35532667;7941781,13151217;7467260,33736379;7098573,46867692;6677217,04732049;6801138,49828333;7256582,12668557;7646473,03080062;8204634,07473753;9019320,31646514;9521372,89147634;16052397,4225008;20361039,2595909;19994312,1062845;21361760,7603124;23373465,2435686;22578194,9544708;23268770,9807433;24031738,3937901;24120907,9464596;31015584,8634124;33360582,2062994;34837703,5129621;40408859,954222;43705837,7369756;37080744,4693237;32576392,5710305;31206984,2016221;29258210,7528486;28667106,1650992;28634030,8993866;28838412,5615763;28956238,5725757;31996864,7857889;35825223,5719261;41896337,5690401;48711514,3367169
"Comoros";;;;;;;;;;;;;;;;;;;;;;;;;;;;;;;;;;;;;;;;;;;;;;;
"Congo, Dem. Rep.";;;;;;;;;;;;;;;;;;;;;;;;;;;;;;;;;;;;;;;;;;;;;;;
"Congo, Rep.";71000;62000;;;;;;336000;2091000;2455000;1789000;2100000;1639000;2430000;2762000;3168000;4101000;4553000;5365000;6025000;5937000;5951000;6317000;7038000;7962000;8029000;8054000;8638000;9538000;9562000;9267000;10359000;11586000;13599000;13726990,1129943;13138727,9661016;12051444,2090395;12292401,1440678;11180893,8418078;11552966,1016949;12634039,5480226;14330932,2033898;11544338,0508474;12238045,6920904;14233342,9802259;15084788,3615819;15229853,0508474
"Cook Is";;;;;;;;;;;;;;;;;;;;;;;;;;;;;;;;;;;;;;;;;;;;;;;
"Costa Rica";;;;;;;;;;;;;;;;;;;;;;;;;;;;;;;;;;;;;;;;;;;;;;;
"Cote d'Ivoire";;;;;;;;;;;;;;;;;;;;;;;;;;;;;;;;;;;;;;;;;;;;;;;
"Croatia";;;;;;;;;;;;;;;;;;;;;;;;;;;;;;;;;;;;;;;;;;;;;;;
"Cuba";;;;;;;;;;;;;;;;;;;;;;;;;;;;;;;;;;;;;;;;;;;;;;;
"Cyprus";;;;;;;;;;;;;;;;;;;;;;;;;;;;;;;;;;;;;;;;;;;;;;;
"Czech Republic";;;;;;;;;;;;;;;;;;;;;;;;;;;;;;;;;;;;;;;;;;;;;;;
"Czechoslovakia";;;;;;;;;;;;;;;;;;;;;;;;;;;;;;;;;;;;;;;;;;;;;;;
"Denmark";;;;;;;;97730,3070761;146194,92656876;97463,28437917;146194,92656876;195460,6141522;487316,42189586;389853,13751669;389853,13751669;293190,9212283;730974,63284379;1656875,83444593;2095460,6141522;2296662,21628838;2923898,53137517;3606141,52202937;4532042,72363151;4691054,73965287;5457943,92523365;5896528,70493992;6919893,19092123;7671829,10547397;8186915,88785047;9015353,80507343;9064085,44726302;10163951,9359145;11208277,7036048;11598130,8411215;14570761,0146862;17738050,7343124;16958611,4819759;18079439,2523364;17933244,3257676;19057409,8798397;18371829,1054739;16666221,6288384;15168000;14035000;12902931;12156576;10926986
"Djibouti";;;;;;;;;;;;;;;;;;;;;;;;;;;;;;;;;;;;;;;;;;;;;;;
"Dominica";;;;;;;;;;;;;;;;;;;;;;;;;;;;;;;;;;;;;;;;;;;;;;;
"Dominican Republic";;;;;;;;;;;;;;;;;;;;;;;;;;;;;;;;;;;;;;;;;;;;;;;
"East Germany";;;;;;;;;;;;;;;;;;;;;;;;;;;;;;;;;;;;;;;;;;;;;;;
"Ecuador";428781,2041116;375183,55359765;321585,9030837;268722,46696035;214390,6020558;214390,6020558;214390,6020558;4192070,4845815;11201908,9574155;9486784,14096916;8629221,73274596;10103964,7577092;9839835,56129424;10889656,4383006;11532828,244468;11026980,1002582;11372035,2929262;11372035,2929262;12819171,8568028;13943589,9741759;15223301,8633854;15866473,6695528;9388922,22391007;16501132,8877411;15240399,5138994;15522755,6331966;16304588,2576333;17455699,954428;18725815,9147298;20601733,6827181;20999049,3695883;20926899,2556585;21084112,5373436;20440940,7311762;20333745,4301483;21786811,1499316;22102467,8971087;21298503,1393994;22692042,0527621;28558617,3173325;28802174,2113524;28999393,0615727;27681344,137931;27414858,1396526;26340206,5167856;26341345,8266241;27066039,1702364
"Egypt";6478000;6257000;5581000;8577000;12295000;16404000;14952000;10720000;8479000;7453000;11734000;16610000;20900000;25190000;26140000;29780000;32152000;33314000;36430000;41836000;45067000;41135000;46249000;44234000;44521000;45499000;45418000;45985000;47527000;46497000;46588000;45080000;43792000;42962000;41361000;38800000;37345000;36960000;36760000;35390000;33900000;33650000;34110000;34640000;35260000;35030894;35151315
"El Salvador";;;;;;;;;;;;;;;;;;;;;;;;;;;;;;;;;;;;;;;;;;;;;;;
"Equatorial Guinea";;;;;;;;;;;;;;;;;;;;;;;;;;;;99321,57394844;247625,50881954;247625,50881954;346675,71234735;844233,37856174;2971506,10583446;4110583,44640434;4952510,17639077;4519131,614654;8765943,01221167;11407067,1641791;13180065,807327;17421153,0529172;17729986,4314789;16937832,4287652;17348593,6227951;17229561,7367707;15212625,5088195;13566361,6010854;12473849,3351424
"Eritrea";;;;;;;;;;;;;;;;;;;;;;;;;;;;;;;;;;;;;;;;;;;;;;;
"Eritrea and Ethiopia";;;;;;;;;;;;;;;;;;;;;;;;;;;;;;;;;;;;;;;;;;;;;;;
"Estonia";;;;;;;;;;;;;;;;;;;;;;;;;;;;;;;;;;;;;;;;;;;;;;;
"Ethiopia";;;;;;;;;;;;;;;;;;;;;;;;;;;;;;;;;;;;;;;;;;;;;;;
"Faeroe Islands";;;;;;;;;;;;;;;;;;;;;;;;;;;;;;;;;;;;;;;;;;;;;;;
"Falkland Is (Malvinas)";;;;;;;;;;;;;;;;;;;;;;;;;;;;;;;;;;;;;;;;;;;;;;;
"Fiji";;;;;;;;;;;;;;;;;;;;;;;;;;;;;;;;;;;;;;;;;;;;;;;
"Finland";;;;;;;;;;;;;;;;;;;;;;;;;;;;;;;;;;;;;;;;;;;;;;;
"France";;;;;;;;;;;;;;;;;;;;;;;;;;;;;;;;;;;;;;;;;;;;;;;
"French Guiana";;;;;;;;;;;;;;;;;;;;;;;;;;;;;;;;;;;;;;;;;;;;;;;
"French Polynesia";;;;;;;;;;;;;;;;;;;;;;;;;;;;;;;;;;;;;;;;;;;;;;;
"Gabon";1265000;1447000;3445000;4641000;5027000;5423000;5795000;6303000;7597000;10202000;11315000;11324000;11267000;10600000;9798000;8895000;7652000;7792000;7869000;8730000;8626000;8295000;7729000;8892000;10227000;13493000;14708000;14452000;15223000;16837000;17756000;18250000;18194000;16848000;16975000;16375000;15025000;14725000;12000000;11750000;11700000;11733926,1285909;11484268,1258549;11766073,871409;11484268,1258549;12482900,1367989;12233242,1340629
"Gambia";;;;;;;;;;;;;;;;;;;;;;;;;;;;;;;;;;;;;;;;;;;;;;;
"Georgia";;;;;;;;;;;;;;;;;;;;;;;;;;;;;;;;;;;;;;;;;;;;;;;
"Germany";;;;;;;;;;;;;;;;;;;;;;;;;;;;;;;;;;;;;;;;;;;;;;;
"Ghana";;;;;;;;;;;;;;;;;;;;;;;;;;;;;;;;;;;;;;;;;;;;;;;
"Gibraltar";;;;;;;;;;;;;;;;;;;;;;;;;;;;;;;;;;;;;;;;;;;;;;;
"Greece";;;;;;;;;;;;;;;;;;;;;;;;;;;;;;;;;;;;;;;;;;;;;;;
"Greenland";;;;;;;;;;;;;;;;;;;;;;;;;;;;;;;;;;;;;;;;;;;;;;;
"Grenada";;;;;;;;;;;;;;;;;;;;;;;;;;;;;;;;;;;;;;;;;;;;;;;
"Guadeloupe";;;;;;;;;;;;;;;;;;;;;;;;;;;;;;;;;;;;;;;;;;;;;;;
"Guam";;;;;;;;;;;;;;;;;;;;;;;;;;;;;;;;;;;;;;;;;;;;;;;
"Guatemala";;;;;;;;;;;;;;;;;;;;;;;;;;;;;;;;;;;;;;;;;;;;;;;
"Guernsey";;;;;;;;;;;;;;;;;;;;;;;;;;;;;;;;;;;;;;;;;;;;;;;
"Guinea";;;;;;;;;;;;;;;;;;;;;;;;;;;;;;;;;;;;;;;;;;;;;;;
"Guinea-Bissau";;;;;;;;;;;;;;;;;;;;;;;;;;;;;;;;;;;;;;;;;;;;;;;
"Guyana";;;;;;;;;;;;;;;;;;;;;;;;;;;;;;;;;;;;;;;;;;;;;;;
"Haiti";;;;;;;;;;;;;;;;;;;;;;;;;;;;;;;;;;;;;;;;;;;;;;;
"Holy See";;;;;;;;;;;;;;;;;;;;;;;;;;;;;;;;;;;;;;;;;;;;;;;
"Honduras";;;;;;;;;;;;;;;;;;;;;;;;;;;;;;;;;;;;;;;;;;;;;;;
"Hong Kong, China";;;;;;;;;;;;;;;;;;;;;;;;;;;;;;;;;;;;;;;;;;;;;;;
"Hungary";;;;;;;;;;;;;;;;;;;;;;;;;;;;;;;;;;;;;;;;;;;;;;;
"Iceland";;;;;;;;;;;;;;;;;;;;;;;;;;;;;;;;;;;;;;;;;;;;;;;
"India";3022000;4647000;5667000;5853000;6723000;6809000;7185000;7373000;7198000;7490000;8283000;8659000;10185000;11271000;12839000;9399000;14975000;19881000;25356000;28194000;30202000;31622000;30684000;32286000;34449000;34171000;32180000;29186000;27875000;32378000;36647000;34800000;35585000;34695000;34614000;34164000;34088000;35242000;35387000;36338000;34608000;35776000;36136000;36135000;35437000;38901500;40426200
"Indonesia";24535269,7095435;23929460,5809128;25746887,9668049;30322821,5767634;32410788,3817427;43113416,3208852;45031811,8948824;54722821,5767634;67547717,8423236;69415629,3222683;65932226,8326417;76126143,8450899;84936627,4781005;82104638,0820654;79544926,2332872;79035076,0719225;79962093,1304748;66583808,2065467;70683789,7648685;74892475,7952973;66339801,7519594;70369726,4749368;69824335,7816251;67289746,7448848;71630325,908968;74433524,8644695;81005547,1296163;76730357,180331;76851028,2427942;76940387,990652;76454562,7255528;76726289,9317975;75711138,0184734;74200520,4607239;68604196,1574537;71469985,1281696;67860826,2720147;63015183,8049792;57328486,8390963;55245908,8607653;53142737,7017058;48896665,9817104;47542043,0069617;48977212,4647302;47941704,7860765;48330672,5739972;45609812,2181235
"Iran";95662087,9120879;106892857,142857;130507554,945054;142780219,780219;169263736,263736;192586961,538461;228684626,373626;253710945,054945;295377082,417582;303197197,802197;269469890,10989;296966208,791208;285627884,615384;264820054,945054;160485164,835164;74158021,9780219;66159769,2307692;120092434,065934;122834439,560439;102518241,758241;110351098,901098;102699807,692307;116725659,340659;117383241,758241;143838538,461538;162788873,626373;174370879,120879;175678857,142857;184293956,043956;184984505,494505;185456505,494505;186641758,241758;186962664,835164;190787554,945054;178117390,10989;191140482,292762;189245440,967149;176875906,525512;197973681,083009;206853266,822063;205091416,491758;207886359,13092;209587072,490266;212975616,755143;203990515,66995;207100053,650285;205846701,755106
"Iraq";64675438,5964912;68566801,6194331;60488529,0148448;74237246,9635627;74921052,6315789;76300269,905533;83442645,074224;72409716,5991902;99402159,2442645;97277044,5344129;111703052,631578;119525400,809716;115992219,973009;126578380,566801;171649230,76923;131073117,408906;44504210,5263157;48504089,0688259;54354278,002699;60538502,0242915;69838894,736842;93189815,1147098;117256055,330634;136699246,963562;138967118,758434;105300904,183535;13942914,979757;26146566,8016194;22331991,902834;24794879,8920377;26026323,8866396;28566809,7165991;57144423,7516869;104185584,345479;128272628,879892;128820267,206477;123906914,979757;103974264,507422;66074851,5519568;100036937,651821;90034318,488529;98147317,8137651;105225352,496626;119490553,846153;119983726,045883;121446829,28475;136935587,044534
"Ireland";;;;;;;;;;;;;;;;;;;;;;;;;;;;;;;;;;;;;;;;;;;;;;;
"Isle of Man";;;;;;;;;;;;;;;;;;;;;;;;;;;;;;;;;;;;;;;;;;;;;;;
"Israel";;;;;;;;;;;;;;;;;;;;;;;;;;;;;;;;;;;;;;;;;;;;;;;
"Italy";2278000;1850000;1723000;1627000;1591000;1502000;1353000;1210000;1105000;1104000;1235000;1293000;1246000;1489000;1717000;1707000;1487000;1763000;2241000;2273000;2384000;2558000;3935000;4837000;4604000;4668000;4332000;4501000;4640000;4895000;5236000;5452000;5948000;5622000;5015000;4586000;4128000;5531000;5570000;5469000;6111000;5769000;5860500;5235900;4572270;5106190;5307050
"Jamaica";;;;;;;;;;;;;;;;;;;;;;;;;;;;;;;;;;;;;;;;;;;;;;;
"Japan";;;;;;;;;;;;;;;;;;;;;;;;;;;;;;;;;;;;;;;;;;;;;;;
"Jersey";;;;;;;;;;;;;;;;;;;;;;;;;;;;;;;;;;;;;;;;;;;;;;;
"Jordan";;;;;;;;;;;;;;;;;;;;;;;;;;;;;;;;;;;;;;;;;;;;;;;
"Kazakhstan";0;0;0;0;0;0;0;0;0;0;0;0;0;0;0;0;0;0;0;0;22660000;23290000;24060000;24960000;25400000;25800000;26600000;25800000;23000000;20312000;20633000;22961000;25779000;25945000;30131000;35317000;40091000;48152000;52412000;60606000;62614300;66109200;68387250;72049900;78214136;81646900;82372500
"Kenya";;;;;;;;;;;;;;;;;;;;;;;;;;;;;;;;;;;;;;;;;;;;;;;
"Kiribati";;;;;;;;;;;;;;;;;;;;;;;;;;;;;;;;;;;;;;;;;;;;;;;
"North Korea";;;;;;;;;;;;;;;;;;;;;;;;;;;;;;;;;;;;;;;;;;;;;;;
"South Korea";;;;;;;;;;;;;;;;;;;;;;;;;;;;;;;;;;;;;;;;;;;;;;;
"United Korea (former)";;;;;;;;;;;;;;;;;;;;;;;;;;;;;;;;;;;;;;;;;;;;;;;
"Kosovo";;;;;;;;;;;;;;;;;;;;;;;;;;;;;;;;;;;;;;;;;;;;;;;
"Kuwait";119011361,878977;125556470,314429;126392343,545169;133128194,015389;140907963,949843;151798933,599316;162549492,495487;167349232,259903;153800438,681485;129870429,134606;106349897,786643;109910832,60188;100779734,967227;108779691,032582;129619655,029923;86833619,9487033;58623916,5954213;42664290,7286026;55005548,5418447;60727083,6705614;55489493,3979291;59395312,3871948;52115009,9743516;63046220,5756625;68410687,5653082;46796789,7311674;9216983,32858364;53955534,3402678;96581974,9216301;103357202,906811;104888944,286121;105125898,033627;105114237,389569;110003267,977581;102556342,215256;110065896,984005;106853545,162083;99209037,3898071;115766810,552685;123403453,729338;130382983,627754;133808335,222968;129909549,46158;135813190,618112;120951368,848829;122689354,65668;140041283,708677
"Kyrgyz Republic";;;;;;;;;;;;;;;;;;;;;;;;;;;;;;;;;;;;;;;;;;;;;;;
"Lao";;;;;;;;;;;;;;;;;;;;;;;;;;;;;;;;;;;;;;;;;;;;;;;
"Latvia";;;;;;;;;;;;;;;;;;;;;;;;;;;;;;;;;;;;;;;;;;;;;;;
"Lebanon";;;;;;;;;;;;;;;;;;;;;;;;;;;;;;;;;;;;;;;;;;;;;;;
"Lesotho";;;;;;;;;;;;;;;;;;;;;;;;;;;;;;;;;;;;;;;;;;;;;;;
"Liberia";;;;;;;;;;;;;;;;;;;;;;;;;;;;;;;;;;;;;;;;;;;;;;;
"Libya";57981770,8333333;71669270,8333333;82362630,2083333;123858593,75;147710937,5;159544921,875;130684184,695512;106819651,442307;104632602,163461;73585667,0673077;71531810,8974359;93492031,25;99625550,8814102;95647986,7788461;101073998,397435;88287235,5769231;59115084,1346153;55393429,4871795;54329577,3237179;48243521,6346153;48391015,6249999;50194811,6987179;47295723,1570512;49712800,4807692;54885266,426282;67242037,2596153;67892778,4455128;69699098,5576923;66121885,0160256;67500140,2243589;67892778,4455128;68586141,826923;70090675,0801282;69592748,3974359;66978816,1057692;69545132,2115384;67073868,1891025;64602514,0224359;69830378,6057692;76548401,4423076;81913691,9070512;84909502,7043268;85030729,1666668;85276093,75;77083583,7339743;77443850,1804387;22431971,1538461
"Liechtenstein";;;;;;;;;;;;;;;;;;;;;;;;;;;;;;;;;;;;;;;;;;;;;;;
"Lithuania";;;;;;;;;;;;;;;;;;;;;;;;;;;;;;;;;;;;;;;;;;;;;;;
"Luxembourg";;;;;;;;;;;;;;;;;;;;;;;;;;;;;;;;;;;;;;;;;;;;;;;
"Macao, China";;;;;;;;;;;;;;;;;;;;;;;;;;;;;;;;;;;;;;;;;;;;;;;
"Macedonia, FYR";;;;;;;;;;;;;;;;;;;;;;;;;;;;;;;;;;;;;;;;;;;;;;;
"Madagascar";;;;;;;;;;;;;;;;;;;;;;;;;;;;;;;;;;;;;;;;;;;;;;;
"Malawi";;;;;;;;;;;;;;;;;;;;;;;;;;;;;;;;;;;;;;;;;;;;;;;
"Malaysia";;;;191623,03664921;429973,82198953;859947,64397906;3296465,96858639;4455235,60209424;4347513,08900524;3869764,39790576;4681937,17277487;8000261,78010471;8742801,04712042;10319371,7277486;13472513,0890052;13221989,5287958;12373691,0994764;14523560,209424;18393324,6073298;21365968,5863874;21259816,7539267;23887434,5549738;23600785,3403141;25724328,0977312;27973353,6940081;29549924,3746364;30770413,0308318;31264150,08726;30576553,2286212;31113755,0901687;33323077,3705642;33793787,0855148;33497614,8923792;34023138,4525887;32413231,5299592;32001260,034904;31189982,547993;32610488,6561954;34420413,0308318;35505193,7172774;32634494,4735311;30925968,5863874;31677763,8161721;32051642,2338569;30589955,2065154;29825316,4630599;26586311,2274578
"Maldives";;;;;;;;;;;;;;;;;;;;;;;;;;;;;;;;;;;;;;;;;;;;;;;
"Mali";;;;;;;;;;;;;;;;;;;;;;;;;;;;;;;;;;;;;;;;;;;;;;;
"Malta";;;;;;;;;;;;;;;;;;;;;;;;;;;;;;;;;;;;;;;;;;;;;;;
"Marshall Islands";;;;;;;;;;;;;;;;;;;;;;;;;;;;;;;;;;;;;;;;;;;;;;;
"Martinique";;;;;;;;;;;;;;;;;;;;;;;;;;;;;;;;;;;;;;;;;;;;;;;
"Mauritania";;;;;;;;;;;;;;;;;;;;;;;;;;;;;;;;;;;;;;;;;;;;;;;
"Mauritius";;;;;;;;;;;;;;;;;;;;;;;;;;;;;;;;;;;;;;;;;;;;;;;
"Mayotte";;;;;;;;;;;;;;;;;;;;;;;;;;;;;;;;;;;;;;;;;;;;;;;
"Mexico";18053894,0574338;18489541,8904268;20463760,9358848;21900665,6077452;22965008,9504071;24179006,8829891;24107319,1639563;25097617,4268209;25859389,1031944;32416192,6732723;40154693,2909764;44773750,8509189;54365702,2918084;66692308,9529284;80659911,0001764;107187902,57923;127995339,485162;151013078,94007;147124549,328089;148311250,283639;145853863,802536;136881763,860524;143035220,482565;142690908,403297;143065220,734689;145168698,845561;152817296,101922;153031688,593403;153276788,072188;154172974,466011;150213314,682818;162359682,254214;169619477,104338;173474183,143289;165492191,352348;171414331,452196;176835725,779724;178613656,160902;188956614,970599;190860518,130067;187277909,596968;183275494,451902;172930845,95479;157649291,935817;147440072,292479;146279803,306445;145112628,32898
"Micronesia, Fed. Sts.";;;;;;;;;;;;;;;;;;;;;;;;;;;;;;;;;;;;;;;;;;;;;;;
"Moldova";;;;;;;;;;;;;;;;;;;;;;;;;;;;;;;;;;;;;;;;;;;;;;;
"Monaco";;;;;;;;;;;;;;;;;;;;;;;;;;;;;;;;;;;;;;;;;;;;;;;
"Mongolia";;;;;;;;;;;;;;;;;;;;;;;;;;;;;;;;;;;;;;;;;;;;;;;
"Montenegro";;;;;;;;;;;;;;;;;;;;;;;;;;;;;;;;;;;;;;;;;;;;;;;
"Montserrat";;;;;;;;;;;;;;;;;;;;;;;;;;;;;;;;;;;;;;;;;;;;;;;
"Morocco";;;;;;;;;;;;;;;;;;;;;;;;;;;;;;;;;;;;;;;;;;;;;;;
"Mozambique";;;;;;;;;;;;;;;;;;;;;;;;;;;;;;;;;;;;;;;;;;;;;;;
"Myanmar";;;;;;;;;;;;;;;;;;;;;;;;;;;;;;;;;;;;;;;;;;;;;;;
"Namibia";;;;;;;;;;;;;;;;;;;;;;;;;;;;;;;;;;;;;;;;;;;;;;;
"Nauru";;;;;;;;;;;;;;;;;;;;;;;;;;;;;;;;;;;;;;;;;;;;;;;
"Nepal";;;;;;;;;;;;;;;;;;;;;;;;;;;;;;;;;;;;;;;;;;;;;;;
"Netherlands";;;;;;;;;;;;;;;;;;;;;;;;;;;;;;;;;;;;;;;;;;;;;;;
"Netherlands Antilles";;;;;;;;;;;;;;;;;;;;;;;;;;;;;;;;;;;;;;;;;;;;;;;
"New Caledonia";;;;;;;;;;;;;;;;;;;;;;;;;;;;;;;;;;;;;;;;;;;;;;;
"New Zealand";;;;;;;;;;;;;;;;;;;;;;;;;;;;;;;;;;;;;;;;;;;;;;;
"Ngorno-Karabakh";;;;;;;;;;;;;;;;;;;;;;;;;;;;;;;;;;;;;;;;;;;;;;;
"Nicaragua";;;;;;;;;;;;;;;;;;;;;;;;;;;;;;;;;;;;;;;;;;;;;;;
"Niger";;;;;;;;;;;;;;;;;;;;;;;;;;;;;;;;;;;;;;;;;;;;;;;
"Nigeria";13496626,1808367;20589743,5897435;15713225,3711201;6964372,46963563;26599190,2834008;53395411,6059379;75413630,2294197;89795951,417004;101273954,116059;111125506,072874;87925101,2145748;102292307,692307;103342780,02699;93441970,3103913;113588394,062078;101699595,1417;70931174,0890688;63542510,1214574;60882591,0931174;68557085,0202429;73837381,9163292;72261133,6032388;66384682,8609986;73455195,6815114;86910391,3630229;91589878,5425101;95936054,8807917;99118825,9109311;98714356,7251462;97088850,6522717;97494570,4003598;105004955,465587;113202049,032838;106010580,296896;100783182,636077;105385443,994601;110793837,156995;102283738,191632;110312917,228969;120702618,08367;124220681,51147;119732021,979307;114102693,432298;105303074,237516;101535899,707377;117238578,497525;117441147,098515
"Niue";;;;;;;;;;;;;;;;;;;;;;;;;;;;;;;;;;;;;;;;;;;;;;;
"Norfolk Island";;;;;;;;;;;;;;;;;;;;;;;;;;;;;;;;;;;;;;;;;;;;;;;
"Northern Cyprus";;;;;;;;;;;;;;;;;;;;;;;;;;;;;;;;;;;;;;;;;;;;;;;
"Northern Mariana Islands";;;;;;;;;;;;;;;;;;;;;;;;;;;;;;;;;;;;;;;;;;;;;;;
"Norway";;;;;;;292780,7486631;1614705,88235294;1561497,32620321;1707887,70053476;9222593,5828877;13651604,2780748;14004679,144385;17371657,7540107;19499519,8533959;25049630,3612354;24292340,7090108;25231516,2883335;31397641,5111499;35954766,7248717;39210821,1011677;43034049,7107934;50115277,4291534;56979542,1259412;74909089,8177452;82143051,4933245;93842244,8979591;106900702,553748;114128342,473352;128582961,229946;138399687,284004;154664268,416457;156227930,308487;149600210,675179;149673701,298701;160184988,104332;162026605,733202;157314379,2517;152997479,810105;149883494,79319;138218902,566323;128711508,407016;118577705,471158;114192111,730768;108796147,793621;98561905,8710913;93445648,6856185
"Oman";;;2822930,80054274;11968249,6607869;16194708,2767978;16442333,7856173;14560379,9185888;14004341,9267299;14510854,8168249;14362279,5115332;16888059,7014925;18225508,8195386;16838534,5997286;15550881,953867;14609905,0203527;14117106,16198;16307164,4130445;16703365,2271557;19328195,6206428;20753542,5536892;24789362,7473915;27859919,0567538;29012402,3300425;30929337,4818696;32060245,4030786;34239349,8806905;35315496,1867777;37037614,2796986;38786906,9620549;40452700,8375052;42807192,4858466;44364635,2875122;44909959,9962569;44711859,5892013;45009010,1997847;46360379,6850287;46138842,2332943;43387430,9874233;39618596,4748959;38086535,8149412;37440644,7367215;35743992,8643545;34505626,1157231;35947422,6848051;38658653,4398329;40957773,2412623;42124087,8337388
"Pakistan";;;;;;;;;;;;;;;;;;;;;;;;;;;;;;;;;;;;;;;;;;;;;;;
"Palau";;;;;;;;;;;;;;;;;;;;;;;;;;;;;;;;;;;;;;;;;;;;;;;
"Panama";;;;;;;;;;;;;;;;;;;;;;;;;;;;;;;;;;;;;;;;;;;;;;;
"Papua New Guinea";;;;;;;;;;;;;;;;;;;;;;;;;;;;;;;;;;;;;;;;;;;;;;;
"Paraguay";;;;;;;;;;;;;;;;;;;;;;;;;;;;;;;;;;;;;;;;;;;;;;;
"Peru";3394165,08805683;3394165,08805683;3811904,71609689;3979429,83572591;3864122,16960189;3864122,16960189;3305447,63455182;3471585,20053278;3775404,71609689;4088709,43712693;3796156,65236052;4015999,1416309;4788288,26895565;7921335,47925608;10062251,0729613;10246900,4291845;10114468,5264663;10218903,4334763;8929184,54935622;9670934,7639485;9853381,25894134;9331206,72389127;8600162,37482117;7419432,61802575;6824768,95565093;6772551,50214592;6041507,15307582;6110419,74248927;6615899,1416309;6668116,59513591;6407029,32761087;6319861,80257511;6229625,03083222;6005037,76330719;5514328,74549849;5147152,37531449;5028654,21044842;5028654,21044842;4715349,48941838;4665715,49504218;5178525,67707563;5357600,51452814;5290512,14959795;5507797,19234374;6648295,38256383;7191917,83620453;6988584,19179414
"Philippines";;;;;;;;;;;;;;;;;;;;;;;;;;;;;;;;;;;;;;;;;;;;;;;
"Pitcairn";;;;;;;;;;;;;;;;;;;;;;;;;;;;;;;;;;;;;;;;;;;;;;;
"Poland";;;;;;;;;;;;;;;;;;;;;;;;;;;;;;;;;;;;;;;;;;;;;;;
"Portugal";;;;;;;;;;;;;;;;;;;;;;;;;;;;;;;;;;;;;;;;;;;;;;;
"Puerto Rico";;;;;;;;;;;;;;;;;;;;;;;;;;;;;;;;;;;;;;;;;;;;;;;
"Qatar";11605327,4382172;14494207,2297048;16137880,2145167;16981209,3175584;17731744,9270615;18080402,8329307;21417557,0748215;24073361,4443034;28390715,1922053;25800685,0343199;21766214,9806907;24323085,1107381;21666598,4361567;24107203,777241;25202985,7671156;23672969,3781471;20696350,2681459;16876113,3035848;15348632,0465059;17147038,3182543;15317823,7742388;17271538,1203859;15271207,2297048;17647209,3175584;19690143,4614702;21122158,5404129;20403034,4564075;23600622,1803741;21813226,1841405;21348335,1892032;21831226,1841405;27104029,844025;33272959,8508245;33551687,968653;34278195,56924;36120546,1354521;35689636,345028;35241005,3682141;40777432,9145791;46044011,9764647;47286283,7147018;50908077,1163033;53605081,2492065;60843481,1207138;57867668,2649287;65685482,3743794;71052716,1588387
"Reunion";;;;;;;;;;;;;;;;;;;;;;;;;;;;;;;;;;;;;;;;;;;;;;;
"Romania";12821000;13075000;13456000;13535000;13546000;13677000;14093000;14428000;14637000;14836000;14980000;15090000;15040000;14114000;12713000;12001000;12134000;12232000;12083000;11943000;11248000;10655000;10034000;9839000;9623000;8136000;7008000;6827000;6929000;6974000;6951000;6852000;6750000;6553000;6379000;6287000;6238000;6072000;5890000;5705000;5437000;4996000;4745000;4719000;4498000;4287000;4222000
"Russia";0;0;0;0;0;0;0;0;0;0;0;0;0;0;0;0;0;0;0;0;542306000;561182000;569481000;568779000;552226000;515890999,999999;461944000;398810000;354875000;317578000;310748999,999999;302872999,999999;307419999,999999;304340000;304768000;323279999,999999;348090000;379600000;421364000;458805000;469986233;480528520,666;491306254;488486748,98;494247000;505130000;511420000
"Rwanda";;;;;;;;;;;;;;;;;;;;;;;;;;;;;;;;;;;;;;;;;;;;;;;
"St. Barthélemy";;;;;;;;;;;;;;;;;;;;;;;;;;;;;;;;;;;;;;;;;;;;;;;
"St. Helena";;;;;;;;;;;;;;;;;;;;;;;;;;;;;;;;;;;;;;;;;;;;;;;
"St. Kitts and Nevis";;;;;;;;;;;;;;;;;;;;;;;;;;;;;;;;;;;;;;;;;;;;;;;
"St. Lucia";;;;;;;;;;;;;;;;;;;;;;;;;;;;;;;;;;;;;;;;;;;;;;;
"St. Martin";;;;;;;;;;;;;;;;;;;;;;;;;;;;;;;;;;;;;;;;;;;;;;;
"St. Vincent and the Grenadines";;;;;;;;;;;;;;;;;;;;;;;;;;;;;;;;;;;;;;;;;;;;;;;
"St.-Pierre-et-Miquelon";;;;;;;;;;;;;;;;;;;;;;;;;;;;;;;;;;;;;;;;;;;;;;;
"Samoa";;;;;;;;;;;;;;;;;;;;;;;;;;;;;;;;;;;;;;;;;;;;;;;
"San Marino";;;;;;;;;;;;;;;;;;;;;;;;;;;;;;;;;;;;;;;;;;;;;;;
"Sao Tome and Principe";;;;;;;;;;;;;;;;;;;;;;;;;;;;;;;;;;;;;;;;;;;;;;;
"Saudi Arabia";111009134,615384;130828434,065934;141287087,912087;154227774,725274;162740865,384615;192166483,516483;240799725,274725;304217390,10989;384004567,307692;429662156,593406;359316929,945054;437251854,395604;468400789,835164;424435336,538461;487979429,945054;509828447,802197;506347252,747252;340184237,41581;240258921,038638;219032787,575327;172074663,239985;252590092,165898;221071077,410492;276518773,484579;271147951,745834;342618600,451967;428355835,696561;442394553,349875;432785148,218716;437249718,628146;437209159,929348;445364098,091648;453195010,427072;454409641,012083;422378905,778566;455041363,598618;439375576,38055;424120046,41489;483801797,022479;504305419,65733;524870924,333077;512439215,936691;492372043,610493;513480863,881909;462737292,612956;466553595,112439;525800320,671707
"Senegal";;;;;;;;;;;;;;;;;;;;;;;;;;;;;;;;;;;;;;;;;;;;;;;
"Serbia";;;;;;;;;;;;;;;;;;;;;;;;;;;;;;;;;;;;;;;;;;;;;;;
"Serbia and Montenegro";;;;;;;;;;;;;;;;;;;;;;;;;;;;;;;;;;;;;;;;;;;;;;;
"Serbia excluding Kosovo";;;;;;;;;;;;;;;;;;;;;;;;;;;;;;;;;;;;;;;;;;;;;;;
"Seychelles";;;;;;;;;;;;;;;;;;;;;;;;;;;;;;;;;;;;;;;;;;;;;;;
"Sierra Leone";;;;;;;;;;;;;;;;;;;;;;;;;;;;;;;;;;;;;;;;;;;;;;;
"Singapore";;;;;;;;;;;;;;;;;;;;;;;;;;;;;;;;;;;;;;;;;;;;;;;
"Slovak Republic";;;;;;;;;;;;;;;;;;;;;;;;;;;;;;;;;;;;;;;;;;;;;;;
"Slovenia";;;;;;;;;;;;;;;;;;;;;;;;;;;;;;;;;;;;;;;;;;;;;;;
"Solomon Islands";;;;;;;;;;;;;;;;;;;;;;;;;;;;;;;;;;;;;;;;;;;;;;;
"Somalia";;;;;;;;;;;;;;;;;;;;;;;;;;;;;;;;;;;;;;;;;;;;;;;
"Somaliland";;;;;;;;;;;;;;;;;;;;;;;;;;;;;;;;;;;;;;;;;;;;;;;
"South Africa";;;;;;;;;;;;;;;;;;;;;;;;;;;;;;;;;;;;;;;;;;;;;;;
"South Ossetia";;;;;;;;;;;;;;;;;;;;;;;;;;;;;;;;;;;;;;;;;;;;;;;
"Spain";;;;;;;;;;;;;;;;;;;;;;;;;;;;;;;;;;;;;;;;;;;;;;;
"Sri Lanka";;;;;;;;;;;;;;;;;;;;;;;;;;;;;;;;;;;;;;;;;;;;;;;
"Sudan";;;;;;;;;;;;;;;;;;;;;;;;;;;;;98515,51956815;98515,51956815;98515,51956815;246963,56275304;443319,83805668;591093,11740891;3103238,86639676;8594331,98380567;10688933,8731444;11871120,1079622;13053306,34278;14867206,4777327;15023616,734143;16304318,488529;23052631,5789473;23708502,0242915;23397435,8974358;22904858,2995951;22313765,1821862
"Suriname";;;;;;;;;;;;;;;;;;;;;;;;;;;;;;;;;;;;;;;;;;;;;;;
"Svalbard";;;;;;;;;;;;;;;;;;;;;;;;;;;;;;;;;;;;;;;;;;;;;;;
"Swaziland";;;;;;;;;;;;;;;;;;;;;;;;;;;;;;;;;;;;;;;;;;;;;;;
"Sweden";;;;;;;;;;;;;;;;;;;;;;;;;;;;;;;;;;;;;;;;;;;;;;;
"Switzerland";;;;;;;;;;;;;;;;;;;;;;;;;;;;;;;;;;;;;;;;;;;;;;;
"Syria";;;;1048567,53069577;2639154,16098226;4232605,72987722;5278308,32196453;5842019,09959072;5527285,12960437;6423601,63710778;9560709,41336971;10036289,2223738;9112551,15961801;8913369,71350614;8315825,37517053;7889222,37380627;8166439,29058663;7718281,03683492;8017053,20600273;8088949,52251023;7932462,48294679;9979072,30559345;11482933,1514324;13371787,175989;16935627,5579809;20225121,4188267;23469819,9181446;25635143,2469304;28127993,1787176;27985607,0941336;29612058,6630286;29193368,3492496;28666946,7939972;28618151,4324693;28751537,5170532;27335824,010914;28906718,963165;27220154,1609822;26225197,8171896;24663457,0259208;22357519,3957708;21626770,0424703;20632172,4733326;19841210,0996561;19936700,9897258;19140543,250554;16516495,4731128
"Taiwan";;;;;;;;;;;;;;;;;;;;;;;;;;;;;;;;;;;;;;;;;;;;;;;
"Tajikistan";;;;;;;;;;;;;;;;;;;;;;;;;;;;;;;;;;;;;;;;;;;;;;;
"Tanzania";;;;;;;;;;;;;;;;;;;;;;;;;;;;;;;;;;;;;;;;;;;;;;;
"Thailand";;;;;;;;;;;;;;;;;66961,49400376;241350,38289265;584986,20141598;1061997,294276;2010137,73488772;2044214,83813565;1893167,94614408;2164767,11491342;2106731,25339356;2533801,24943916;2961307,21978874;3573190,60260534;3711483,44907566;3738731,98047133;3554451,13886798;4087848,8870942;4846945,3446414;4996725,90183195;5446022,48792766;6985844,15705062;7524729,53600408;8154621,92343668;9590956,91712485;9079351,63502384;10837186,099552;11775441,5780728;12530026,3578363;13253895,1270863;13690466,9561001;13820037,5562319;13931031,436855
"Timor-Leste";;;;;;;;;;;;;;;;;;;;;;;;;;;;;;;;;;;;;;;;;;;;;;;
"Togo";;;;;;;;;;;;;;;;;;;;;;;;;;;;;;;;;;;;;;;;;;;;;;;
"Tokelau";;;;;;;;;;;;;;;;;;;;;;;;;;;;;;;;;;;;;;;;;;;;;;;
"Tonga";;;;;;;;;;;;;;;;;;;;;;;;;;;;;;;;;;;;;;;;;;;;;;;
"Transnistria";;;;;;;;;;;;;;;;;;;;;;;;;;;;;;;;;;;;;;;;;;;;;;;
"Trinidad and Tobago";6671459,79020979;7562911,62196013;8850564,26782173;9485210,31207598;7775440,97693351;6933514,24694708;6388738,1275441;7002170,96336499;8221166,89280868;9261194,02985075;10697421,981004;10528086,8385346;11341248,3039348;11390773,4056987;10598371,7774762;10528086,8385346;9360244,23337856;8765943,01221167;7924016,28222524;8442333,78561737;8635691,99457259;8297985,82843359;7613603,94994723;7444814,11126187;7343361,97798884;7374947,98733605;7244308,59977502;6948984,04829002;6452685,82785374;6763483,35536768;6735792,68575537;6675649,16675364;6437474,84894873;6396919,29339317;6644541,6275267;6470358,05239537;6257307,18493778;7213491,92267103;7551194,91412402;6993941,91629266;7917758,97609853;7990126,76897564;6939230,34956337;6629941,61416693;6585464,49769033;6290990,7363929;5879780,00674879
"Tunisia";;771000;2241000;3191000;3707000;4151000;4109000;3977000;3878000;4139000;4609000;3710000;4304000;4944000;5536000;5627000;5407000;5146000;5532000;5480000;5408000;5250000;5007000;4936000;4960000;4537000;5226000;5221000;4674000;4396000;4246000;4214000;3822000;4011000;3972000;3690000;3359000;3518000;3199000;3376000;3439000;3306000;4608000;4209775,546;3950356;3769555,116;3673905,29824
"Turkey";;;;;;;;;;;;;;;;;;;;;;;;;;;;;;;;;;;;;;;;;;;;;;;
"Turkmenistan";0;0;0;0;0;0;0;0;0;0;0;0;0;0;0;0;0;0;0;0;6780000;6560000;6470000;5720000;5750000;5700000;5400000;5200000;4382000;4192000;4070000;4355000;5368000;6369000;7063000;7160000;8019000;9010000;10004000;9599000;9499000;9200000;9800000;10300000,0025;10400000,0004;10691200,004;10691200,004
"Turks and Caicos Islands";;;;;;;;;;;;;;;;;;;;;;;;;;;;;;;;;;;;;;;;;;;;;;;
"Tuvalu";;;;;;;;;;;;;;;;;;;;;;;;;;;;;;;;;;;;;;;;;;;;;;;
"Uganda";;;;;;;;;;;;;;;;;;;;;;;;;;;;;;;;;;;;;;;;;;;;;;;
"Ukraine";;;;;;;;;;;;;;;;;;;;;;;;;;;;;;;;;;;;;;;;;;;;;;;
"United Arab Emirates";13656627,3052938;17433992,3046304;18499402,945469;24183096,722834;29008226,084649;36901950,3781345;53561098,580337;63128565,7423378;70510813,3209499;78985670,6912564;82133474,8573703;94061562,9560833;96758657,2906992;88574366,4588032;88671221,9716067;84296811,1929864;74072143,9615844;65081693,9636256;60842621,5286637;59936879,777712;58325989,349976;73407668,5786019;74576756,5267756;75713548,8257927;95004836,7795797;107600952,097855;124507943,312989;118424347,296924;114589491,776466;116251537,03269;112328888,764148;117778572,88658;122068013,250017;125246014,916157;120222859,85293;122082905,455425;117988679,885028;110173772,010951;124548270,010971;131735375,2125;137277707,986752;145470198,750267;140738377,371633;142890242,455169;126305650,703503;131419895,519284;150094161,686959
"United Kingdom";84000;78000;89000;84000;85000;156000;212000;333000;372000;410000;1568000;12169000;38265000;54006000;77854000;80467000;89480000;103219000;114960000;126065000;127611000;127068000;123351000;114459000;91709999,9999999;91604000;91260000;94251000;100189000;126542000;129894000;129741000;127883000;132633000;137420999,999999;126245000;116678000;115944000;106073000;95374000;84721128,6867127;76577836,6974664;76832237,7405308;71664000;68197999,9999999;62963000;52003000
"United States";427687072,160716;454526860,157674;484209081,964046;502893164,47138;511367956,875007;533497368,071569;525898904,369242;527893082,37453;514654627,002619;491396094,966738;469783497,929469;457997859,686824;462825587,656497;484183699,549674;477014533,557087;480212069,927199;478817962,91154;480746453,536804;482979180,600997;496139028,601093;498686312,161199;482322410,629127;467261384,901423;459077490,975383;429029255,454007;416601963,684216;422919364,594526;413025624,600079;397023176,665177;387520326,817901;383571730,9155;382081570,46445;379970380,543046;368137856,910019;352603158,314117;352598971,133298;349200945,321083;346849811,056514;338412670,07932;329172744,087215;313301001,460841;310227173,453742;309756188,653732;304945001,388402;328622274,801699;339915194,216397;352272827,254946
"Uruguay";;;;;;;;;;;;;;;;;;;;;;;;;;;;;;;;;;;;;;;;;;;;;;;
"USSR";;;;;;;;;;;;;;;;;;;;;;;;;;;;;;;;;;;;;;;;;;;;;;;
"Uzbekistan";0;0;0;0;0;0;0;0;0;0;0;0;0;0;0;0;0;0;0;0;2310000;2530000;2670000;2440000;2700000;2800000;2800000;3300000;4001000;5517000;7587000;7623000;7891000;8176000;8100000;7500000;7176000;7198000;7134000;6578000;5449000;5412000;4928000;4781000;4455000;3649308;3585000
"Wallis et Futuna";;;;;;;;;;;;;;;;;;;;;;;;;;;;;;;;;;;;;;;;;;;;;;;
"Vanuatu";;;;;;;;;;;;;;;;;;;;;;;;;;;;;;;;;;;;;;;;;;;;;;;
"Venezuela";184113961,846792;178785908,532671;187925042,469512;191762383,985732;190805530,873211;197238062,36673;189876556,086119;173812347,609878;181434538,140284;160650215,546021;127097796,478894;124812680,588258;121489917,378512;116975083,429179;127368233,078318;117346330,09395;113615355,93578;102595024,454754;97268925,2034306;97604290,9137902;91504040,2704367;98944937,0345002;100253500,469538;105195081,376565;105659697,427878;117797051,894737;131325414,80036;131589960,401132;136137358,432087;144479366,664082;155325093,640557;165178120,303433;174365963,923099;179581893,371757;160867175,792507;167267273,775216;161628206,051873;148782414,98559;131379067,723342;145200848,991354;154452327,089337;151166275,216138;152135576,368876;154056466,858789;149885619,596541;142537443,804034;139642583,573487
"West Bank and Gaza";;;;;;;;;;;;;;;;;;;;;;;;;;;;;;;;;;;;;;;;;;;;;;;
"West Germany";;;;;;;;;;;;;;;;;;;;;;;;;;;;;;;;;;;;;;;;;;;;;;;
"Western Sahara";;;;;;;;;;;;;;;;;;;;;;;;;;;;;;;;;;;;;;;;;;;;;;;
"Vietnam";;;;;;;;;;;;;;;;;;;;;;;280000;690000;1490000;2700000;3960000;5490000;6300000;7100000;7652000;8850000;10100000;12100000;14600000;16200000;17082000;17260000;17673000;20832000;19095000;17382871,4716;16397204,7136;15353910,1636;16856817,568;15526999,9;15860700
"Virgin Islands (U.S.)";;;;;;;;;;;;;;;;;;;;;;;;;;;;;;;;;;;;;;;;;;;;;;;
"North Yemen (former)";;;;;;;;;;;;;;;;;;;;;;;;;;;;;;;;;;;;;;;;;;;;;;;
"South Yemen (former)";;;;;;;;;;;;;;;;;;;;;;;;;;;;;;;;;;;;;;;;;;;;;;;
"Yemen";;;;;;;;;;;;;;;;;;;;;;478374,836173;1243774,5740498;8154652,68676278;8515072,08387942;8706422,01834862;9423984,27260813;8726401,04849279;9895171,69069463;16391231,9790301;16658419,3971166;16917148,0996068;17725169,0694626;18001031,4547837;19165293,5779816;21329317,1690694;21508655,3079947;21547817,8243774;21141955,4390563;19881323,7221494;19606016,1154923;17911537,9574445;16070010,436222;14865641,536653;14425563,1518438;14172848,3121741;10766452,6956851
"Yugoslavia";;;;;;;;;;;;;;;;;;;;;;;;;;;;;;;;;;;;;;;;;;;;;;;
"Zambia";;;;;;;;;;;;;;;;;;;;;;;;;;;;;;;;;;;;;;;;;;;;;;;
"Zimbabwe";;;;;;;;;;;;;;;;;;;;;;;;;;;;;;;;;;;;;;;;;;;;;;;
"Åland";;;;;;;;;;;;;;;;;;;;;;;;;;;;;;;;;;;;;;;;;;;;;;;
"South Sudan";;;;;;;;;;;;;;;;;;;;;;;;;;;;;;;;;;;;;;;;;;;;;;;
"Christian";;;;;;;;;;;;;;;;;;;;;;;;;;;;;;;;;;;;;;;;;;;;;;;
"Coastline";;;;;;;;;;;;;;;;;;;;;;;;;;;;;;;;;;;;;;;;;;;;;;;
"Curaçao";;;;;;;;;;;;;;;;;;;;;;;;;;;;;;;;;;;;;;;;;;;;;;;
"Sint Maarten (Dutch part)";;;;;;;;;;;;;;;;;;;;;;;;;;;;;;;;;;;;;;;;;;;;;;;
"St. Martin (French part)";;;;;;;;;;;;;;;;;;;;;;;;;;;;;;;;;;;;;;;;;;;;;;;
"Antarctica";;;;;;;;;;;;;;;;;;;;;;;;;;;;;;;;;;;;;;;;;;;;;;;
"Virgin Islands, British";;;;;;;;;;;;;;;;;;;;;;;;;;;;;;;;;;;;;;;;;;;;;;;
"Hawaiian Trade Zone";;;;;;;;;;;;;;;;;;;;;;;;;;;;;;;;;;;;;;;;;;;;;;;
"U.S. Pacific Islands";;;;;;;;;;;;;;;;;;;;;;;;;;;;;;;;;;;;;;;;;;;;;;;
"Wake Island";;;;;;;;;;;;;;;;;;;;;;;;;;;;;;;;;;;;;;;;;;;;;;;
"Bonaire";;;;;;;;;;;;;;;;;;;;;;;;;;;;;;;;;;;;;;;;;;;;;;;
"Sark";;;;;;;;;;;;;;;;;;;;;;;;;;;;;;;;;;;;;;;;;;;;;;;
"Chinese Taipei";;;;;;;;;;;;;;;;;;;;;;;;;;;;;;;;;;;;;;;;;;;;;;;
"Saint Eustatius";;;;;;;;;;;;;;;;;;;;;;;;;;;;;;;;;;;;;;;;;;;;;;;
"Saba";;;;;;;;;;;;;;;;;;;;;;;;;;;;;;;;;;;;;;;;;;;;;;;
